age_at_enrollment,inflation_rate,gdp,marital_status_decoded,application_mode_decoded,course_decoded,daytimeevening_attendance_decoded,previous_qualification_decoded,nationality_decoded,mothers_qualification_decoded,fathers_qualification_decoded,mothers_occupation_decoded,fathers_occupation_decoded,gender_decoded,displaced_decoded,educational_special_needs_decoded,tuition_fees_up_to_date_decoded,debtor_decoded,scholarship_holder_decoded,international_decoded,total_credited,total_enrolled,total_evaluations,total_approved,weighted_avg_grade,y
19,-0.3,0.79,Single,Other,Tourism,Daytime,Secondary education,Other,Secondary Education,Higher education,Intermediate Level Technicians and Professions,Intermediate Level Technicians and Professions,Male,Yes,No,No,No,No,No,0,12,12,12,13.83333333333335,0
19,1.4,1.74,Single,1st phase,Design and Multimedia,Daytime,Secondary education,Portuguese,Specialized course,Basic education or less,Unskilled Workers,Unskilled Workers,Male,Yes,No,No,No,No,No,0,12,0,0,0.0,1
20,-0.8,-3.12,Single,2nd phase,Journalism and Communication,Daytime,Secondary education,Angolan,Specialized course,Basic education or less,"Personal Services, Security and Safety Workers, and Sellers",Intermediate Level Technicians and Professions,Female,Yes,No,Yes,No,No,No,0,12,18,11,12.857142857142845,0
45,-0.3,0.79,Married,Over 23 years old,Social Service,Evening,Secondary education,Santomean,Specialized course,Basic education or less,Unskilled Workers,Unskilled Workers,Female,No,No,Yes,No,No,No,0,12,15,11,12.599999999999982,0
50,0.3,-0.92,Married,Over 23 years old,Management,Evening,Basic education 3rd cycle (9th/10th/11th year) or equivalent,Santomean,Specialized course,Basic education or less,Unskilled Workers,"Skilled Workers in Industry, Construction, and Craftsmen",Male,No,No,Yes,Yes,No,No,0,10,27,10,11.632275132275149,0
18,2.8,-4.06,Single,1st phase,Nursing,Daytime,Secondary education,Portuguese,Specialized course,Basic education or less,"Skilled Workers in Industry, Construction, and Craftsmen",Armed Forces Professions,Female,Yes,No,Yes,No,Yes,No,0,15,17,15,13.791764705882354,0
22,2.8,-4.06,Single,3rd phase,Tourism,Daytime,Secondary education,Cape Verdean,Specialized course,Basic education or less,Unskilled Workers,Unskilled Workers,Male,Yes,No,No,No,No,No,0,10,10,0,0.0,1
21,0.3,-0.92,Single,1st phase,Social Service,Daytime,Secondary education,Portuguese,Secondary Education,Secondary Education,Unskilled Workers,Unskilled Workers,Female,No,No,Yes,No,Yes,Yes,0,12,15,12,13.99999999999998,0
18,1.4,3.51,Single,1st phase,Social Service,Daytime,Secondary education,Portuguese,Secondary Education,Basic education or less,Administrative staff,"Skilled Workers in Industry, Construction, and Craftsmen",Female,Yes,No,No,Yes,No,No,0,12,23,7,12.678260869565218,1
18,-0.3,0.79,Single,1st phase,Advertising and Marketing Management,Daytime,Secondary education,Portuguese,Specialized course,Basic education or less,"Personal Services, Security and Safety Workers, and Sellers","Skilled Workers in Industry, Construction, and Craftsmen",Female,Yes,No,Yes,No,No,No,0,12,13,11,13.338461538461523,0
18,3.7,-1.7,Single,1st phase,Nursing,Daytime,Secondary education,Portuguese,Specialized course,Basic education or less,Unskilled Workers,Unskilled Workers,Female,Yes,No,Yes,No,Yes,No,0,16,16,14,13.2142857142857,0
19,3.7,-1.7,Single,1st phase,Other,Daytime,Secondary education,Portuguese,Specialized course,Basic education or less,Administrative staff,Unskilled Workers,Female,Yes,No,Yes,No,No,No,0,12,6,0,0.0,1
21,1.4,3.51,Single,Specialized diploma,Tourism,Daytime,Specialized course,Other,Secondary Education,Secondary Education,Administrative staff,"Skilled Workers in Industry, Construction, and Craftsmen",Female,Yes,No,Yes,No,Yes,No,0,12,15,11,10.800000000000013,0
18,1.4,1.74,Single,1st phase,Veterinary Nursing,Daytime,Secondary education,Portuguese,Specialized course,Basic education or less,"Personal Services, Security and Safety Workers, and Sellers","Personal Services, Security and Safety Workers, and Sellers",Female,Yes,No,Yes,No,Yes,No,0,10,12,9,12.729166666666666,0
20,2.8,-4.06,Single,1st phase,Journalism and Communication,Daytime,Secondary education,Portuguese,Specialized course,Basic education or less,Unskilled Workers,Intermediate Level Technicians and Professions,Female,Yes,No,Yes,No,No,No,0,12,13,5,6.092307692307691,1
18,2.8,-4.06,Single,2nd phase,Nursing,Daytime,Secondary education,Angolan,Specialized course,Secondary Education,"Personal Services, Security and Safety Workers, and Sellers",Administrative staff,Female,Yes,No,Yes,No,No,No,0,15,16,15,13.925625,0
20,1.4,1.74,Single,1st phase,Equiniculture,Daytime,Secondary education,Portuguese,Higher education,Basic education or less,Intermediate Level Technicians and Professions,"Personal Services, Security and Safety Workers, and Sellers",Female,Yes,No,Yes,No,No,No,0,10,16,8,12.375,0
18,3.7,-1.7,Single,1st phase,Nursing,Daytime,Secondary education,Portuguese,Specialized course,Basic education or less,Other,Other,Female,Yes,No,Yes,No,No,No,0,16,24,14,12.857142857142899,0
19,0.6,2.02,Single,1st phase,Advertising and Marketing Management,Daytime,Secondary education,Portuguese,Secondary Education,Basic education or less,Administrative staff,"Skilled Workers in Industry, Construction, and Craftsmen",Female,Yes,No,Yes,No,Yes,No,0,12,15,12,12.866666666666674,0
19,0.6,2.02,Single,1st phase,Nursing,Daytime,Secondary education,Portuguese,Specialized course,Basic education or less,Intermediate Level Technicians and Professions,"Skilled Workers in Industry, Construction, and Craftsmen",Female,No,No,Yes,No,No,No,0,15,17,13,13.729523809523819,0
21,0.3,-0.92,Single,2nd phase,Social Service,Daytime,Secondary education,Angolan,Specialized course,Basic education or less,"Skilled Workers in Industry, Construction, and Craftsmen",Installation and Machine Operators and Assembly Workers,Female,Yes,No,Yes,No,No,No,0,12,18,12,12.330357142857151,0
20,0.3,-0.92,Single,1st phase,Management,Daytime,Secondary education,Portuguese,Specialized course,Secondary Education,Unskilled Workers,Unskilled Workers,Female,Yes,No,Yes,No,No,No,0,10,12,10,12.16666666666665,0
20,1.4,3.51,Single,Change in institution/course,Design and Multimedia,Daytime,Secondary education,Other,Basic education or less,Higher education,Other,Other,Male,Yes,No,Yes,No,No,No,2,12,16,10,13.15208333333332,0
19,0.5,1.79,Single,3rd phase,Social Service,Evening,Secondary education,Cape Verdean,Specialized course,Secondary Education,Unskilled Workers,"Personal Services, Security and Safety Workers, and Sellers",Female,Yes,No,Yes,No,No,No,0,12,14,12,13.642857142857157,0
34,-0.3,0.79,Single,1st phase,Management,Evening,Secondary education,Portuguese,Higher education,Basic education or less,Intermediate Level Technicians and Professions,Unskilled Workers,Male,No,No,Yes,No,No,No,0,10,15,10,13.01714285714284,0
37,1.4,3.51,Single,Over 23 years old,Other,Daytime,Secondary education,Santomean,Specialized course,Basic education or less,Unskilled Workers,"Farmers and Skilled Workers in Agriculture, Fisheries, and Forestry",Male,No,No,No,Yes,No,No,0,14,14,1,5.0,1
43,2.6,0.32,Single,Over 23 years old,Informatics Engineering,Daytime,Other,Santomean,Some High School,Basic education or less,Other,Other,Male,Yes,No,Yes,No,No,No,0,10,0,0,0.0,1
55,0.3,-0.92,Single,Change in institution/course,Management,Daytime,Secondary education,Brazilian,Specialized course,Basic education or less,Other,"Farmers and Skilled Workers in Agriculture, Fisheries, and Forestry",Female,No,No,Yes,No,No,No,0,10,18,3,10.88888888888889,1
39,2.6,0.32,Other,Over 23 years old,Management,Evening,Secondary education,Santomean,Specialized course,Basic education or less,Unskilled Workers,Intermediate Level Technicians and Professions,Female,Yes,No,Yes,No,No,No,0,10,13,10,11.23076923076923,0
20,0.5,1.79,Single,Specialized diploma,Equiniculture,Daytime,Specialized course,Romanian,Higher education,Higher education,Intermediate Level Technicians and Professions,"Farmers and Skilled Workers in Agriculture, Fisheries, and Forestry",Female,No,No,No,Yes,No,Yes,3,12,24,6,11.819444444444462,1
18,3.7,-1.7,Single,1st phase,Journalism and Communication,Daytime,Secondary education,Portuguese,Higher education,Higher education,Specialists in Intellectual and Scientific Activities,Other,Female,No,No,Yes,Yes,No,No,0,11,11,4,6.954545454545454,1
22,1.4,3.51,Single,1st phase,Management,Daytime,Secondary education,Portuguese,Higher education,Basic education or less,Specialists in Intellectual and Scientific Activities,"Skilled Workers in Industry, Construction, and Craftsmen",Female,Yes,No,Yes,No,No,No,0,10,10,10,15.3,0
22,0.6,2.02,Single,1st phase,Nursing,Daytime,Secondary education,Portuguese,Secondary Education,Higher education,Specialists in Intellectual and Scientific Activities,Other,Female,Yes,Yes,Yes,No,No,No,0,15,18,12,14.135428571428552,0
20,0.5,1.79,Single,2nd phase,Journalism and Communication,Daytime,Secondary education,Angolan,Secondary Education,Basic education or less,"Personal Services, Security and Safety Workers, and Sellers","Personal Services, Security and Safety Workers, and Sellers",Female,No,No,No,No,No,No,0,12,14,9,13.400000000000002,1
29,0.3,-0.92,Single,Over 23 years old,Management,Evening,Secondary education,Santomean,Specialized course,Basic education or less,Unskilled Workers,Unskilled Workers,Female,No,No,Yes,No,No,No,0,10,0,0,0.0,1
18,0.6,2.02,Single,2nd phase,Social Service,Daytime,Secondary education,Angolan,Specialized course,Basic education or less,Unskilled Workers,Unskilled Workers,Female,Yes,No,Yes,No,No,No,0,12,14,11,12.542857142857157,0
22,0.6,2.02,Single,2nd phase,Nursing,Daytime,Secondary education,Angolan,Specialized course,Basic education or less,"Skilled Workers in Industry, Construction, and Craftsmen","Skilled Workers in Industry, Construction, and Craftsmen",Female,Yes,No,Yes,No,Yes,No,0,15,17,13,13.65154061624653,0
21,0.5,1.79,Single,Specialized diploma,Social Service,Evening,Specialized course,Romanian,Secondary Education,Basic education or less,Unskilled Workers,Unskilled Workers,Female,No,No,Yes,No,Yes,No,5,12,13,12,12.46153846153847,0
19,3.7,-1.7,Single,1st phase,Social Service,Daytime,Secondary education,Portuguese,Specialized course,Basic education or less,Unskilled Workers,Unskilled Workers,Female,No,No,Yes,No,Yes,No,0,12,14,11,12.5833333333333,0
24,0.5,1.79,Single,Over 23 years old,Tourism,Daytime,Secondary education,Santomean,Specialized course,Basic education or less,Unskilled Workers,"Skilled Workers in Industry, Construction, and Craftsmen",Female,No,No,Yes,No,Yes,No,0,12,12,12,13.9166666666667,0
19,2.6,0.32,Single,1st phase,Equiniculture,Daytime,Secondary education,Portuguese,Specialized course,Basic education or less,Other,Other,Female,No,No,Yes,No,No,No,0,10,12,10,15.166666666666657,0
27,-0.8,-3.12,Single,Over 23 years old,Management,Evening,Secondary education,Santomean,Specialized course,Basic education or less,Unskilled Workers,Unskilled Workers,Female,No,No,Yes,No,No,No,0,10,22,10,10.781818181818181,1
18,2.8,-4.06,Single,1st phase,Nursing,Daytime,Secondary education,Portuguese,Secondary Education,Basic education or less,"Personal Services, Security and Safety Workers, and Sellers","Personal Services, Security and Safety Workers, and Sellers",Female,Yes,No,Yes,No,No,No,0,15,19,15,13.33421052631577,0
39,0.5,1.79,Married,Holders of other higher courses,Tourism,Daytime,Higher education,Italian,Secondary Education,Higher education,Administrative staff,Intermediate Level Technicians and Professions,Female,No,No,Yes,No,No,No,0,12,16,0,0.0,1
27,0.5,1.79,Single,Over 23 years old,Equiniculture,Daytime,Higher education,Santomean,Higher education,Higher education,Specialists in Intellectual and Scientific Activities,Other,Female,Yes,No,Yes,No,No,No,5,17,22,15,12.940909090909093,1
18,-0.8,-3.12,Single,2nd phase,Nursing,Daytime,Secondary education,Angolan,Specialized course,Basic education or less,"Skilled Workers in Industry, Construction, and Craftsmen",Armed Forces Professions,Female,Yes,No,Yes,No,No,No,0,16,16,16,14.935,0
18,0.3,-0.92,Single,1st phase,Nursing,Daytime,Secondary education,Portuguese,Specialized course,Basic education or less,Unskilled Workers,Unskilled Workers,Female,No,No,Yes,No,No,No,0,15,20,13,12.58619047619048,0
21,-0.3,0.79,Single,Specialized diploma,Social Service,Daytime,Specialized course,Romanian,Specialized course,Secondary Education,Unskilled Workers,Unskilled Workers,Female,No,No,Yes,No,Yes,No,5,12,14,12,12.0,0
29,-0.3,0.79,Other,Change in institution/course,Nursing,Daytime,Basic education 3rd cycle (9th/10th/11th year) or equivalent,Other,Secondary Education,Secondary Education,"Personal Services, Security and Safety Workers, and Sellers","Personal Services, Security and Safety Workers, and Sellers",Male,Yes,No,Yes,No,No,No,3,15,20,10,11.45,1
23,1.4,3.51,Single,Specialized diploma,Agronomy,Daytime,Specialized course,Romanian,Specialized course,Basic education or less,Unskilled Workers,Unskilled Workers,Male,Yes,No,Yes,No,No,No,0,12,15,12,12.504761904761908,0
19,0.3,-0.92,Single,1st phase,Management,Daytime,Secondary education,Portuguese,Secondary Education,Basic education or less,"Skilled Workers in Industry, Construction, and Craftsmen","Skilled Workers in Industry, Construction, and Craftsmen",Male,No,No,Yes,Yes,No,No,0,10,18,9,10.95,1
24,-0.3,0.79,Single,2nd phase,Nursing,Daytime,Secondary education,Angolan,Specialized course,Basic education or less,Other,Administrative staff,Male,No,No,Yes,No,No,No,0,15,16,15,12.8625,0
18,0.5,1.79,Single,2nd phase,Tourism,Daytime,Secondary education,Angolan,Specialized course,Basic education or less,"Personal Services, Security and Safety Workers, and Sellers","Skilled Workers in Industry, Construction, and Craftsmen",Male,Yes,No,Yes,No,No,No,0,12,24,4,11.83333333333335,1
18,1.4,1.74,Single,1st phase,Journalism and Communication,Daytime,Secondary education,Portuguese,Specialized course,Basic education or less,Unskilled Workers,Unskilled Workers,Male,Yes,No,Yes,No,No,No,0,12,19,9,12.3333333333333,0
18,1.4,1.74,Single,2nd phase,Management,Daytime,Secondary education,Angolan,Specialized course,Basic education or less,Administrative staff,"Skilled Workers in Industry, Construction, and Craftsmen",Male,Yes,No,Yes,Yes,No,No,0,10,19,6,10.636591478696753,1
21,-0.8,-3.12,Single,3rd phase,Tourism,Daytime,Secondary education,Cape Verdean,Specialized course,Basic education or less,"Skilled Workers in Industry, Construction, and Craftsmen","Skilled Workers in Industry, Construction, and Craftsmen",Male,Yes,No,Yes,No,Yes,No,0,12,19,5,10.789473684210526,1
19,1.4,3.51,Single,2nd phase,Journalism and Communication,Daytime,Secondary education,Angolan,Secondary Education,Basic education or less,Unskilled Workers,Installation and Machine Operators and Assembly Workers,Male,Yes,No,Yes,Yes,Yes,No,0,12,12,12,13.5,0
22,0.3,-0.92,Single,2nd phase,Nursing,Daytime,Secondary education,Angolan,Specialized course,Basic education or less,Unskilled Workers,Unskilled Workers,Male,No,No,Yes,No,Yes,No,0,15,16,15,14.962500000000006,0
33,1.4,1.74,Married,Over 23 years old,Social Service,Evening,Secondary education,Santomean,Specialized course,Basic education or less,Unskilled Workers,"Farmers and Skilled Workers in Agriculture, Fisheries, and Forestry",Male,No,No,Yes,No,No,No,0,12,14,12,11.857142857142872,0
20,1.4,1.74,Single,1st phase,Other,Daytime,Secondary education,Portuguese,Specialized course,Basic education or less,Unskilled Workers,Unskilled Workers,Male,Yes,No,Yes,No,No,No,0,12,15,10,12.2,1
35,1.4,1.74,Single,Over 23 years old,Management,Evening,Higher education,Santomean,Higher education,Higher education,Specialists in Intellectual and Scientific Activities,Other,Male,Yes,No,Yes,No,No,No,0,6,1,0,0.0,1
24,0.5,1.79,Single,Over 23 years old,Agronomy,Daytime,Higher education,Santomean,Higher education,Higher education,Administrative staff,Other,Male,No,No,Yes,Yes,No,No,13,24,31,16,12.678494623655931,1
33,-0.8,-3.12,Married,Over 23 years old,Social Service,Evening,Secondary education,Santomean,Specialized course,Basic education or less,Unskilled Workers,"Farmers and Skilled Workers in Agriculture, Fisheries, and Forestry",Female,Yes,No,Yes,No,No,No,0,12,18,11,11.0,0
22,1.4,1.74,Single,Change in institution/course,Nursing,Daytime,Secondary education,Other,Specialized course,Basic education or less,Unskilled Workers,"Skilled Workers in Industry, Construction, and Craftsmen",Female,Yes,No,Yes,No,Yes,No,0,16,16,14,13.08,0
25,-0.8,-3.12,Single,Over 23 years old,Advertising and Marketing Management,Daytime,Secondary education,Santomean,Secondary Education,Basic education or less,Administrative staff,"Personal Services, Security and Safety Workers, and Sellers",Female,No,No,Yes,No,Yes,No,0,10,14,9,11.049999999999999,0
20,2.6,0.32,Single,2nd phase,Design and Multimedia,Daytime,Secondary education,Angolan,Specialized course,Basic education or less,Administrative staff,Other,Male,Yes,No,Yes,No,No,No,0,12,15,11,10.880000000000019,0
24,-0.3,0.79,Single,Over 23 years old,Nursing,Daytime,Secondary education,Santomean,Secondary Education,Secondary Education,Administrative staff,Armed Forces Professions,Male,No,No,Yes,No,No,No,0,14,25,0,0.0,1
21,1.4,3.51,Single,2nd phase,Journalism and Communication,Daytime,Secondary education,Angolan,Specialized course,Secondary Education,Unskilled Workers,Unskilled Workers,Female,Yes,No,No,No,No,Yes,0,12,12,12,13.75,0
26,1.4,3.51,Single,Other,Equiniculture,Daytime,Secondary education,Other,Secondary Education,Secondary Education,Administrative staff,Administrative staff,Female,No,No,Yes,No,No,Yes,0,12,13,2,6.461538461538462,1
39,2.6,0.32,Married,Over 23 years old,Other,Daytime,Other,Santomean,Specialized course,Unknown,Other,Other,Female,No,No,Yes,No,No,No,0,12,26,3,5.846153846153862,1
44,3.7,-1.7,Married,Over 23 years old,Social Service,Evening,Secondary education,Santomean,Specialized course,Basic education or less,Unskilled Workers,Unskilled Workers,Female,No,No,Yes,No,No,No,2,14,18,14,12.053240740740726,0
18,1.4,3.51,Single,1st phase,Journalism and Communication,Daytime,Secondary education,Portuguese,Specialized course,Secondary Education,"Personal Services, Security and Safety Workers, and Sellers","Personal Services, Security and Safety Workers, and Sellers",Female,Yes,No,Yes,No,No,No,0,12,12,12,13.5,0
18,0.5,1.79,Single,1st phase,Nursing,Daytime,Secondary education,Portuguese,Specialized course,Basic education or less,"Skilled Workers in Industry, Construction, and Craftsmen","Skilled Workers in Industry, Construction, and Craftsmen",Female,Yes,No,Yes,No,Yes,No,0,15,16,15,14.159375000000011,0
19,-0.3,0.79,Single,1st phase,Nursing,Daytime,Secondary education,Portuguese,Higher education,Higher education,Specialists in Intellectual and Scientific Activities,Other,Female,Yes,No,No,Yes,No,No,0,14,17,4,7.03529411764706,1
21,1.4,3.51,Single,Specialized diploma,Veterinary Nursing,Daytime,Specialized course,Other,Specialized course,Basic education or less,Unskilled Workers,Unskilled Workers,Female,No,No,Yes,No,No,No,11,19,26,13,13.157692307692308,1
36,-0.8,-3.12,Married,Over 23 years old,Social Service,Evening,Secondary education,Santomean,Specialized course,Basic education or less,Other,"Personal Services, Security and Safety Workers, and Sellers",Female,Yes,No,Yes,No,No,No,0,12,0,0,0.0,1
43,2.8,-4.06,Other,Over 23 years old,Agronomy,Daytime,Other,Santomean,Specialized course,Basic education or less,Unskilled Workers,"Farmers and Skilled Workers in Agriculture, Fisheries, and Forestry",Female,No,No,Yes,No,No,No,23,31,33,31,14.461538461538435,0
19,0.6,2.02,Single,3rd phase,Other,Daytime,Secondary education,Cape Verdean,Specialized course,Basic education or less,Unskilled Workers,"Skilled Workers in Industry, Construction, and Craftsmen",Female,Yes,No,Yes,No,No,No,0,12,0,0,0.0,1
20,0.6,2.02,Single,Change in institution/course,Design and Multimedia,Daytime,Secondary education,Other,Higher education,Secondary Education,Specialists in Intellectual and Scientific Activities,Installation and Machine Operators and Assembly Workers,Female,No,No,Yes,Yes,No,No,9,21,23,21,12.652173913043493,0
19,0.3,-0.92,Single,1st phase,Social Service,Daytime,Secondary education,Portuguese,Specialized course,Basic education or less,Administrative staff,"Skilled Workers in Industry, Construction, and Craftsmen",Female,Yes,No,Yes,No,No,No,0,12,0,0,0.0,1
20,2.8,-4.06,Single,1st phase,Veterinary Nursing,Daytime,Secondary education,Portuguese,Secondary Education,Secondary Education,Administrative staff,Administrative staff,Female,Yes,No,Yes,No,No,No,0,12,32,8,13.6953125,1
20,0.5,1.79,Single,1st phase,Nursing,Daytime,Secondary education,Portuguese,Higher education,Higher education,Administrative staff,Intermediate Level Technicians and Professions,Female,Yes,No,Yes,No,No,No,2,14,19,11,12.75789473684212,1
18,-0.3,0.79,Single,1st phase,Social Service,Daytime,Secondary education,Portuguese,Specialized course,Basic education or less,Other,"Skilled Workers in Industry, Construction, and Craftsmen",Female,Yes,No,Yes,No,No,No,0,12,14,12,14.346938775510228,0
19,1.4,1.74,Single,1st phase,Veterinary Nursing,Daytime,Secondary education,Portuguese,Specialized course,Basic education or less,Unskilled Workers,Unskilled Workers,Female,Yes,No,Yes,No,No,No,0,10,11,10,13.127272727272727,0
18,1.4,1.74,Single,1st phase,Journalism and Communication,Daytime,Secondary education,Portuguese,Secondary Education,Basic education or less,Administrative staff,"Skilled Workers in Industry, Construction, and Craftsmen",Female,Yes,No,Yes,No,No,No,0,12,13,12,12.615384615384645,0
18,2.6,0.32,Single,2nd phase,Nursing,Daytime,Secondary education,Angolan,Specialized course,Basic education or less,Unskilled Workers,Unskilled Workers,Female,Yes,No,Yes,No,No,No,0,14,14,12,12.5166666666667,1
18,-0.8,-3.12,Single,1st phase,Veterinary Nursing,Daytime,Secondary education,Portuguese,Specialized course,Basic education or less,Unskilled Workers,"Skilled Workers in Industry, Construction, and Craftsmen",Female,No,No,Yes,No,No,No,0,10,18,10,12.561904761904735,0
18,0.6,2.02,Single,1st phase,Management,Daytime,Secondary education,Portuguese,Higher education,Basic education or less,Administrative staff,"Personal Services, Security and Safety Workers, and Sellers",Female,No,No,Yes,No,No,No,0,10,10,10,13.3,0
21,-0.8,-3.12,Single,2nd phase,Tourism,Daytime,Secondary education,Angolan,Secondary Education,Secondary Education,Administrative staff,"Personal Services, Security and Safety Workers, and Sellers",Female,Yes,No,Yes,No,No,No,0,12,24,5,11.0,1
19,0.3,-0.92,Single,1st phase,Management,Daytime,Secondary education,Portuguese,Specialized course,Basic education or less,Unskilled Workers,"Skilled Workers in Industry, Construction, and Craftsmen",Female,Yes,No,Yes,No,No,No,0,10,17,9,11.038235294117648,0
19,-0.8,-3.12,Single,1st phase,Advertising and Marketing Management,Daytime,Secondary education,Portuguese,Specialized course,Basic education or less,Unskilled Workers,Unskilled Workers,Female,No,No,Yes,No,Yes,No,0,10,10,10,13.5,0
19,2.8,-4.06,Single,1st phase,Veterinary Nursing,Daytime,Secondary education,Portuguese,Specialized course,Basic education or less,Administrative staff,"Skilled Workers in Industry, Construction, and Craftsmen",Female,Yes,No,Yes,No,No,No,0,12,28,12,13.253571428571446,0
19,-0.3,0.79,Single,2nd phase,Oral Hygiene,Daytime,Secondary education,Angolan,Secondary Education,Secondary Education,Administrative staff,"Personal Services, Security and Safety Workers, and Sellers",Female,Yes,No,Yes,No,No,No,0,14,12,5,12.1,1
20,0.5,1.79,Single,Specialized diploma,Veterinary Nursing,Daytime,Specialized course,Romanian,Specialized course,Basic education or less,Unskilled Workers,Unskilled Workers,Female,Yes,No,Yes,No,No,No,2,12,24,11,13.891203703703729,0
18,0.5,1.79,Single,2nd phase,Social Service,Daytime,Secondary education,Angolan,Secondary Education,Specialized course,"Personal Services, Security and Safety Workers, and Sellers",Intermediate Level Technicians and Professions,Female,Yes,No,Yes,No,No,No,0,12,13,12,13.307692307692323,0
19,0.5,1.79,Single,2nd phase,Nursing,Daytime,Secondary education,Angolan,Secondary Education,Basic education or less,Other,Unskilled Workers,Female,Yes,No,Yes,No,No,No,0,15,16,15,14.335625000000013,0
18,-0.3,0.79,Single,1st phase,Nursing,Daytime,Secondary education,Portuguese,Specialized course,Basic education or less,"Personal Services, Security and Safety Workers, and Sellers",Installation and Machine Operators and Assembly Workers,Female,Yes,No,Yes,No,Yes,No,0,15,18,14,13.490178571428551,1
18,2.6,0.32,Single,2nd phase,Design and Multimedia,Daytime,Secondary education,Angolan,Specialized course,Basic education or less,Unskilled Workers,Unskilled Workers,Female,Yes,No,Yes,No,No,No,0,12,12,12,12.66666666666665,0
19,1.4,3.51,Single,1st phase,Management,Daytime,Secondary education,Portuguese,Secondary Education,Basic education or less,Administrative staff,Installation and Machine Operators and Assembly Workers,Female,Yes,No,Yes,No,No,No,0,10,12,10,13.316666666666668,0
19,-0.3,0.79,Single,2nd phase,Nursing,Daytime,Secondary education,Angolan,Secondary Education,Basic education or less,Intermediate Level Technicians and Professions,Intermediate Level Technicians and Professions,Female,Yes,No,Yes,No,No,No,0,14,15,5,7.466666666666667,1
20,2.6,0.32,Single,Change in institution/course,Social Service,Daytime,Secondary education,Brazilian,Specialized course,Basic education or less,Unskilled Workers,"Skilled Workers in Industry, Construction, and Craftsmen",Female,No,No,Yes,No,No,No,7,16,23,16,11.683229813664614,0
19,0.5,1.79,Single,1st phase,Advertising and Marketing Management,Daytime,Secondary education,Portuguese,Secondary Education,Basic education or less,Intermediate Level Technicians and Professions,Unskilled Workers,Female,No,No,No,Yes,Yes,No,0,12,16,9,12.28125,1
20,2.6,0.32,Single,2nd phase,Advertising and Marketing Management,Daytime,Secondary education,Angolan,Specialized course,Basic education or less,"Personal Services, Security and Safety Workers, and Sellers","Personal Services, Security and Safety Workers, and Sellers",Female,Yes,No,Yes,No,No,No,0,10,12,8,11.908333333333331,0
18,1.4,3.51,Single,1st phase,Journalism and Communication,Daytime,Secondary education,Portuguese,Secondary Education,Secondary Education,Other,Other,Female,No,No,Yes,Yes,Yes,No,0,12,12,12,14.8333333333333,0
18,-0.3,0.79,Single,3rd phase,Nursing,Daytime,Secondary education,Cape Verdean,Specialized course,Secondary Education,Administrative staff,Installation and Machine Operators and Assembly Workers,Female,No,No,Yes,No,No,No,0,15,16,15,17.35625,0
19,2.6,0.32,Single,1st phase,Nursing,Daytime,Secondary education,Portuguese,Specialized course,Basic education or less,Unskilled Workers,Unskilled Workers,Female,Yes,No,Yes,No,No,No,0,14,14,12,12.6666666666667,0
19,0.5,1.79,Single,1st phase,Journalism and Communication,Daytime,Secondary education,Portuguese,Specialized course,Secondary Education,Administrative staff,Administrative staff,Female,Yes,No,Yes,No,Yes,No,0,12,18,11,12.296296296296312,0
19,0.5,1.79,Single,1st phase,Social Service,Daytime,Secondary education,Portuguese,Secondary Education,Some High School,Unskilled Workers,Armed Forces Professions,Female,Yes,No,Yes,No,Yes,No,0,12,13,12,11.410256410256391,0
19,2.8,-4.06,Single,1st phase,Nursing,Daytime,Secondary education,Portuguese,Specialized course,Basic education or less,Unskilled Workers,"Skilled Workers in Industry, Construction, and Craftsmen",Female,Yes,No,Yes,No,Yes,No,0,15,21,15,12.93779761904762,0
19,-0.8,-3.12,Single,2nd phase,Other,Daytime,Secondary education,Angolan,Specialized course,Basic education or less,"Personal Services, Security and Safety Workers, and Sellers","Farmers and Skilled Workers in Agriculture, Fisheries, and Forestry",Female,Yes,No,Yes,No,Yes,No,0,12,19,10,11.43157894736842,0
19,2.6,0.32,Single,1st phase,Tourism,Daytime,Secondary education,Portuguese,Some High School,Basic education or less,Unskilled Workers,Unskilled Workers,Female,Yes,No,Yes,No,No,No,0,10,20,0,0.0,1
20,2.6,0.32,Single,2nd phase,Tourism,Daytime,Secondary education,Angolan,Secondary Education,Basic education or less,Unskilled Workers,Armed Forces Professions,Female,Yes,No,Yes,No,No,No,0,12,20,8,11.48000000000002,1
18,-0.3,0.79,Single,1st phase,Management,Daytime,Secondary education,Portuguese,Higher education,Basic education or less,Specialists in Intellectual and Scientific Activities,Armed Forces Professions,Female,No,No,Yes,No,No,No,0,10,19,10,13.750000000000014,0
20,0.6,2.02,Single,1st phase,Nursing,Daytime,Secondary education,Portuguese,Secondary Education,Basic education or less,Unskilled Workers,Unskilled Workers,Female,No,No,Yes,No,Yes,No,0,15,17,13,14.030224089635825,0
19,2.6,0.32,Single,1st phase,Veterinary Nursing,Daytime,Secondary education,Portuguese,Secondary Education,Basic education or less,Administrative staff,"Skilled Workers in Industry, Construction, and Craftsmen",Female,No,No,Yes,No,No,No,0,10,12,10,12.9,0
18,2.6,0.32,Single,1st phase,Other,Daytime,Secondary education,Portuguese,Specialized course,Basic education or less,Unskilled Workers,Unskilled Workers,Female,Yes,No,Yes,No,No,No,0,12,15,11,12.515555555555542,0
21,-0.8,-3.12,Single,Change in institution/course,Other,Daytime,Secondary education,Brazilian,Higher education,Basic education or less,Specialists in Intellectual and Scientific Activities,"Personal Services, Security and Safety Workers, and Sellers",Female,Yes,No,Yes,No,No,No,0,12,22,6,11.212121212121227,1
19,2.6,0.32,Single,1st phase,Other,Daytime,Secondary education,Portuguese,Specialized course,Basic education or less,Other,"Farmers and Skilled Workers in Agriculture, Fisheries, and Forestry",Female,No,No,Yes,No,No,No,0,12,18,10,11.722222222222221,1
18,0.5,1.79,Single,1st phase,Management,Daytime,Secondary education,Portuguese,Specialized course,Basic education or less,Unskilled Workers,Unskilled Workers,Female,No,No,Yes,No,Yes,No,0,10,10,10,11.2,0
18,3.7,-1.7,Single,2nd phase,Social Service,Daytime,Secondary education,Angolan,Secondary Education,Basic education or less,"Skilled Workers in Industry, Construction, and Craftsmen",Unskilled Workers,Female,Yes,No,Yes,No,Yes,No,0,12,15,12,12.066666666666686,0
20,-0.8,-3.12,Single,1st phase,Social Service,Daytime,Secondary education,Portuguese,Specialized course,Secondary Education,Unskilled Workers,Armed Forces Professions,Female,Yes,No,Yes,No,No,No,0,12,19,10,11.394736842105248,0
24,0.6,2.02,Single,Over 23 years old,Social Service,Evening,Secondary education,Santomean,Secondary Education,Basic education or less,Other,Installation and Machine Operators and Assembly Workers,Female,No,No,Yes,No,Yes,No,0,12,20,10,11.719999999999999,0
19,1.4,1.74,Single,1st phase,Advertising and Marketing Management,Daytime,Secondary education,Portuguese,Specialized course,Secondary Education,Administrative staff,Other,Female,No,No,Yes,No,No,No,0,12,15,12,13.06666666666668,1
18,2.8,-4.06,Single,1st phase,Nursing,Daytime,Secondary education,Portuguese,Specialized course,Basic education or less,Unskilled Workers,"Skilled Workers in Industry, Construction, and Craftsmen",Female,Yes,No,Yes,No,Yes,No,0,15,21,14,12.801587301587315,0
18,2.8,-4.06,Single,1st phase,Nursing,Daytime,Secondary education,Portuguese,Specialized course,Basic education or less,Unskilled Workers,Unskilled Workers,Female,Yes,No,Yes,No,No,No,0,15,16,15,15.136875,0
21,1.4,1.74,Single,2nd phase,Other,Daytime,Secondary education,Angolan,Some High School,Some High School,Administrative staff,Administrative staff,Female,Yes,No,Yes,No,No,No,0,12,23,7,11.282608695652174,1
19,2.6,0.32,Single,2nd phase,Advertising and Marketing Management,Daytime,Secondary education,Angolan,Secondary Education,Basic education or less,"Personal Services, Security and Safety Workers, and Sellers",Administrative staff,Female,No,No,Yes,No,No,No,0,10,10,10,14.2,0
19,2.8,-4.06,Single,2nd phase,Journalism and Communication,Daytime,Secondary education,Angolan,Specialized course,Basic education or less,"Skilled Workers in Industry, Construction, and Craftsmen","Skilled Workers in Industry, Construction, and Craftsmen",Female,No,No,Yes,No,Yes,No,0,12,13,12,12.76923076923077,0
19,-0.3,0.79,Single,2nd phase,Social Service,Daytime,Secondary education,Angolan,Specialized course,Basic education or less,"Skilled Workers in Industry, Construction, and Craftsmen",Installation and Machine Operators and Assembly Workers,Female,No,No,Yes,No,No,No,0,12,22,9,11.303030303030319,0
29,3.7,-1.7,Single,Over 23 years old,Nursing,Daytime,Higher education,Santomean,Higher education,Higher education,Other,Other,Female,No,No,Yes,No,No,No,2,16,16,14,14.2571428571429,0
21,0.3,-0.92,Single,Change in institution/course,Social Service,Daytime,Secondary education,Brazilian,Specialized course,Basic education or less,Administrative staff,Installation and Machine Operators and Assembly Workers,Female,Yes,No,Yes,No,No,No,0,12,25,5,11.679999999999984,1
20,2.8,-4.06,Single,2nd phase,Oral Hygiene,Daytime,Secondary education,Angolan,Specialized course,Basic education or less,Intermediate Level Technicians and Professions,Armed Forces Professions,Female,No,No,Yes,No,No,No,0,15,16,15,13.009821428571449,0
19,2.6,0.32,Single,2nd phase,Nursing,Daytime,Secondary education,Angolan,Higher education,Basic education or less,Administrative staff,"Personal Services, Security and Safety Workers, and Sellers",Female,Yes,No,Yes,No,No,No,0,14,14,12,11.6833333333333,0
26,-0.8,-3.12,Single,Change in institution/course,Social Service,Evening,Secondary education,Other,Specialized course,Higher education,Administrative staff,"Farmers and Skilled Workers in Agriculture, Fisheries, and Forestry",Female,No,No,Yes,No,No,No,0,12,18,8,11.814814814814833,0
20,0.6,2.02,Single,2nd phase,Tourism,Daytime,Secondary education,Angolan,Specialized course,Basic education or less,Unskilled Workers,Installation and Machine Operators and Assembly Workers,Female,Yes,No,No,Yes,No,No,0,12,14,10,12.357142857142872,1
27,2.6,0.32,Single,Over 23 years old,Other,Daytime,Secondary education,Santomean,Specialized course,Basic education or less,Unskilled Workers,"Personal Services, Security and Safety Workers, and Sellers",Female,No,No,Yes,No,No,No,0,12,19,10,12.56842105263158,0
20,2.6,0.32,Single,1st phase,Nursing,Daytime,Secondary education,Portuguese,Some High School,Unknown,Other,Other,Female,Yes,No,Yes,No,No,No,0,14,16,8,11.95,1
18,-0.8,-3.12,Single,1st phase,Other,Daytime,Secondary education,Portuguese,Specialized course,Basic education or less,Unskilled Workers,"Personal Services, Security and Safety Workers, and Sellers",Female,Yes,No,Yes,No,No,No,0,12,20,10,11.2,1
33,0.3,-0.92,Single,Holders of other higher courses,Nursing,Daytime,Higher education,Italian,Secondary Education,Secondary Education,Unskilled Workers,"Personal Services, Security and Safety Workers, and Sellers",Female,No,No,Yes,No,No,No,5,15,18,12,14.47962962962961,1
35,0.5,1.79,Single,Change in institution/course,Other,Daytime,Secondary education,Brazilian,Higher education,Secondary Education,Intermediate Level Technicians and Professions,Intermediate Level Technicians and Professions,Female,Yes,No,Yes,No,No,No,32,40,40,40,12.699999999999978,0
27,0.6,2.02,Single,Over 23 years old,Journalism and Communication,Daytime,Basic education 3rd cycle (9th/10th/11th year) or equivalent,Santomean,Specialized course,Basic education or less,Intermediate Level Technicians and Professions,Administrative staff,Female,No,No,No,Yes,No,No,0,12,12,5,6.0,1
19,2.8,-4.06,Single,3rd phase,Design and Multimedia,Daytime,Secondary education,Cape Verdean,Secondary Education,Basic education or less,"Personal Services, Security and Safety Workers, and Sellers","Personal Services, Security and Safety Workers, and Sellers",Female,Yes,No,No,No,No,No,0,12,12,6,6.08333333333335,1
20,0.6,2.02,Single,2nd phase,Tourism,Daytime,Secondary education,Angolan,Secondary Education,Basic education or less,Administrative staff,"Farmers and Skilled Workers in Agriculture, Fisheries, and Forestry",Female,No,No,Yes,No,No,No,0,12,0,0,0.0,1
20,1.4,1.74,Single,3rd phase,Management,Daytime,Secondary education,Cape Verdean,Higher education,Higher education,"Personal Services, Security and Safety Workers, and Sellers","Skilled Workers in Industry, Construction, and Craftsmen",Female,Yes,No,No,Yes,No,No,0,10,18,6,10.285714285714299,1
18,2.6,0.32,Single,2nd phase,Nursing,Daytime,Secondary education,Angolan,Specialized course,Secondary Education,Unskilled Workers,Administrative staff,Female,Yes,No,Yes,No,Yes,No,0,14,14,12,13.05,0
24,1.4,3.51,Single,Over 23 years old,Veterinary Nursing,Daytime,Secondary education,Santomean,Secondary Education,Basic education or less,Unskilled Workers,Unskilled Workers,Female,Yes,No,Yes,No,No,No,0,12,16,2,6.875,1
20,0.3,-0.92,Single,2nd phase,Design and Multimedia,Daytime,Secondary education,Angolan,Secondary Education,Higher education,Administrative staff,Other,Female,Yes,No,Yes,No,No,No,0,12,13,12,11.73076923076923,0
21,-0.3,0.79,Single,1st phase,Tourism,Daytime,Secondary education,Portuguese,Specialized course,Basic education or less,Unskilled Workers,Installation and Machine Operators and Assembly Workers,Female,No,No,Yes,No,Yes,No,0,12,13,12,12.23076923076923,0
24,2.6,0.32,Single,Over 23 years old,Management,Daytime,Secondary education,Santomean,Some High School,Higher education,Administrative staff,Intermediate Level Technicians and Professions,Female,Yes,No,Yes,No,No,No,0,10,10,0,0.0,1
21,0.5,1.79,Single,Change in institution/course,Other,Daytime,Secondary education,Other,Secondary Education,Secondary Education,Administrative staff,Armed Forces Professions,Female,No,No,Yes,No,No,No,0,12,0,0,0.0,1
18,3.7,-1.7,Single,1st phase,Nursing,Daytime,Secondary education,Portuguese,Specialized course,Basic education or less,Unskilled Workers,Installation and Machine Operators and Assembly Workers,Female,Yes,No,Yes,No,No,No,0,16,16,14,12.2428571428571,0
27,1.4,3.51,Single,Over 23 years old,Management,Evening,Higher education,Santomean,Specialized course,Secondary Education,Intermediate Level Technicians and Professions,Administrative staff,Female,Yes,No,Yes,No,No,No,0,10,0,0,0.0,1
18,-0.8,-3.12,Single,3rd phase,Nursing,Daytime,Secondary education,Cape Verdean,Specialized course,Basic education or less,"Personal Services, Security and Safety Workers, and Sellers","Personal Services, Security and Safety Workers, and Sellers",Female,Yes,No,Yes,No,No,No,0,16,16,16,12.93375,0
35,-0.3,0.79,Single,Holders of other higher courses,Informatics Engineering,Daytime,Higher education,Italian,Higher education,Higher education,Specialists in Intellectual and Scientific Activities,Other,Female,No,No,Yes,No,No,No,0,10,0,0,0.0,1
18,0.6,2.02,Single,1st phase,Other,Daytime,Secondary education,Portuguese,Specialized course,Basic education or less,Intermediate Level Technicians and Professions,Installation and Machine Operators and Assembly Workers,Female,No,No,Yes,No,No,No,0,14,17,14,13.445378151260506,0
19,1.4,1.74,Single,1st phase,Veterinary Nursing,Daytime,Secondary education,Portuguese,Secondary Education,Secondary Education,Administrative staff,"Skilled Workers in Industry, Construction, and Craftsmen",Female,Yes,No,Yes,No,No,No,0,10,22,8,14.094696969696951,0
20,2.6,0.32,Single,1st phase,Social Service,Daytime,Secondary education,Portuguese,Specialized course,Basic education or less,Administrative staff,Other,Female,Yes,No,Yes,No,No,No,0,12,14,12,11.238095238095243,0
18,1.4,1.74,Single,1st phase,Nursing,Daytime,Secondary education,Portuguese,Specialized course,Basic education or less,"Skilled Workers in Industry, Construction, and Craftsmen","Skilled Workers in Industry, Construction, and Craftsmen",Female,Yes,No,Yes,No,No,No,0,16,16,14,12.3242857142857,0
21,-0.3,0.79,Single,Specialized diploma,Social Service,Daytime,Specialized course,Romanian,Specialized course,Basic education or less,"Personal Services, Security and Safety Workers, and Sellers",Armed Forces Professions,Female,No,No,Yes,Yes,No,No,5,12,13,12,11.923076923076932,0
18,0.3,-0.92,Single,2nd phase,Social Service,Daytime,Secondary education,Angolan,Specialized course,Basic education or less,Unskilled Workers,Installation and Machine Operators and Assembly Workers,Female,No,No,Yes,No,Yes,No,0,12,22,9,11.19642857142855,0
18,2.6,0.32,Single,1st phase,Social Service,Daytime,Secondary education,Portuguese,Some High School,Unknown,Other,Other,Female,Yes,No,Yes,No,No,No,0,12,18,8,10.875,0
18,3.7,-1.7,Single,1st phase,Nursing,Daytime,Secondary education,Portuguese,Specialized course,Basic education or less,Unskilled Workers,Unskilled Workers,Female,Yes,No,Yes,No,No,No,0,16,16,14,12.9142857142857,0
18,0.3,-0.92,Single,1st phase,Journalism and Communication,Daytime,Secondary education,Portuguese,Higher education,Basic education or less,Other,Administrative staff,Female,Yes,No,Yes,No,Yes,No,0,12,12,12,14.0,0
19,-0.3,0.79,Single,1st phase,Veterinary Nursing,Daytime,Secondary education,Portuguese,Specialized course,Secondary Education,Other,"Skilled Workers in Industry, Construction, and Craftsmen",Female,Yes,No,Yes,No,No,No,0,12,17,11,13.615126050420187,0
36,0.3,-0.92,Single,Over 23 years old,Tourism,Daytime,Basic education 3rd cycle (9th/10th/11th year) or equivalent,Santomean,Higher education,Basic education or less,Specialists in Intellectual and Scientific Activities,Intermediate Level Technicians and Professions,Female,No,No,Yes,No,Yes,No,0,12,13,11,13.292307692307684,1
18,3.7,-1.7,Single,1st phase,Nursing,Daytime,Secondary education,Portuguese,Specialized course,Secondary Education,"Skilled Workers in Industry, Construction, and Craftsmen",Administrative staff,Female,Yes,No,Yes,No,Yes,No,0,16,16,14,12.6428571428571,0
18,2.6,0.32,Single,1st phase,Nursing,Daytime,Secondary education,Portuguese,Specialized course,Basic education or less,Unskilled Workers,Unskilled Workers,Female,No,No,Yes,No,Yes,No,0,14,14,12,12.9166666666667,0
20,-0.3,0.79,Single,Change in institution/course,Equiniculture,Daytime,Secondary education,Brazilian,Secondary Education,Higher education,Unskilled Workers,Other,Female,Yes,No,Yes,No,Yes,No,0,12,16,12,15.74107142857145,0
26,0.3,-0.92,Single,Over 23 years old,Management,Evening,Secondary education,Santomean,Specialized course,Basic education or less,Unskilled Workers,Unskilled Workers,Female,No,No,Yes,No,Yes,No,0,10,15,0,0.0,1
21,2.6,0.32,Single,Change in institution/course,Journalism and Communication,Daytime,Secondary education,Brazilian,Secondary Education,Secondary Education,Administrative staff,"Personal Services, Security and Safety Workers, and Sellers",Female,No,No,Yes,No,No,No,0,12,15,12,11.847619047619041,0
19,0.5,1.79,Single,3rd phase,Management,Daytime,Secondary education,Cape Verdean,Specialized course,Higher education,"Personal Services, Security and Safety Workers, and Sellers","Personal Services, Security and Safety Workers, and Sellers",Female,Yes,No,Yes,No,Yes,No,0,10,12,10,11.6,0
24,-0.8,-3.12,Single,Over 23 years old,Social Service,Evening,Secondary education,Santomean,Specialized course,Basic education or less,Other,"Skilled Workers in Industry, Construction, and Craftsmen",Female,Yes,No,Yes,No,No,No,0,12,17,1,6.470588235294118,1
27,1.4,3.51,Single,Over 23 years old,Social Service,Evening,Secondary education,Santomean,Secondary Education,Basic education or less,"Personal Services, Security and Safety Workers, and Sellers",Administrative staff,Female,No,No,Yes,No,Yes,No,0,12,29,1,5.517241379310345,1
21,2.6,0.32,Single,2nd phase,Veterinary Nursing,Daytime,Secondary education,Angolan,Specialized course,Basic education or less,Other,Intermediate Level Technicians and Professions,Female,No,No,Yes,No,No,No,0,10,19,2,6.394736842105263,1
18,-0.8,-3.12,Single,1st phase,Management,Daytime,Secondary education,Portuguese,Specialized course,Basic education or less,"Skilled Workers in Industry, Construction, and Craftsmen","Skilled Workers in Industry, Construction, and Craftsmen",Female,No,No,Yes,No,Yes,No,0,10,15,7,12.644444444444426,0
19,1.4,1.74,Married,1st phase,Other,Daytime,Secondary education,Portuguese,Specialized course,Basic education or less,"Personal Services, Security and Safety Workers, and Sellers","Skilled Workers in Industry, Construction, and Craftsmen",Female,No,Yes,Yes,No,Yes,No,0,12,12,12,13.91666666666665,0
18,-0.8,-3.12,Single,1st phase,Tourism,Daytime,Secondary education,Portuguese,Secondary Education,Secondary Education,Intermediate Level Technicians and Professions,Intermediate Level Technicians and Professions,Female,Yes,No,Yes,No,No,No,0,12,22,6,11.988636363636363,1
19,0.6,2.02,Single,Change in institution/course,Nursing,Daytime,Secondary education,Other,Specialized course,Secondary Education,"Personal Services, Security and Safety Workers, and Sellers",Unskilled Workers,Female,No,No,Yes,No,Yes,No,0,15,18,12,13.021428571428551,0
19,0.3,-0.92,Single,3rd phase,Nursing,Daytime,Secondary education,Cape Verdean,Secondary Education,Basic education or less,Administrative staff,"Personal Services, Security and Safety Workers, and Sellers",Female,Yes,No,Yes,No,Yes,No,0,15,17,13,14.361519607843153,0
33,0.6,2.02,Married,Holders of other higher courses,Management,Evening,Higher education,Italian,Basic education or less,Higher education,Intermediate Level Technicians and Professions,Intermediate Level Technicians and Professions,Female,No,No,Yes,No,No,No,2,11,12,11,15.527777777777757,0
45,0.5,1.79,Married,Holders of other higher courses,Management,Daytime,Higher education,Italian,Secondary Education,Higher education,Intermediate Level Technicians and Professions,Armed Forces Professions,Female,No,No,Yes,No,No,No,0,10,11,10,12.272727272727273,0
20,0.6,2.02,Single,1st phase,Social Service,Daytime,Secondary education,Portuguese,Secondary Education,Secondary Education,Unskilled Workers,Unskilled Workers,Female,No,No,Yes,No,Yes,No,0,12,13,12,12.461538461538483,0
28,2.6,0.32,Single,Over 23 years old,Advertising and Marketing Management,Daytime,Secondary education,Santomean,Some High School,Unknown,Other,Other,Female,Yes,No,Yes,No,No,No,0,10,10,0,0.0,1
19,3.7,-1.7,Single,Change in institution/course,Nursing,Daytime,Secondary education,Brazilian,Secondary Education,Secondary Education,"Personal Services, Security and Safety Workers, and Sellers",Installation and Machine Operators and Assembly Workers,Female,Yes,No,Yes,No,Yes,No,0,16,30,14,11.5714285714286,0
18,3.7,-1.7,Single,1st phase,Tourism,Daytime,Secondary education,Portuguese,Secondary Education,Basic education or less,Administrative staff,"Personal Services, Security and Safety Workers, and Sellers",Female,Yes,No,Yes,No,No,No,0,12,16,9,12.785714285714326,0
38,2.8,-4.06,Single,Over 23 years old,Tourism,Daytime,Higher education,Santomean,Specialized course,Basic education or less,Administrative staff,"Farmers and Skilled Workers in Agriculture, Fisheries, and Forestry",Female,No,No,Yes,No,No,No,0,12,0,0,0.0,1
19,-0.8,-3.12,Single,1st phase,Advertising and Marketing Management,Daytime,Secondary education,Portuguese,Secondary Education,Higher education,Administrative staff,Intermediate Level Technicians and Professions,Female,No,No,Yes,No,No,No,0,10,10,10,13.1,0
21,2.8,-4.06,Single,1st phase,Tourism,Daytime,Secondary education,Portuguese,Secondary Education,Basic education or less,Unskilled Workers,Unskilled Workers,Female,No,No,Yes,No,Yes,No,0,12,17,10,11.470588235294118,0
21,0.3,-0.92,Single,1st phase,Management,Daytime,Secondary education,Portuguese,Specialized course,Secondary Education,Unskilled Workers,Armed Forces Professions,Female,No,No,Yes,No,No,No,0,10,24,4,13.5,1
22,1.4,1.74,Single,1st phase,Social Service,Daytime,Secondary education,Portuguese,Specialized course,Basic education or less,Unskilled Workers,Unskilled Workers,Female,No,No,Yes,No,Yes,No,0,12,12,11,12.799999999999999,0
18,-0.8,-3.12,Single,1st phase,Other,Daytime,Secondary education,Portuguese,Specialized course,Basic education or less,"Personal Services, Security and Safety Workers, and Sellers","Skilled Workers in Industry, Construction, and Craftsmen",Female,No,No,Yes,No,Yes,No,0,12,15,11,13.291111111111126,0
18,2.8,-4.06,Single,2nd phase,Social Service,Daytime,Secondary education,Angolan,Specialized course,Basic education or less,Intermediate Level Technicians and Professions,Unskilled Workers,Female,No,Yes,Yes,No,Yes,No,0,12,18,12,11.45238095238095,0
25,-0.8,-3.12,Single,1st phase,Equiniculture,Daytime,Secondary education,Portuguese,Specialized course,Secondary Education,Unskilled Workers,Unskilled Workers,Female,Yes,No,No,No,No,No,0,10,24,8,13.8125,1
24,0.3,-0.92,Single,Over 23 years old,Veterinary Nursing,Daytime,Basic education 3rd cycle (9th/10th/11th year) or equivalent,Santomean,Specialized course,Basic education or less,Unskilled Workers,"Skilled Workers in Industry, Construction, and Craftsmen",Female,No,No,No,Yes,No,No,3,12,25,6,10.956666666666647,1
20,0.5,1.79,Single,1st phase,Management,Daytime,Secondary education,Portuguese,Specialized course,Basic education or less,"Personal Services, Security and Safety Workers, and Sellers","Personal Services, Security and Safety Workers, and Sellers",Female,Yes,No,Yes,No,Yes,No,0,10,10,10,12.6,0
25,1.4,1.74,Single,Over 23 years old,Management,Daytime,Secondary education,Santomean,Specialized course,Secondary Education,Unskilled Workers,Other,Female,No,No,No,No,No,No,0,10,14,0,0.0,1
20,1.4,3.51,Single,1st phase,Management,Daytime,Secondary education,Portuguese,Specialized course,Basic education or less,Unskilled Workers,Armed Forces Professions,Female,No,No,Yes,No,Yes,No,9,20,25,19,12.642545454545473,0
23,-0.8,-3.12,Single,Holders of other higher courses,Nursing,Daytime,Higher education,Italian,Specialized course,Basic education or less,"Personal Services, Security and Safety Workers, and Sellers",Intermediate Level Technicians and Professions,Female,No,No,Yes,No,No,No,0,16,16,16,13.22,0
19,1.4,1.74,Single,2nd phase,Nursing,Daytime,Secondary education,Angolan,Specialized course,Basic education or less,"Skilled Workers in Industry, Construction, and Craftsmen","Farmers and Skilled Workers in Agriculture, Fisheries, and Forestry",Female,Yes,No,Yes,No,Yes,No,0,16,16,14,13.1514285714286,0
29,-0.3,0.79,Single,Specialized diploma,Agronomy,Daytime,Specialized course,Romanian,Specialized course,Basic education or less,Unskilled Workers,Armed Forces Professions,Female,No,No,No,Yes,No,No,0,12,21,6,12.210317460317448,1
21,0.6,2.02,Single,1st phase,Tourism,Daytime,Secondary education,Portuguese,Specialized course,Basic education or less,Administrative staff,"Skilled Workers in Industry, Construction, and Craftsmen",Female,Yes,No,Yes,No,No,No,0,12,16,10,11.79166666666665,0
18,0.6,2.02,Single,1st phase,Advertising and Marketing Management,Daytime,Secondary education,Portuguese,Specialized course,Secondary Education,Unskilled Workers,Installation and Machine Operators and Assembly Workers,Female,Yes,No,Yes,No,Yes,No,0,12,23,11,13.754658385093144,0
18,1.4,3.51,Single,1st phase,Journalism and Communication,Daytime,Secondary education,Portuguese,Specialized course,Basic education or less,"Skilled Workers in Industry, Construction, and Craftsmen","Skilled Workers in Industry, Construction, and Craftsmen",Female,Yes,No,Yes,No,Yes,No,0,12,12,12,13.91666666666665,1
19,2.6,0.32,Single,1st phase,Veterinary Nursing,Daytime,Secondary education,Portuguese,Some High School,Basic education or less,Other,"Farmers and Skilled Workers in Agriculture, Fisheries, and Forestry",Female,No,No,Yes,No,No,No,0,10,12,10,13.700000000000001,0
18,1.4,3.51,Single,2nd phase,Management,Daytime,Secondary education,Angolan,Secondary Education,Secondary Education,Administrative staff,Administrative staff,Female,No,No,Yes,No,No,No,0,10,14,10,11.714285714285714,0
37,1.4,3.51,Married,Over 23 years old,Oral Hygiene,Daytime,Basic education 3rd cycle (9th/10th/11th year) or equivalent,Santomean,Specialized course,Basic education or less,"Skilled Workers in Industry, Construction, and Craftsmen","Skilled Workers in Industry, Construction, and Craftsmen",Female,Yes,No,No,Yes,Yes,No,0,14,25,1,8.32,1
29,0.3,-0.92,Single,2nd phase,Management,Evening,Higher education,Angolan,Specialized course,Basic education or less,Other,"Farmers and Skilled Workers in Agriculture, Fisheries, and Forestry",Female,No,No,Yes,No,No,No,0,10,24,10,12.84920634920634,0
19,0.5,1.79,Single,1st phase,Social Service,Daytime,Secondary education,Portuguese,Secondary Education,Secondary Education,Unskilled Workers,Installation and Machine Operators and Assembly Workers,Female,Yes,No,Yes,No,Yes,No,0,12,17,10,12.196078431372582,0
22,0.3,-0.92,Single,Change in institution/course,Social Service,Daytime,Secondary education,Brazilian,Secondary Education,Secondary Education,Intermediate Level Technicians and Professions,Other,Female,Yes,No,No,Yes,No,No,8,17,24,8,12.2222222222222,1
20,2.8,-4.06,Single,1st phase,Tourism,Daytime,Secondary education,Portuguese,Specialized course,Basic education or less,Unskilled Workers,"Skilled Workers in Industry, Construction, and Craftsmen",Female,No,No,Yes,No,Yes,No,0,12,18,11,10.851851851851867,0
34,3.7,-1.7,Single,Over 23 years old,Social Service,Evening,Secondary education,Santomean,Specialized course,Basic education or less,Other,Other,Female,No,No,Yes,No,No,No,0,12,0,0,0.0,1
30,2.6,0.32,Single,Change in institution/course,Informatics Engineering,Daytime,Secondary education,Brazilian,Specialized course,Basic education or less,Unskilled Workers,Unskilled Workers,Female,No,No,No,Yes,No,No,14,24,36,14,11.969907407407426,1
18,1.4,1.74,Single,1st phase,Social Service,Daytime,Secondary education,Portuguese,Secondary Education,Secondary Education,Administrative staff,Administrative staff,Female,No,No,Yes,No,No,No,0,12,14,12,14.0,0
18,0.5,1.79,Single,1st phase,Social Service,Daytime,Secondary education,Portuguese,Specialized course,Basic education or less,Unskilled Workers,"Personal Services, Security and Safety Workers, and Sellers",Female,No,No,Yes,No,No,No,0,12,12,12,12.41666666666665,0
18,-0.8,-3.12,Single,1st phase,Journalism and Communication,Daytime,Secondary education,Portuguese,Higher education,Secondary Education,Other,Intermediate Level Technicians and Professions,Female,Yes,No,Yes,No,No,No,0,12,21,7,11.972222222222237,0
18,3.7,-1.7,Single,2nd phase,Nursing,Daytime,Secondary education,Angolan,Higher education,Secondary Education,Specialists in Intellectual and Scientific Activities,Intermediate Level Technicians and Professions,Female,Yes,No,Yes,No,No,No,0,16,16,14,14.8285714285714,0
19,3.7,-1.7,Single,1st phase,Journalism and Communication,Daytime,Secondary education,Portuguese,Specialized course,Basic education or less,Unskilled Workers,Unskilled Workers,Female,Yes,No,Yes,No,Yes,No,0,12,15,10,12.146666666666667,0
19,1.4,1.74,Single,1st phase,Design and Multimedia,Daytime,Secondary education,Portuguese,Specialized course,Basic education or less,Unskilled Workers,Unskilled Workers,Female,Yes,No,Yes,No,Yes,No,0,12,14,12,12.714285714285714,0
18,3.7,-1.7,Single,1st phase,Nursing,Daytime,Secondary education,Portuguese,Secondary Education,Secondary Education,Unskilled Workers,Unskilled Workers,Female,No,No,Yes,No,Yes,No,0,16,16,14,13.6714285714286,0
21,-0.3,0.79,Single,Specialized diploma,Agronomy,Daytime,Specialized course,Romanian,Specialized course,Basic education or less,Administrative staff,Installation and Machine Operators and Assembly Workers,Female,No,No,Yes,No,Yes,No,0,12,17,11,12.729411764705901,0
20,2.6,0.32,Single,1st phase,Management,Daytime,Secondary education,Portuguese,Secondary Education,Basic education or less,Unskilled Workers,Unskilled Workers,Female,Yes,No,No,No,No,No,0,10,22,3,11.636363636363637,1
20,-0.3,0.79,Single,2nd phase,Management,Daytime,Secondary education,Angolan,Some High School,Basic education or less,Administrative staff,Installation and Machine Operators and Assembly Workers,Female,Yes,No,Yes,No,No,No,0,10,18,10,12.981481481481467,0
19,0.6,2.02,Single,1st phase,Nursing,Daytime,Secondary education,Portuguese,Higher education,Secondary Education,Specialists in Intellectual and Scientific Activities,"Personal Services, Security and Safety Workers, and Sellers",Female,No,No,Yes,No,No,No,3,15,16,15,13.11,0
20,0.3,-0.92,Single,1st phase,Social Service,Daytime,Secondary education,Portuguese,Secondary Education,Basic education or less,Administrative staff,"Personal Services, Security and Safety Workers, and Sellers",Female,No,No,Yes,No,No,No,0,12,15,12,14.93333333333332,0
18,-0.3,0.79,Single,2nd phase,Nursing,Daytime,Secondary education,Angolan,Some High School,Secondary Education,Administrative staff,Armed Forces Professions,Female,Yes,No,Yes,No,No,No,0,15,15,15,14.593333333333339,0
20,3.7,-1.7,Single,Change in institution/course,Other,Daytime,Secondary education,Other,Specialized course,Basic education or less,Intermediate Level Technicians and Professions,Intermediate Level Technicians and Professions,Female,No,No,Yes,No,No,No,0,12,18,8,10.814814814814833,1
29,2.6,0.32,Married,Holders of other higher courses,Equiniculture,Daytime,Higher education,Italian,Higher education,Higher education,Specialists in Intellectual and Scientific Activities,Other,Female,No,No,No,Yes,No,No,12,16,28,12,12.260317460317484,1
20,2.8,-4.06,Single,1st phase,Nursing,Daytime,Secondary education,Portuguese,Specialized course,Basic education or less,"Personal Services, Security and Safety Workers, and Sellers","Personal Services, Security and Safety Workers, and Sellers",Female,Yes,No,Yes,No,Yes,No,0,15,19,14,13.893233082706741,0
22,0.3,-0.92,Single,1st phase,Management,Daytime,Secondary education,Other,Specialized course,Basic education or less,Unskilled Workers,Unskilled Workers,Female,Yes,No,Yes,No,Yes,No,0,10,16,8,11.7,0
47,0.3,-0.92,Other,1st phase,Social Service,Evening,Secondary education,Portuguese,Unknown,Basic education or less,Administrative staff,Armed Forces Professions,Female,Yes,No,Yes,No,Yes,No,0,12,16,11,14.1666666666667,0
31,1.4,3.51,Married,Change in institution/course,Management,Evening,Secondary education,Other,Specialized course,Basic education or less,Other,Administrative staff,Female,No,No,Yes,No,No,No,1,10,10,10,13.9,0
21,0.3,-0.92,Single,1st phase,Design and Multimedia,Daytime,Secondary education,Portuguese,Specialized course,Basic education or less,"Skilled Workers in Industry, Construction, and Craftsmen","Personal Services, Security and Safety Workers, and Sellers",Female,No,No,Yes,No,Yes,No,0,12,13,11,13.353846153846138,0
21,2.6,0.32,Single,1st phase,Social Service,Evening,Secondary education,Portuguese,Specialized course,Basic education or less,Other,Other,Female,No,No,Yes,No,No,No,0,12,18,11,12.2761904761905,0
24,2.6,0.32,Married,Over 23 years old,Journalism and Communication,Daytime,Other,Santomean,Secondary Education,Secondary Education,Administrative staff,Administrative staff,Female,No,No,Yes,No,No,No,0,12,12,12,13.0,0
32,2.6,0.32,Single,Over 23 years old,Social Service,Evening,Other,Santomean,Some High School,Secondary Education,Other,Other,Female,No,No,Yes,No,No,No,0,12,21,8,11.714285714285714,0
19,1.4,1.74,Single,3rd phase,Social Service,Evening,Secondary education,Cape Verdean,Higher education,Secondary Education,Intermediate Level Technicians and Professions,Administrative staff,Female,Yes,No,Yes,No,Yes,No,0,12,17,12,11.186274509803907,0
24,-0.8,-3.12,Single,Over 23 years old,Nursing,Daytime,Secondary education,Santomean,Higher education,Higher education,Other,Other,Female,Yes,No,Yes,No,No,No,0,16,16,16,13.385,0
19,2.8,-4.06,Single,2nd phase,Veterinary Nursing,Daytime,Secondary education,Angolan,Specialized course,Basic education or less,Administrative staff,Armed Forces Professions,Female,Yes,No,Yes,No,No,No,0,12,23,12,15.210144927536254,0
19,-0.3,0.79,Single,Specialized diploma,Agronomy,Daytime,Specialized course,Romanian,Specialized course,Basic education or less,Other,"Farmers and Skilled Workers in Agriculture, Fisheries, and Forestry",Female,No,No,Yes,Yes,Yes,No,0,12,16,12,14.1145833333333,0
18,1.4,3.51,Single,2nd phase,Social Service,Daytime,Secondary education,Angolan,Specialized course,Basic education or less,Other,Other,Female,Yes,No,Yes,No,Yes,No,0,12,17,12,11.6666666666667,0
19,1.4,3.51,Single,1st phase,Design and Multimedia,Daytime,Secondary education,Portuguese,Specialized course,Basic education or less,Intermediate Level Technicians and Professions,"Farmers and Skilled Workers in Agriculture, Fisheries, and Forestry",Female,Yes,No,Yes,No,Yes,No,0,12,19,7,11.649122807017527,1
19,1.4,1.74,Married,1st phase,Nursing,Daytime,Secondary education,Portuguese,Higher education,Basic education or less,Specialists in Intellectual and Scientific Activities,Administrative staff,Female,No,No,Yes,No,Yes,No,0,16,16,14,14.7257142857143,0
18,0.5,1.79,Single,2nd phase,Journalism and Communication,Daytime,Secondary education,Angolan,Specialized course,Basic education or less,Unskilled Workers,Installation and Machine Operators and Assembly Workers,Female,Yes,No,Yes,No,Yes,No,0,12,12,12,13.9166666666667,0
18,0.5,1.79,Single,1st phase,Social Service,Daytime,Secondary education,Portuguese,Secondary Education,Secondary Education,Intermediate Level Technicians and Professions,Intermediate Level Technicians and Professions,Female,Yes,No,Yes,No,No,No,0,12,18,12,11.910052910052912,0
20,0.5,1.79,Single,2nd phase,Oral Hygiene,Daytime,Secondary education,Angolan,Secondary Education,Secondary Education,Administrative staff,Armed Forces Professions,Female,Yes,No,Yes,No,No,No,0,15,15,15,12.84,0
18,-0.8,-3.12,Single,1st phase,Nursing,Daytime,Secondary education,Portuguese,Specialized course,Basic education or less,"Personal Services, Security and Safety Workers, and Sellers","Skilled Workers in Industry, Construction, and Craftsmen",Female,No,No,Yes,No,No,No,0,16,20,16,12.86,0
18,0.6,2.02,Single,2nd phase,Advertising and Marketing Management,Daytime,Secondary education,Angolan,Specialized course,Basic education or less,Unskilled Workers,"Skilled Workers in Industry, Construction, and Craftsmen",Female,Yes,No,Yes,No,No,No,0,12,19,12,12.943609022556382,0
21,1.4,1.74,Single,1st phase,Veterinary Nursing,Daytime,Secondary education,Portuguese,Specialized course,Basic education or less,Unskilled Workers,Unskilled Workers,Female,Yes,No,Yes,No,Yes,No,0,10,12,9,12.083333333333334,0
18,2.8,-4.06,Single,1st phase,Nursing,Daytime,Secondary education,Portuguese,Specialized course,Basic education or less,Administrative staff,Unskilled Workers,Female,No,No,Yes,No,Yes,No,0,15,18,15,15.6427777777778,0
18,-0.8,-3.12,Single,Change in institution/course,Advertising and Marketing Management,Daytime,Secondary education,Other,Specialized course,Basic education or less,"Personal Services, Security and Safety Workers, and Sellers","Personal Services, Security and Safety Workers, and Sellers",Female,No,No,No,Yes,No,No,0,10,12,6,11.375,1
19,-0.8,-3.12,Single,2nd phase,Social Service,Daytime,Secondary education,Angolan,Secondary Education,Basic education or less,Administrative staff,Intermediate Level Technicians and Professions,Female,Yes,No,Yes,No,No,No,0,12,11,0,0.0,1
18,0.6,2.02,Single,2nd phase,Advertising and Marketing Management,Daytime,Secondary education,Angolan,Secondary Education,Basic education or less,"Personal Services, Security and Safety Workers, and Sellers","Personal Services, Security and Safety Workers, and Sellers",Female,Yes,No,Yes,No,No,No,0,12,19,10,13.452631578947368,0
34,3.7,-1.7,Single,Over 23 years old,Equiniculture,Daytime,Higher education,Santomean,Higher education,Secondary Education,Other,Other,Female,Yes,No,Yes,No,No,No,1,10,11,1,6.0,1
19,2.6,0.32,Single,1st phase,Veterinary Nursing,Daytime,Secondary education,Portuguese,Basic education or less,Basic education or less,Other,Other,Female,No,No,Yes,No,No,No,0,10,11,10,14.109090909090908,0
19,0.5,1.79,Single,Specialized diploma,Equiniculture,Daytime,Specialized course,Romanian,Specialized course,Basic education or less,"Skilled Workers in Industry, Construction, and Craftsmen",Installation and Machine Operators and Assembly Workers,Female,Yes,No,No,Yes,No,No,3,12,19,7,11.221052631578948,1
26,0.6,2.02,Single,Change in institution/course,Social Service,Daytime,Secondary education,Other,Higher education,Basic education or less,Specialists in Intellectual and Scientific Activities,Other,Female,No,No,Yes,Yes,No,No,0,12,13,12,14.999999999999961,0
21,2.6,0.32,Single,2nd phase,Other,Daytime,Secondary education,Angolan,Some High School,Unknown,Other,Other,Female,Yes,No,Yes,No,No,No,0,12,22,6,11.3333333333333,1
18,0.6,2.02,Single,2nd phase,Management,Daytime,Secondary education,Angolan,Specialized course,Basic education or less,Administrative staff,Installation and Machine Operators and Assembly Workers,Female,No,No,Yes,No,Yes,No,0,10,10,10,11.5,0
20,-0.8,-3.12,Single,2nd phase,Other,Daytime,Secondary education,Angolan,Specialized course,Basic education or less,"Personal Services, Security and Safety Workers, and Sellers","Skilled Workers in Industry, Construction, and Craftsmen",Female,Yes,No,Yes,No,Yes,No,0,12,17,10,13.541176470588253,0
25,0.6,2.02,Single,Change in institution/course,Management,Daytime,Secondary education,Other,Secondary Education,Secondary Education,Administrative staff,Administrative staff,Female,No,No,Yes,No,No,No,0,10,17,2,7.411764705882353,1
18,0.6,2.02,Single,1st phase,Management,Daytime,Secondary education,Portuguese,Secondary Education,Basic education or less,Administrative staff,Intermediate Level Technicians and Professions,Female,No,No,Yes,No,No,No,0,10,10,10,16.3,0
18,0.3,-0.92,Single,1st phase,Nursing,Daytime,Secondary education,Portuguese,Specialized course,Basic education or less,Intermediate Level Technicians and Professions,"Farmers and Skilled Workers in Agriculture, Fisheries, and Forestry",Female,Yes,No,Yes,No,Yes,No,0,15,18,15,14.749999999999993,0
19,0.6,2.02,Single,1st phase,Nursing,Daytime,Secondary education,Portuguese,Basic education or less,Basic education or less,Intermediate Level Technicians and Professions,"Personal Services, Security and Safety Workers, and Sellers",Female,No,No,Yes,No,No,No,0,15,16,15,14.06625000000002,0
18,0.5,1.79,Single,1st phase,Social Service,Daytime,Secondary education,Portuguese,Specialized course,Basic education or less,"Personal Services, Security and Safety Workers, and Sellers",Unskilled Workers,Female,No,No,Yes,No,Yes,No,0,12,18,12,11.603174603174633,0
26,1.4,3.51,Single,Holders of other higher courses,Veterinary Nursing,Daytime,Higher education,Italian,Specialized course,Basic education or less,Unskilled Workers,"Personal Services, Security and Safety Workers, and Sellers",Female,No,No,No,Yes,No,No,0,9,3,0,0.0,1
19,1.4,1.74,Single,Change in institution/course,Nursing,Daytime,Secondary education,Other,Specialized course,Basic education or less,"Skilled Workers in Industry, Construction, and Craftsmen",Unskilled Workers,Female,Yes,No,Yes,No,Yes,No,0,16,16,14,13.0585714285714,0
19,0.3,-0.92,Single,1st phase,Nursing,Daytime,Secondary education,Portuguese,Secondary Education,Secondary Education,"Personal Services, Security and Safety Workers, and Sellers",Other,Female,No,No,Yes,No,No,No,0,15,16,15,14.162500000000026,0
19,2.6,0.32,Single,Change in institution/course,Management,Daytime,Secondary education,Brazilian,Specialized course,Basic education or less,Unskilled Workers,Unskilled Workers,Female,No,No,Yes,No,No,No,7,20,29,13,11.89655172413793,0
18,0.3,-0.92,Single,1st phase,Tourism,Daytime,Secondary education,Portuguese,Specialized course,Basic education or less,"Personal Services, Security and Safety Workers, and Sellers",Installation and Machine Operators and Assembly Workers,Female,Yes,No,Yes,No,No,No,0,12,18,9,11.240740740740772,0
19,2.6,0.32,Single,Change in institution/course,Nursing,Daytime,Other,Brazilian,Secondary Education,Basic education or less,Unskilled Workers,Unskilled Workers,Female,Yes,No,Yes,No,No,No,0,14,14,12,13.3333333333333,0
18,-0.3,0.79,Single,1st phase,Social Service,Daytime,Secondary education,Portuguese,Secondary Education,Secondary Education,Unskilled Workers,"Farmers and Skilled Workers in Agriculture, Fisheries, and Forestry",Female,No,No,Yes,Yes,No,No,0,12,19,11,11.451127819548896,0
26,0.3,-0.92,Single,Specialized diploma,Informatics Engineering,Daytime,Specialized course,Romanian,Specialized course,Basic education or less,Administrative staff,"Skilled Workers in Industry, Construction, and Craftsmen",Female,No,No,Yes,Yes,No,No,0,10,11,0,0.0,1
20,0.5,1.79,Single,1st phase,Social Service,Daytime,Secondary education,Portuguese,Specialized course,Basic education or less,"Skilled Workers in Industry, Construction, and Craftsmen","Skilled Workers in Industry, Construction, and Craftsmen",Female,Yes,No,Yes,No,No,No,0,12,14,12,12.5,0
19,3.7,-1.7,Single,1st phase,Social Service,Evening,Secondary education,Portuguese,Specialized course,Basic education or less,Unskilled Workers,Armed Forces Professions,Female,No,No,Yes,No,No,No,0,12,12,12,12.1666666666667,0
18,-0.8,-3.12,Single,1st phase,Social Service,Daytime,Secondary education,Portuguese,Some High School,Basic education or less,Administrative staff,Unskilled Workers,Female,Yes,No,Yes,No,Yes,No,0,12,15,12,13.0666666666667,0
19,-0.3,0.79,Single,Specialized diploma,Social Service,Daytime,Specialized course,Romanian,Specialized course,Basic education or less,"Skilled Workers in Industry, Construction, and Craftsmen","Skilled Workers in Industry, Construction, and Craftsmen",Female,No,No,Yes,No,No,No,5,12,12,12,14.0,0
40,0.5,1.79,Single,Holders of other higher courses,Other,Daytime,Higher education,Italian,Basic education or less,Higher education,Specialists in Intellectual and Scientific Activities,Other,Female,No,No,Yes,Yes,No,No,0,14,15,14,14.800000000000013,0
18,-0.8,-3.12,Single,1st phase,Nursing,Daytime,Secondary education,Portuguese,Specialized course,Basic education or less,"Skilled Workers in Industry, Construction, and Craftsmen","Skilled Workers in Industry, Construction, and Craftsmen",Female,Yes,No,Yes,No,Yes,No,0,16,16,16,13.39125,0
19,-0.3,0.79,Single,2nd phase,Social Service,Daytime,Secondary education,Angolan,Higher education,Secondary Education,Unskilled Workers,Armed Forces Professions,Female,No,No,Yes,No,No,No,0,12,17,11,12.289915966386559,0
18,2.6,0.32,Single,2nd phase,Equiniculture,Daytime,Secondary education,Angolan,Higher education,Some High School,Intermediate Level Technicians and Professions,"Personal Services, Security and Safety Workers, and Sellers",Female,No,No,Yes,No,No,No,0,10,15,8,11.75,0
33,0.5,1.79,Married,Over 23 years old,Social Service,Evening,Secondary education,Santomean,Specialized course,Basic education or less,Unskilled Workers,Unskilled Workers,Female,Yes,No,Yes,No,No,No,0,12,15,12,12.846031746031754,0
35,0.3,-0.92,Single,Over 23 years old,Agronomy,Daytime,Higher education,Santomean,Higher education,Higher education,Other,Other,Female,No,No,Yes,No,No,No,0,12,21,12,13.52857142857143,0
18,-0.8,-3.12,Single,1st phase,Journalism and Communication,Daytime,Secondary education,Portuguese,Specialized course,Basic education or less,"Skilled Workers in Industry, Construction, and Craftsmen","Personal Services, Security and Safety Workers, and Sellers",Female,Yes,No,Yes,No,No,No,0,12,15,12,12.966666666666667,0
39,1.4,1.74,Other,Over 23 years old,Management,Evening,Secondary education,Santomean,Specialized course,Basic education or less,Other,"Farmers and Skilled Workers in Agriculture, Fisheries, and Forestry",Female,No,No,Yes,No,No,No,0,10,15,10,11.400000000000018,0
44,3.7,-1.7,Married,Over 23 years old,Social Service,Daytime,Secondary education,Santomean,Specialized course,Basic education or less,Unskilled Workers,Unskilled Workers,Female,No,No,Yes,No,No,No,0,12,14,12,13.357142857142843,0
24,3.7,-1.7,Single,1st phase,Tourism,Daytime,Secondary education,Portuguese,Specialized course,Basic education or less,Unskilled Workers,Unskilled Workers,Female,Yes,No,Yes,No,No,No,0,12,15,8,12.159999999999998,1
20,0.5,1.79,Single,Change in institution/course,Journalism and Communication,Daytime,Secondary education,Brazilian,Specialized course,Basic education or less,Unskilled Workers,Installation and Machine Operators and Assembly Workers,Female,No,No,Yes,No,Yes,No,0,12,12,12,13.5,0
18,2.6,0.32,Married,1st phase,Nursing,Daytime,Secondary education,Portuguese,Specialized course,Basic education or less,Unskilled Workers,"Skilled Workers in Industry, Construction, and Craftsmen",Female,No,No,Yes,Yes,Yes,No,0,14,14,12,14.2,0
22,1.4,1.74,Single,1st phase,Tourism,Daytime,Secondary education,Portuguese,Specialized course,Basic education or less,Administrative staff,"Farmers and Skilled Workers in Agriculture, Fisheries, and Forestry",Female,No,No,No,Yes,No,No,0,12,22,5,5.0,1
18,0.6,2.02,Single,2nd phase,Veterinary Nursing,Daytime,Secondary education,Angolan,Specialized course,Secondary Education,Administrative staff,"Personal Services, Security and Safety Workers, and Sellers",Female,Yes,No,Yes,No,No,No,0,12,14,12,15.714285714285698,0
24,-0.3,0.79,Single,Over 23 years old,Nursing,Daytime,Basic education 3rd cycle (9th/10th/11th year) or equivalent,Santomean,Specialized course,Basic education or less,Unskilled Workers,Unskilled Workers,Female,No,No,Yes,No,No,No,0,15,18,13,13.014285714285698,0
33,3.7,-1.7,Single,Over 23 years old,Management,Evening,Secondary education,Santomean,Specialized course,Basic education or less,Other,Installation and Machine Operators and Assembly Workers,Female,No,No,Yes,No,No,No,0,10,0,0,0.0,1
26,1.4,3.51,Single,Over 23 years old,Veterinary Nursing,Daytime,Higher education,Santomean,Higher education,Specialized course,Specialists in Intellectual and Scientific Activities,Intermediate Level Technicians and Professions,Female,No,No,Yes,No,No,No,0,12,0,0,0.0,1
18,1.4,1.74,Single,2nd phase,Other,Daytime,Secondary education,Angolan,Specialized course,Basic education or less,Administrative staff,Other,Female,Yes,No,Yes,No,No,No,0,12,17,12,11.764705882352935,0
19,1.4,1.74,Single,1st phase,Journalism and Communication,Daytime,Secondary education,Portuguese,Specialized course,Basic education or less,Unskilled Workers,"Skilled Workers in Industry, Construction, and Craftsmen",Female,No,No,Yes,Yes,No,No,0,12,25,5,11.386666666666683,1
22,1.4,3.51,Single,Specialized diploma,Veterinary Nursing,Daytime,Specialized course,Other,Specialized course,Basic education or less,Unskilled Workers,Installation and Machine Operators and Assembly Workers,Female,Yes,No,Yes,No,Yes,No,11,20,34,15,13.600840336134448,0
21,2.8,-4.06,Single,1st phase,Veterinary Nursing,Daytime,Secondary education,Portuguese,Specialized course,Basic education or less,"Skilled Workers in Industry, Construction, and Craftsmen","Personal Services, Security and Safety Workers, and Sellers",Female,Yes,No,Yes,No,Yes,No,0,12,23,12,15.978260869565242,0
21,2.6,0.32,Single,1st phase,Nursing,Daytime,Secondary education,Portuguese,Specialized course,Basic education or less,Administrative staff,Installation and Machine Operators and Assembly Workers,Female,Yes,No,Yes,No,Yes,No,0,14,14,12,14.0333333333333,0
19,1.4,3.51,Single,1st phase,Other,Daytime,Secondary education,Portuguese,Specialized course,Basic education or less,Other,Other,Female,Yes,No,Yes,No,Yes,No,0,14,16,13,13.7619047619048,0
18,3.7,-1.7,Single,1st phase,Nursing,Daytime,Secondary education,Portuguese,Specialized course,Basic education or less,Unskilled Workers,"Personal Services, Security and Safety Workers, and Sellers",Female,Yes,No,Yes,No,No,No,0,16,16,14,13.4142857142857,1
50,0.3,-0.92,Married,Change in institution/course,Social Service,Evening,Secondary education,Brazilian,Specialized course,Specialized course,Unskilled Workers,Administrative staff,Female,No,No,Yes,No,No,No,10,18,18,18,13.55555555555554,0
19,2.8,-4.06,Single,2nd phase,Journalism and Communication,Daytime,Secondary education,Angolan,Secondary Education,Basic education or less,Administrative staff,"Skilled Workers in Industry, Construction, and Craftsmen",Female,No,No,Yes,No,Yes,No,0,12,13,12,14.153846153846123,0
35,-0.3,0.79,Other,Over 23 years old,Management,Evening,Secondary education,Santomean,Secondary Education,Basic education or less,Other,Other,Female,No,No,Yes,No,No,No,0,10,17,10,12.453781512605065,0
31,3.7,-1.7,Married,Over 23 years old,Veterinary Nursing,Daytime,Basic education 3rd cycle (9th/10th/11th year) or equivalent,Santomean,Specialized course,Basic education or less,Administrative staff,"Skilled Workers in Industry, Construction, and Craftsmen",Female,No,No,Yes,No,No,No,0,12,0,0,0.0,1
34,-0.8,-3.12,Single,3rd phase,Management,Daytime,Secondary education,Cape Verdean,Specialized course,Basic education or less,Unskilled Workers,Unskilled Workers,Female,Yes,No,No,No,No,No,0,10,5,0,0.0,1
18,0.5,1.79,Single,1st phase,Nursing,Daytime,Secondary education,Portuguese,Secondary Education,Secondary Education,Administrative staff,Administrative staff,Female,Yes,No,Yes,No,Yes,No,0,15,15,15,15.216666666666674,0
26,0.3,-0.92,Other,Over 23 years old,Nursing,Daytime,Basic education 3rd cycle (9th/10th/11th year) or equivalent,Santomean,Specialized course,Basic education or less,"Personal Services, Security and Safety Workers, and Sellers","Skilled Workers in Industry, Construction, and Craftsmen",Female,No,No,Yes,No,Yes,No,0,15,25,11,11.894514285714273,1
19,2.8,-4.06,Single,1st phase,Other,Daytime,Secondary education,Portuguese,Specialized course,Basic education or less,"Personal Services, Security and Safety Workers, and Sellers","Personal Services, Security and Safety Workers, and Sellers",Female,No,No,Yes,No,Yes,No,0,12,13,12,13.307692307692308,0
20,1.4,3.51,Single,Specialized diploma,Management,Daytime,Specialized course,Other,Higher education,Higher education,Specialists in Intellectual and Scientific Activities,Other,Female,No,No,Yes,No,No,No,9,20,33,17,11.942760942760962,0
19,2.6,0.32,Single,1st phase,Social Service,Daytime,Secondary education,Portuguese,Some High School,Unknown,Other,Other,Female,No,No,Yes,No,No,No,0,12,15,12,11.344444444444461,0
18,2.6,0.32,Single,1st phase,Other,Daytime,Secondary education,Portuguese,Specialized course,Basic education or less,Unskilled Workers,Unskilled Workers,Female,No,No,Yes,No,No,No,0,12,15,12,12.866666666666658,0
28,1.4,1.74,Single,Over 23 years old,Management,Evening,Higher education,Santomean,Specialized course,Basic education or less,Unskilled Workers,Unskilled Workers,Female,No,No,Yes,No,No,No,16,25,32,21,11.636363636363651,0
21,-0.3,0.79,Single,Specialized diploma,Social Service,Evening,Specialized course,Romanian,Specialized course,Basic education or less,"Skilled Workers in Industry, Construction, and Craftsmen","Skilled Workers in Industry, Construction, and Craftsmen",Female,No,No,Yes,No,Yes,No,5,12,12,12,14.4166666666667,0
18,2.6,0.32,Single,1st phase,Journalism and Communication,Daytime,Secondary education,Portuguese,Basic education or less,Basic education or less,"Skilled Workers in Industry, Construction, and Craftsmen","Skilled Workers in Industry, Construction, and Craftsmen",Female,Yes,No,No,Yes,No,No,0,12,16,10,12.2,1
20,2.6,0.32,Single,2nd phase,Veterinary Nursing,Daytime,Secondary education,Angolan,Secondary Education,Secondary Education,Unskilled Workers,Armed Forces Professions,Female,No,No,No,No,No,No,0,10,16,4,11.41666666666665,1
18,0.6,2.02,Single,2nd phase,Veterinary Nursing,Daytime,Secondary education,Angolan,Secondary Education,Basic education or less,Administrative staff,Intermediate Level Technicians and Professions,Female,No,No,Yes,No,No,No,0,12,14,12,14.428571428571448,0
19,1.4,1.74,Single,1st phase,Nursing,Daytime,Secondary education,Portuguese,Secondary Education,Secondary Education,Administrative staff,Unskilled Workers,Female,Yes,No,Yes,No,Yes,No,0,16,22,14,12.859999999999998,0
20,0.5,1.79,Single,Change in institution/course,Social Service,Daytime,Secondary education,Other,Higher education,Basic education or less,Intermediate Level Technicians and Professions,Armed Forces Professions,Female,Yes,No,Yes,No,No,No,10,22,26,22,11.874125874125863,0
22,-0.3,0.79,Single,Specialized diploma,Veterinary Nursing,Daytime,Specialized course,Romanian,Specialized course,Basic education or less,Administrative staff,"Farmers and Skilled Workers in Agriculture, Fisheries, and Forestry",Female,Yes,No,Yes,No,Yes,No,5,12,21,9,12.59863945578229,0
18,1.4,1.74,Single,2nd phase,Advertising and Marketing Management,Daytime,Secondary education,Angolan,Specialized course,Basic education or less,"Personal Services, Security and Safety Workers, and Sellers",Installation and Machine Operators and Assembly Workers,Female,Yes,No,Yes,Yes,No,No,0,12,15,9,12.94857142857142,1
19,0.3,-0.92,Single,2nd phase,Management,Daytime,Secondary education,Angolan,Specialized course,Basic education or less,Other,Administrative staff,Female,Yes,No,Yes,No,No,No,0,10,19,3,5.614035087719316,1
19,1.4,1.74,Single,2nd phase,Nursing,Daytime,Secondary education,Angolan,Specialized course,Basic education or less,"Personal Services, Security and Safety Workers, and Sellers","Personal Services, Security and Safety Workers, and Sellers",Female,Yes,No,Yes,No,No,No,0,16,16,14,14.7314285714286,0
21,-0.3,0.79,Single,Holders of other higher courses,Design and Multimedia,Daytime,Higher education,Italian,Secondary Education,Basic education or less,Intermediate Level Technicians and Professions,Unskilled Workers,Female,Yes,No,Yes,No,No,No,15,25,26,25,13.908284023668632,0
27,1.4,3.51,Single,Over 23 years old,Management,Evening,Higher education,Santomean,Secondary Education,Basic education or less,Unskilled Workers,Unskilled Workers,Female,No,No,Yes,No,No,No,0,10,10,10,15.3,0
19,2.8,-4.06,Single,2nd phase,Social Service,Daytime,Secondary education,Angolan,Secondary Education,Basic education or less,Administrative staff,Administrative staff,Female,No,No,Yes,No,No,No,0,12,13,12,14.615384615384645,0
25,2.6,0.32,Other,Over 23 years old,Veterinary Nursing,Daytime,Secondary education,Santomean,Some High School,Unknown,Other,Other,Female,No,No,Yes,No,No,No,0,10,10,0,0.0,1
18,1.4,1.74,Single,1st phase,Nursing,Daytime,Secondary education,Portuguese,Specialized course,Basic education or less,"Skilled Workers in Industry, Construction, and Craftsmen","Skilled Workers in Industry, Construction, and Craftsmen",Female,Yes,No,Yes,No,Yes,No,0,16,16,14,14.6542857142857,0
24,1.4,1.74,Single,Over 23 years old,Nursing,Daytime,Higher education,Santomean,Specialized course,Secondary Education,Administrative staff,Installation and Machine Operators and Assembly Workers,Female,No,No,Yes,No,No,No,0,16,16,14,12.4014285714286,0
20,-0.3,0.79,Single,1st phase,Nursing,Daytime,Secondary education,Portuguese,Secondary Education,Secondary Education,Administrative staff,Armed Forces Professions,Female,Yes,No,Yes,No,No,No,0,15,17,14,12.902521008403376,0
26,0.5,1.79,Single,Holders of other higher courses,Management,Evening,Higher education,Italian,Specialized course,Basic education or less,Other,"Farmers and Skilled Workers in Agriculture, Fisheries, and Forestry",Female,No,No,Yes,No,No,No,4,10,10,10,14.8,0
20,1.4,3.51,Single,1st phase,Social Service,Daytime,Secondary education,Portuguese,Secondary Education,Basic education or less,Unskilled Workers,"Skilled Workers in Industry, Construction, and Craftsmen",Female,Yes,No,Yes,No,Yes,No,0,12,15,12,12.133333333333299,0
18,2.6,0.32,Single,1st phase,Veterinary Nursing,Daytime,Secondary education,Portuguese,Specialized course,Basic education or less,Other,Other,Female,No,No,Yes,No,No,No,0,10,11,10,14.763636363636364,0
19,2.8,-4.06,Single,1st phase,Veterinary Nursing,Daytime,Secondary education,Portuguese,Secondary Education,Secondary Education,Unskilled Workers,Unskilled Workers,Female,Yes,No,Yes,No,No,No,0,12,23,12,13.989130434782592,0
23,3.7,-1.7,Single,1st phase,Other,Daytime,Secondary education,Portuguese,Specialized course,Basic education or less,Unskilled Workers,Unskilled Workers,Female,Yes,No,Yes,No,No,No,0,12,18,8,11.299999999999999,1
18,2.6,0.32,Single,1st phase,Nursing,Daytime,Secondary education,Portuguese,Specialized course,Basic education or less,Unskilled Workers,Unskilled Workers,Female,Yes,No,Yes,No,Yes,No,0,14,14,12,11.6,0
18,3.7,-1.7,Single,1st phase,Nursing,Daytime,Secondary education,Portuguese,Secondary Education,Basic education or less,Administrative staff,"Personal Services, Security and Safety Workers, and Sellers",Female,No,No,Yes,No,No,No,0,15,0,0,0.0,1
19,0.6,2.02,Single,1st phase,Nursing,Daytime,Secondary education,Portuguese,Higher education,Secondary Education,Specialists in Intellectual and Scientific Activities,Installation and Machine Operators and Assembly Workers,Female,No,No,Yes,No,Yes,No,0,15,16,15,13.009999999999987,0
30,2.6,0.32,Single,Change in institution/course,Management,Evening,Secondary education,Other,Secondary Education,Higher education,Administrative staff,Intermediate Level Technicians and Professions,Female,No,No,Yes,No,No,No,5,12,14,12,14.377551020408134,0
29,2.8,-4.06,Single,Specialized diploma,Veterinary Nursing,Daytime,Specialized course,Romanian,Secondary Education,Higher education,Administrative staff,"Farmers and Skilled Workers in Agriculture, Fisheries, and Forestry",Female,Yes,No,Yes,No,No,No,0,12,0,0,0.0,1
19,-0.8,-3.12,Single,1st phase,Nursing,Daytime,Secondary education,Portuguese,Higher education,Secondary Education,Intermediate Level Technicians and Professions,Intermediate Level Technicians and Professions,Female,Yes,No,Yes,No,No,No,0,16,16,16,13.25375,0
20,0.5,1.79,Single,2nd phase,Oral Hygiene,Daytime,Secondary education,Angolan,Specialized course,Higher education,"Personal Services, Security and Safety Workers, and Sellers",Intermediate Level Technicians and Professions,Female,Yes,No,Yes,No,No,No,0,15,15,15,13.95333333333334,0
20,2.6,0.32,Single,1st phase,Nursing,Daytime,Secondary education,Portuguese,Specialized course,Basic education or less,Unskilled Workers,Intermediate Level Technicians and Professions,Female,No,No,Yes,No,No,No,0,14,14,12,13.9166666666667,0
19,0.6,2.02,Single,1st phase,Advertising and Marketing Management,Daytime,Secondary education,Portuguese,Specialized course,Basic education or less,Intermediate Level Technicians and Professions,"Skilled Workers in Industry, Construction, and Craftsmen",Female,Yes,No,Yes,No,No,No,0,12,17,12,13.537815126050434,0
21,1.4,1.74,Other,1st phase,Veterinary Nursing,Daytime,Secondary education,Portuguese,Specialized course,Secondary Education,Administrative staff,Administrative staff,Female,Yes,No,Yes,No,No,No,0,10,20,0,0.0,1
19,0.6,2.02,Single,2nd phase,Advertising and Marketing Management,Daytime,Secondary education,Angolan,Specialized course,Basic education or less,Administrative staff,Armed Forces Professions,Female,No,No,Yes,No,No,No,0,12,19,9,12.968421052631578,0
18,1.4,1.74,Single,1st phase,Nursing,Daytime,Secondary education,Portuguese,Specialized course,Basic education or less,Unskilled Workers,Unskilled Workers,Female,Yes,No,Yes,No,Yes,No,0,16,16,14,12.0828571428571,0
27,2.8,-4.06,Single,Over 23 years old,Social Service,Evening,Secondary education,Santomean,Specialized course,Basic education or less,"Skilled Workers in Industry, Construction, and Craftsmen",Installation and Machine Operators and Assembly Workers,Female,No,No,Yes,No,Yes,No,0,12,18,11,12.370370370370356,0
19,0.5,1.79,Single,2nd phase,Management,Daytime,Secondary education,Angolan,Specialized course,Basic education or less,Other,Installation and Machine Operators and Assembly Workers,Female,Yes,No,Yes,No,Yes,No,0,10,11,10,12.945454545454545,0
19,2.6,0.32,Single,1st phase,Nursing,Daytime,Secondary education,Portuguese,Secondary Education,Secondary Education,Other,Intermediate Level Technicians and Professions,Female,No,No,Yes,No,Yes,No,0,14,14,0,0.0,1
19,2.8,-4.06,Single,1st phase,Journalism and Communication,Daytime,Secondary education,Portuguese,Secondary Education,Basic education or less,Administrative staff,Installation and Machine Operators and Assembly Workers,Female,Yes,No,Yes,No,No,No,0,12,14,11,14.3857142857143,0
18,3.7,-1.7,Single,1st phase,Nursing,Daytime,Secondary education,Portuguese,Specialized course,Basic education or less,"Personal Services, Security and Safety Workers, and Sellers","Personal Services, Security and Safety Workers, and Sellers",Female,Yes,No,Yes,No,Yes,No,0,16,16,14,13.8142857142857,0
18,3.7,-1.7,Single,1st phase,Advertising and Marketing Management,Daytime,Secondary education,Portuguese,Specialized course,Basic education or less,Administrative staff,"Personal Services, Security and Safety Workers, and Sellers",Female,No,No,Yes,No,Yes,No,0,12,14,12,14.023809523809543,0
19,2.6,0.32,Single,1st phase,Advertising and Marketing Management,Daytime,Secondary education,Portuguese,Some High School,Secondary Education,Specialists in Intellectual and Scientific Activities,Administrative staff,Female,Yes,No,Yes,No,No,No,0,12,0,0,0.0,1
36,2.6,0.32,Married,Over 23 years old,Nursing,Daytime,Basic education 3rd cycle (9th/10th/11th year) or equivalent,Santomean,Specialized course,Basic education or less,Unskilled Workers,Unskilled Workers,Female,Yes,No,Yes,No,No,No,0,14,14,12,11.3,0
19,3.7,-1.7,Single,2nd phase,Nursing,Daytime,Secondary education,Angolan,Specialized course,Basic education or less,Unskilled Workers,Intermediate Level Technicians and Professions,Female,Yes,No,Yes,No,No,No,0,16,18,14,12.3,0
18,1.4,1.74,Single,1st phase,Nursing,Daytime,Secondary education,Portuguese,Specialized course,Basic education or less,"Skilled Workers in Industry, Construction, and Craftsmen",Installation and Machine Operators and Assembly Workers,Female,Yes,No,Yes,No,Yes,No,0,16,16,14,12.6942857142857,0
18,-0.8,-3.12,Single,2nd phase,Advertising and Marketing Management,Daytime,Secondary education,Angolan,Specialized course,Basic education or less,Other,Other,Female,No,No,Yes,No,No,No,0,10,10,8,11.0,0
19,0.5,1.79,Single,1st phase,Social Service,Daytime,Secondary education,Portuguese,Specialized course,Basic education or less,Unskilled Workers,Intermediate Level Technicians and Professions,Female,Yes,No,Yes,No,Yes,No,0,12,12,12,13.58333333333335,0
19,-0.3,0.79,Single,1st phase,Nursing,Daytime,Secondary education,Portuguese,Higher education,Secondary Education,Specialists in Intellectual and Scientific Activities,Other,Female,No,No,Yes,No,Yes,No,0,15,16,15,15.23125,0
18,2.8,-4.06,Single,1st phase,Nursing,Daytime,Secondary education,Portuguese,Secondary Education,Basic education or less,"Skilled Workers in Industry, Construction, and Craftsmen","Skilled Workers in Industry, Construction, and Craftsmen",Female,Yes,No,Yes,No,No,No,0,15,16,15,13.495625,1
20,0.6,2.02,Single,1st phase,Journalism and Communication,Daytime,Secondary education,Portuguese,Secondary Education,Basic education or less,Unskilled Workers,"Skilled Workers in Industry, Construction, and Craftsmen",Female,Yes,No,Yes,No,No,No,0,12,16,11,12.999999999999988,0
20,1.4,1.74,Single,3rd phase,Nursing,Daytime,Secondary education,Cape Verdean,Specialized course,Basic education or less,"Personal Services, Security and Safety Workers, and Sellers","Personal Services, Security and Safety Workers, and Sellers",Female,Yes,No,Yes,No,No,No,0,16,16,14,14.4028571428571,0
18,1.4,1.74,Single,1st phase,Nursing,Daytime,Secondary education,Portuguese,Specialized course,Basic education or less,Unskilled Workers,Installation and Machine Operators and Assembly Workers,Female,Yes,No,Yes,No,Yes,No,0,16,16,14,13.3814285714286,0
18,2.8,-4.06,Single,1st phase,Nursing,Daytime,Secondary education,Portuguese,Specialized course,Basic education or less,"Skilled Workers in Industry, Construction, and Craftsmen","Personal Services, Security and Safety Workers, and Sellers",Female,Yes,No,Yes,No,No,No,0,15,16,15,14.057500000000001,0
19,-0.8,-3.12,Single,2nd phase,Veterinary Nursing,Daytime,Secondary education,Angolan,Specialized course,Basic education or less,Administrative staff,"Skilled Workers in Industry, Construction, and Craftsmen",Female,No,No,Yes,No,No,No,0,10,17,10,12.02689075630251,0
44,2.6,0.32,Married,Over 23 years old,Social Service,Evening,Secondary education,Santomean,Some High School,Unknown,Other,Other,Female,No,No,Yes,No,No,No,1,12,24,8,11.062500000000012,0
32,0.5,1.79,Single,Holders of other higher courses,Agronomy,Daytime,Higher education,Italian,Specialized course,Basic education or less,"Personal Services, Security and Safety Workers, and Sellers","Farmers and Skilled Workers in Agriculture, Fisheries, and Forestry",Female,No,No,Yes,No,No,No,0,12,13,0,0.0,1
22,3.7,-1.7,Single,Change in institution/course,Other,Daytime,Secondary education,Brazilian,Specialized course,Basic education or less,Unskilled Workers,Installation and Machine Operators and Assembly Workers,Female,No,No,Yes,No,No,No,0,12,17,10,12.84705882352941,1
36,1.4,3.51,Married,Over 23 years old,Agronomy,Daytime,Secondary education,Santomean,Secondary Education,Basic education or less,Administrative staff,Unskilled Workers,Female,Yes,No,Yes,No,No,No,9,24,32,23,13.983828671328656,0
18,0.3,-0.92,Single,2nd phase,Journalism and Communication,Daytime,Secondary education,Angolan,Specialized course,Basic education or less,"Personal Services, Security and Safety Workers, and Sellers","Skilled Workers in Industry, Construction, and Craftsmen",Female,No,No,Yes,No,Yes,No,0,12,15,12,12.944444444444427,0
20,3.7,-1.7,Single,1st phase,Equiniculture,Daytime,Secondary education,Portuguese,Higher education,Higher education,Intermediate Level Technicians and Professions,Other,Female,Yes,No,Yes,No,No,No,0,10,10,10,15.5,0
20,0.6,2.02,Single,Change in institution/course,Design and Multimedia,Daytime,Secondary education,Other,Specialized course,Basic education or less,"Personal Services, Security and Safety Workers, and Sellers","Skilled Workers in Industry, Construction, and Craftsmen",Female,No,No,Yes,No,Yes,No,10,22,22,22,13.63636363636365,0
19,2.8,-4.06,Single,2nd phase,Social Service,Daytime,Secondary education,Angolan,Higher education,Secondary Education,Specialists in Intellectual and Scientific Activities,Intermediate Level Technicians and Professions,Female,No,No,Yes,No,No,No,0,12,19,9,10.542105263157895,0
24,0.5,1.79,Single,Over 23 years old,Management,Daytime,Basic education 3rd cycle (9th/10th/11th year) or equivalent,Santomean,Higher education,Secondary Education,Intermediate Level Technicians and Professions,"Personal Services, Security and Safety Workers, and Sellers",Female,Yes,No,Yes,Yes,No,No,0,10,14,10,11.057142857142855,0
27,1.4,1.74,Single,Change in institution/course,Social Service,Evening,Secondary education,Brazilian,Higher education,Higher education,Specialists in Intellectual and Scientific Activities,Intermediate Level Technicians and Professions,Female,No,No,Yes,No,No,No,11,21,21,14,11.106878306878286,1
23,-0.8,-3.12,Single,Change in institution/course,Social Service,Daytime,Secondary education,Brazilian,Some High School,Unknown,Other,Other,Female,No,No,Yes,No,Yes,No,26,29,33,29,13.121212121212135,0
18,-0.8,-3.12,Single,1st phase,Nursing,Daytime,Secondary education,Portuguese,Specialized course,Basic education or less,Administrative staff,Installation and Machine Operators and Assembly Workers,Female,Yes,No,Yes,No,Yes,No,0,16,18,16,13.31,0
18,3.7,-1.7,Single,2nd phase,Social Service,Daytime,Secondary education,Angolan,Specialized course,Basic education or less,Administrative staff,Unskilled Workers,Female,Yes,No,Yes,No,Yes,No,0,12,19,10,11.342857142857158,0
20,1.4,1.74,Single,2nd phase,Nursing,Daytime,Secondary education,Angolan,Secondary Education,Basic education or less,Unskilled Workers,Unskilled Workers,Female,Yes,No,Yes,No,Yes,No,0,16,16,14,13.4871428571429,0
20,-0.3,0.79,Single,1st phase,Tourism,Daytime,Secondary education,Portuguese,Specialized course,Basic education or less,Unskilled Workers,"Skilled Workers in Industry, Construction, and Craftsmen",Female,No,No,Yes,No,Yes,No,0,12,13,12,12.064102564102532,0
23,0.6,2.02,Single,1st phase,Advertising and Marketing Management,Daytime,Secondary education,Portuguese,Specialized course,Basic education or less,"Skilled Workers in Industry, Construction, and Craftsmen",Armed Forces Professions,Female,No,No,Yes,No,No,No,0,12,20,11,12.306249999999986,1
20,2.6,0.32,Single,1st phase,Nursing,Daytime,Secondary education,Portuguese,Specialized course,Basic education or less,Unskilled Workers,Unskilled Workers,Female,Yes,No,Yes,No,No,No,0,14,14,12,13.9666666666667,0
28,2.6,0.32,Single,Over 23 years old,Tourism,Daytime,Other,Santomean,Some High School,Unknown,Other,Other,Female,Yes,No,No,No,No,No,0,10,20,0,0.0,1
21,2.6,0.32,Single,1st phase,Advertising and Marketing Management,Daytime,Secondary education,Portuguese,Secondary Education,Basic education or less,Intermediate Level Technicians and Professions,"Personal Services, Security and Safety Workers, and Sellers",Female,Yes,No,Yes,No,No,No,0,10,13,9,12.0,0
21,0.5,1.79,Single,1st phase,Oral Hygiene,Daytime,Secondary education,Portuguese,Specialized course,Basic education or less,Unskilled Workers,Unskilled Workers,Female,Yes,No,Yes,No,No,No,0,9,2,2,12.5,1
28,2.6,0.32,Single,Holders of other higher courses,Nursing,Daytime,Higher education,Italian,Some High School,Unknown,Other,Other,Female,No,No,Yes,No,No,No,0,15,0,0,0.0,1
18,0.3,-0.92,Single,1st phase,Nursing,Daytime,Secondary education,Portuguese,Higher education,Secondary Education,Intermediate Level Technicians and Professions,Intermediate Level Technicians and Professions,Female,No,Yes,Yes,No,No,No,0,15,21,13,12.632142857142856,0
19,-0.3,0.79,Single,1st phase,Nursing,Daytime,Secondary education,Portuguese,Secondary Education,Secondary Education,Administrative staff,Administrative staff,Female,No,No,Yes,No,No,No,0,15,18,14,12.691269841269834,0
18,3.7,-1.7,Single,3rd phase,Nursing,Daytime,Secondary education,Cape Verdean,Secondary Education,Basic education or less,Other,Other,Female,Yes,No,Yes,No,Yes,No,0,16,16,14,14.3142857142857,0
19,2.6,0.32,Single,1st phase,Nursing,Daytime,Secondary education,Portuguese,Higher education,Secondary Education,Specialists in Intellectual and Scientific Activities,"Personal Services, Security and Safety Workers, and Sellers",Female,No,No,Yes,No,No,No,0,15,0,0,0.0,1
20,0.5,1.79,Single,1st phase,Nursing,Daytime,Secondary education,Portuguese,Secondary Education,Basic education or less,Unskilled Workers,"Personal Services, Security and Safety Workers, and Sellers",Female,Yes,No,Yes,No,Yes,No,0,15,19,13,12.430827067669172,0
18,1.4,1.74,Single,2nd phase,Other,Daytime,Secondary education,Angolan,Secondary Education,Basic education or less,"Skilled Workers in Industry, Construction, and Craftsmen",Unskilled Workers,Female,No,No,Yes,No,Yes,No,0,12,14,11,12.43333333333335,0
20,1.4,1.74,Single,Change in institution/course,Advertising and Marketing Management,Daytime,Secondary education,Brazilian,Specialized course,Basic education or less,Administrative staff,Intermediate Level Technicians and Professions,Female,Yes,No,Yes,No,No,No,4,12,17,10,10.95378151260506,1
31,-0.3,0.79,Single,Over 23 years old,Advertising and Marketing Management,Daytime,Secondary education,Santomean,Secondary Education,Basic education or less,"Personal Services, Security and Safety Workers, and Sellers",Administrative staff,Female,No,No,Yes,No,No,No,2,12,27,9,11.581481481481482,1
19,2.8,-4.06,Single,2nd phase,Nursing,Daytime,Secondary education,Angolan,Specialized course,Basic education or less,Unskilled Workers,"Skilled Workers in Industry, Construction, and Craftsmen",Female,Yes,No,Yes,No,Yes,No,0,15,16,15,14.591875,0
19,-0.3,0.79,Single,1st phase,Nursing,Daytime,Secondary education,Portuguese,Specialized course,Basic education or less,"Personal Services, Security and Safety Workers, and Sellers","Personal Services, Security and Safety Workers, and Sellers",Female,Yes,No,Yes,No,Yes,No,0,15,17,13,12.627731092436948,0
23,-0.3,0.79,Single,1st phase,Design and Multimedia,Daytime,Secondary education,Portuguese,Specialized course,Secondary Education,Intermediate Level Technicians and Professions,Installation and Machine Operators and Assembly Workers,Female,No,No,Yes,No,No,No,1,12,16,12,12.4375,0
19,0.5,1.79,Single,1st phase,Advertising and Marketing Management,Daytime,Secondary education,Portuguese,Specialized course,Basic education or less,"Personal Services, Security and Safety Workers, and Sellers","Personal Services, Security and Safety Workers, and Sellers",Female,No,No,Yes,No,No,No,0,12,13,12,14.153846153846162,0
20,2.6,0.32,Single,1st phase,Nursing,Daytime,Secondary education,Portuguese,Secondary Education,Higher education,Intermediate Level Technicians and Professions,Other,Female,Yes,No,Yes,No,No,No,0,14,14,12,12.6,0
27,3.7,-1.7,Single,Holders of other higher courses,Equiniculture,Daytime,Higher education,Italian,Specialized course,Basic education or less,Other,"Personal Services, Security and Safety Workers, and Sellers",Female,No,No,No,Yes,No,No,1,10,11,3,11.272727272727273,1
29,3.7,-1.7,Single,Over 23 years old,Oral Hygiene,Daytime,Basic education 3rd cycle (9th/10th/11th year) or equivalent,Santomean,Specialized course,Basic education or less,Unskilled Workers,Unskilled Workers,Female,No,No,Yes,No,No,No,0,14,9,1,10.0,1
18,0.6,2.02,Single,2nd phase,Tourism,Daytime,Secondary education,Angolan,Secondary Education,Basic education or less,Administrative staff,Intermediate Level Technicians and Professions,Female,Yes,No,Yes,No,No,No,0,12,20,10,12.0,0
18,0.3,-0.92,Single,2nd phase,Design and Multimedia,Daytime,Secondary education,Angolan,Specialized course,Basic education or less,Unskilled Workers,"Skilled Workers in Industry, Construction, and Craftsmen",Female,No,No,Yes,No,No,No,0,12,13,11,12.200000000000015,0
18,-0.8,-3.12,Single,2nd phase,Nursing,Daytime,Secondary education,Angolan,Specialized course,Basic education or less,"Skilled Workers in Industry, Construction, and Craftsmen","Skilled Workers in Industry, Construction, and Craftsmen",Female,No,No,Yes,No,No,No,0,16,16,16,12.77125,0
18,0.6,2.02,Single,2nd phase,Tourism,Daytime,Secondary education,Angolan,Specialized course,Basic education or less,Unskilled Workers,Unskilled Workers,Female,Yes,No,Yes,No,No,No,0,12,13,11,13.707692307692325,0
28,1.4,1.74,Single,Holders of other higher courses,Veterinary Nursing,Daytime,Higher education,Italian,Higher education,Higher education,Other,Other,Female,No,No,No,No,No,No,0,9,19,1,5.684210526315789,1
18,3.7,-1.7,Single,1st phase,Nursing,Daytime,Secondary education,Portuguese,Specialized course,Secondary Education,"Skilled Workers in Industry, Construction, and Craftsmen","Skilled Workers in Industry, Construction, and Craftsmen",Female,Yes,No,Yes,No,Yes,No,0,16,24,14,11.721428571428598,0
18,3.7,-1.7,Single,1st phase,Journalism and Communication,Daytime,Secondary education,Portuguese,Specialized course,Secondary Education,Unskilled Workers,Intermediate Level Technicians and Professions,Female,Yes,No,Yes,No,No,No,0,12,12,12,13.1666666666667,0
18,-0.8,-3.12,Single,1st phase,Equiniculture,Daytime,Secondary education,Portuguese,Higher education,Higher education,Specialists in Intellectual and Scientific Activities,Other,Female,No,No,Yes,No,No,No,0,10,18,9,13.333333333333334,1
21,2.8,-4.06,Single,1st phase,Management,Daytime,Secondary education,Portuguese,Secondary Education,Basic education or less,Administrative staff,"Farmers and Skilled Workers in Agriculture, Fisheries, and Forestry",Female,No,Yes,Yes,No,No,No,0,10,11,0,0.0,1
32,1.4,1.74,Married,Over 23 years old,Social Service,Evening,Secondary education,Santomean,Some High School,Unknown,Other,Other,Female,No,No,No,No,No,No,0,10,15,0,0.0,1
28,2.6,0.32,Single,Over 23 years old,Advertising and Marketing Management,Daytime,Secondary education,Santomean,Some High School,Unknown,Other,Other,Female,No,No,Yes,No,No,No,0,10,13,8,12.096153846153847,0
40,3.7,-1.7,Single,Over 23 years old,Management,Evening,Secondary education,Santomean,Specialized course,Basic education or less,Unskilled Workers,Other,Female,No,No,No,No,No,No,0,9,4,0,0.0,1
39,-0.8,-3.12,Married,3rd phase,Social Service,Evening,Secondary education,Cape Verdean,Specialized course,Basic education or less,Unskilled Workers,Armed Forces Professions,Female,No,No,No,Yes,No,No,0,9,9,0,0.0,1
39,-0.8,-3.12,Married,3rd phase,Social Service,Daytime,Secondary education,Cape Verdean,Specialized course,Basic education or less,Unskilled Workers,Armed Forces Professions,Female,No,No,No,Yes,No,No,0,12,0,0,0.0,1
50,1.4,3.51,Married,Over 23 years old,Agronomy,Daytime,Secondary education,Santomean,Specialized course,Basic education or less,Unskilled Workers,Administrative staff,Female,No,No,Yes,No,No,No,0,12,22,11,12.431818181818182,0
23,1.4,1.74,Single,2nd phase,Other,Daytime,Secondary education,Angolan,Secondary Education,Secondary Education,Unskilled Workers,Administrative staff,Female,Yes,No,Yes,No,No,No,0,12,19,8,12.263157894736857,1
48,-0.8,-3.12,Other,Over 23 years old,Social Service,Evening,Basic education 3rd cycle (9th/10th/11th year) or equivalent,Santomean,Some High School,Unknown,Other,Other,Female,No,No,Yes,No,No,No,0,12,22,2,10.5,1
23,2.6,0.32,Single,2nd phase,Other,Daytime,Secondary education,Angolan,Specialized course,Basic education or less,Unskilled Workers,Unskilled Workers,Female,Yes,No,Yes,No,No,No,0,12,21,9,10.75,1
18,1.4,1.74,Single,1st phase,Nursing,Daytime,Secondary education,Portuguese,Specialized course,Secondary Education,"Personal Services, Security and Safety Workers, and Sellers","Personal Services, Security and Safety Workers, and Sellers",Female,Yes,No,Yes,No,Yes,No,0,16,16,14,12.61,0
18,-0.8,-3.12,Single,2nd phase,Equiniculture,Daytime,Secondary education,Angolan,Higher education,Basic education or less,Specialists in Intellectual and Scientific Activities,Unskilled Workers,Female,No,No,Yes,No,No,No,0,10,20,7,12.18,0
20,-0.3,0.79,Single,Other,Social Service,Daytime,Secondary education,Other,Higher education,Basic education or less,Specialists in Intellectual and Scientific Activities,Installation and Machine Operators and Assembly Workers,Female,Yes,No,No,No,No,Yes,0,12,16,11,13.21875,0
18,1.4,1.74,Single,3rd phase,Veterinary Nursing,Daytime,Secondary education,Cape Verdean,Secondary Education,Secondary Education,Unskilled Workers,Unskilled Workers,Female,Yes,No,Yes,No,Yes,Yes,0,10,17,9,12.470588235294118,0
18,0.3,-0.92,Single,1st phase,Oral Hygiene,Daytime,Secondary education,Portuguese,Higher education,Higher education,Other,Other,Female,Yes,No,Yes,No,No,Yes,0,15,16,4,6.0,1
31,0.3,-0.92,Single,Change in institution/course,Informatics Engineering,Daytime,Secondary education,Brazilian,Secondary Education,Secondary Education,Unskilled Workers,Intermediate Level Technicians and Professions,Male,No,No,Yes,No,No,No,0,10,21,2,11.571428571428571,1
26,1.4,1.74,Single,Over 23 years old,Management,Daytime,Secondary education,Santomean,Specialized course,Basic education or less,Unskilled Workers,Unskilled Workers,Male,No,No,No,Yes,No,No,0,10,14,0,0.0,1
18,0.3,-0.92,Single,1st phase,Equiniculture,Daytime,Secondary education,Portuguese,Higher education,Higher education,Specialists in Intellectual and Scientific Activities,Other,Male,Yes,No,Yes,Yes,No,No,0,12,20,9,12.78125,1
22,-0.3,0.79,Single,2nd phase,Advertising and Marketing Management,Daytime,Secondary education,Angolan,Specialized course,Basic education or less,Unskilled Workers,Installation and Machine Operators and Assembly Workers,Male,Yes,No,Yes,No,No,No,0,12,0,0,0.0,1
18,1.4,1.74,Single,1st phase,Nursing,Daytime,Secondary education,Portuguese,Higher education,Higher education,Specialists in Intellectual and Scientific Activities,Intermediate Level Technicians and Professions,Male,Yes,No,Yes,No,No,No,0,16,16,14,11.69,0
20,0.3,-0.92,Single,Specialized diploma,Design and Multimedia,Daytime,Specialized course,Romanian,Secondary Education,Basic education or less,Administrative staff,"Skilled Workers in Industry, Construction, and Craftsmen",Male,No,No,No,Yes,No,No,0,12,23,0,0.0,1
24,-0.3,0.79,Single,Change in institution/course,Management,Evening,Secondary education,Brazilian,Higher education,Higher education,Administrative staff,Administrative staff,Male,Yes,No,Yes,No,No,No,0,10,21,9,11.387755102040824,0
27,1.4,3.51,Single,Over 23 years old,Informatics Engineering,Daytime,Secondary education,Santomean,Higher education,Higher education,Administrative staff,Administrative staff,Male,Yes,No,Yes,No,No,No,0,10,10,1,14.0,1
21,2.8,-4.06,Single,2nd phase,Tourism,Daytime,Secondary education,Angolan,Higher education,Basic education or less,Administrative staff,Administrative staff,Male,No,No,Yes,No,No,No,0,12,14,10,11.700000000000001,0
21,0.5,1.79,Single,Specialized diploma,Agronomy,Daytime,Specialized course,Romanian,Specialized course,Basic education or less,Intermediate Level Technicians and Professions,Unskilled Workers,Male,Yes,No,Yes,No,No,No,0,12,13,12,13.000000000000039,0
19,1.4,1.74,Single,3rd phase,Journalism and Communication,Daytime,Secondary education,Cape Verdean,Specialized course,Secondary Education,Unskilled Workers,Unskilled Workers,Male,Yes,No,Yes,No,No,No,0,12,15,10,12.03333333333332,1
28,0.3,-0.92,Single,Over 23 years old,Nursing,Daytime,Secondary education,Santomean,Specialized course,Basic education or less,"Personal Services, Security and Safety Workers, and Sellers","Personal Services, Security and Safety Workers, and Sellers",Male,No,No,Yes,No,No,No,0,15,18,15,14.827777777777754,0
21,2.8,-4.06,Single,Specialized diploma,Agronomy,Daytime,Specialized course,Romanian,Secondary Education,Basic education or less,Administrative staff,Armed Forces Professions,Male,No,No,Yes,No,Yes,No,0,12,18,12,12.791666666666666,0
18,0.3,-0.92,Single,1st phase,Nursing,Daytime,Secondary education,Portuguese,Secondary Education,Secondary Education,"Personal Services, Security and Safety Workers, and Sellers",Intermediate Level Technicians and Professions,Male,No,No,Yes,No,Yes,No,0,15,16,15,15.525000000000025,0
19,-0.3,0.79,Single,2nd phase,Management,Daytime,Secondary education,Angolan,Specialized course,Basic education or less,Unskilled Workers,"Skilled Workers in Industry, Construction, and Craftsmen",Male,Yes,No,Yes,No,No,No,0,10,16,10,12.125,0
19,0.5,1.79,Single,1st phase,Informatics Engineering,Daytime,Secondary education,Portuguese,Some High School,Basic education or less,Administrative staff,"Personal Services, Security and Safety Workers, and Sellers",Male,Yes,No,Yes,No,No,No,0,10,22,6,12.0,1
25,3.7,-1.7,Single,Over 23 years old,Journalism and Communication,Daytime,Basic education 3rd cycle (9th/10th/11th year) or equivalent,Santomean,Specialized course,Secondary Education,"Skilled Workers in Industry, Construction, and Craftsmen",Unskilled Workers,Male,Yes,No,No,Yes,No,No,0,12,19,8,13.355263157894736,1
21,2.8,-4.06,Single,Change in institution/course,Design and Multimedia,Daytime,Secondary education,Brazilian,Some High School,Some High School,Other,Armed Forces Professions,Male,No,No,Yes,Yes,No,No,8,19,23,12,12.681159420289884,1
19,0.6,2.02,Single,2nd phase,Informatics Engineering,Daytime,Secondary education,Angolan,Secondary Education,Higher education,Intermediate Level Technicians and Professions,Other,Male,Yes,No,Yes,No,No,No,0,11,20,2,5.5,1
20,0.6,2.02,Single,2nd phase,Management,Daytime,Secondary education,Angolan,Secondary Education,Secondary Education,Administrative staff,Administrative staff,Male,No,No,Yes,No,No,No,0,10,19,0,0.0,1
25,2.8,-4.06,Single,Specialized diploma,Agronomy,Daytime,Specialized course,Romanian,Higher education,Higher education,Specialists in Intellectual and Scientific Activities,Other,Male,No,No,Yes,No,No,No,12,23,29,20,11.724137931034488,1
23,-0.8,-3.12,Single,Change in institution/course,Nursing,Daytime,Secondary education,Other,Secondary Education,Higher education,Unskilled Workers,Armed Forces Professions,Male,Yes,No,Yes,No,No,No,0,16,16,16,12.5075,0
21,1.4,3.51,Single,Specialized diploma,Agronomy,Daytime,Specialized course,Other,Higher education,Basic education or less,Other,Other,Male,No,No,Yes,No,No,No,12,24,32,22,12.051136363636369,0
25,0.5,1.79,Single,Over 23 years old,Management,Evening,Secondary education,Santomean,Secondary Education,Secondary Education,Administrative staff,Armed Forces Professions,Male,No,No,Yes,No,No,No,0,10,21,3,10.507936507936495,1
18,1.4,3.51,Single,1st phase,Equiniculture,Daytime,Secondary education,Portuguese,Specialized course,Basic education or less,Unskilled Workers,Unskilled Workers,Male,Yes,No,Yes,No,No,No,0,12,15,11,13.32,0
22,1.4,1.74,Single,1st phase,Design and Multimedia,Daytime,Other,Portuguese,Secondary Education,Secondary Education,Unskilled Workers,Unskilled Workers,Male,Yes,No,Yes,No,No,No,0,12,14,12,13.857142857142872,0
27,1.4,3.51,Single,Over 23 years old,Advertising and Marketing Management,Daytime,Secondary education,Santomean,Specialized course,Basic education or less,Intermediate Level Technicians and Professions,Unskilled Workers,Male,No,No,Yes,No,No,No,0,12,14,12,14.357142857142849,0
25,0.3,-0.92,Single,Over 23 years old,Agronomy,Daytime,Basic education 3rd cycle (9th/10th/11th year) or equivalent,Santomean,Higher education,Secondary Education,Specialists in Intellectual and Scientific Activities,Administrative staff,Male,No,No,Yes,No,No,No,0,6,9,0,0.0,1
18,2.6,0.32,Single,2nd phase,Informatics Engineering,Daytime,Secondary education,Angolan,Some High School,Basic education or less,Other,"Personal Services, Security and Safety Workers, and Sellers",Male,Yes,No,Yes,No,No,No,0,10,19,6,11.491228070175438,1
20,3.7,-1.7,Single,2nd phase,Veterinary Nursing,Daytime,Secondary education,Angolan,Specialized course,Basic education or less,Other,Installation and Machine Operators and Assembly Workers,Male,No,No,Yes,No,No,No,0,10,12,10,14.433333333333332,0
27,0.3,-0.92,Single,Over 23 years old,Agronomy,Daytime,Secondary education,Santomean,Higher education,Higher education,Specialists in Intellectual and Scientific Activities,Other,Male,No,No,Yes,No,No,No,0,12,23,10,12.152173913043478,0
20,2.6,0.32,Single,1st phase,Social Service,Evening,Secondary education,Portuguese,Secondary Education,Secondary Education,Unskilled Workers,Unskilled Workers,Male,No,No,Yes,No,No,No,0,12,16,12,12.072916666666682,0
22,2.6,0.32,Single,1st phase,Management,Daytime,Secondary education,Portuguese,Specialized course,Basic education or less,Unskilled Workers,Unskilled Workers,Male,Yes,No,Yes,No,No,No,0,10,14,1,4.285714285714286,1
19,0.5,1.79,Single,2nd phase,Informatics Engineering,Daytime,Secondary education,Angolan,Specialized course,Higher education,"Personal Services, Security and Safety Workers, and Sellers",Armed Forces Professions,Male,Yes,No,Yes,No,No,No,0,10,21,6,10.657142857142858,1
29,-0.8,-3.12,Married,Over 23 years old,Veterinary Nursing,Daytime,Other,Santomean,Secondary Education,Secondary Education,Administrative staff,Administrative staff,Male,Yes,No,No,No,No,No,0,10,20,0,0.0,1
19,3.7,-1.7,Single,1st phase,Nursing,Daytime,Secondary education,Portuguese,Higher education,Secondary Education,Unskilled Workers,Unskilled Workers,Male,No,No,Yes,No,No,No,0,16,16,14,13.8285714285714,0
20,2.6,0.32,Married,1st phase,Social Service,Daytime,Secondary education,Portuguese,Specialized course,Basic education or less,"Personal Services, Security and Safety Workers, and Sellers","Personal Services, Security and Safety Workers, and Sellers",Female,No,No,Yes,No,No,No,0,12,13,12,11.576923076923093,0
20,1.4,1.74,Single,1st phase,Design and Multimedia,Daytime,Secondary education,Portuguese,Specialized course,Basic education or less,Unskilled Workers,Installation and Machine Operators and Assembly Workers,Female,Yes,No,Yes,No,No,No,0,12,14,10,13.571428571428571,0
31,2.6,0.32,Single,Over 23 years old,Social Service,Evening,Secondary education,Santomean,Some High School,Higher education,Other,Other,Female,Yes,No,Yes,No,No,No,0,12,12,0,0.0,1
18,-0.3,0.79,Single,2nd phase,Nursing,Daytime,Secondary education,Angolan,Some High School,Secondary Education,"Personal Services, Security and Safety Workers, and Sellers","Personal Services, Security and Safety Workers, and Sellers",Female,Yes,No,Yes,No,No,No,0,15,17,14,12.578151260504194,0
18,-0.3,0.79,Single,1st phase,Management,Daytime,Secondary education,Portuguese,Specialized course,Basic education or less,Unskilled Workers,Installation and Machine Operators and Assembly Workers,Female,Yes,No,Yes,No,No,No,0,10,19,8,12.378947368421052,0
19,1.4,1.74,Single,2nd phase,Tourism,Daytime,Secondary education,Angolan,Specialized course,Basic education or less,"Skilled Workers in Industry, Construction, and Craftsmen","Skilled Workers in Industry, Construction, and Craftsmen",Female,No,No,Yes,No,No,No,0,12,16,10,11.7,0
18,3.7,-1.7,Single,1st phase,Management,Daytime,Secondary education,Portuguese,Secondary Education,Basic education or less,Intermediate Level Technicians and Professions,Intermediate Level Technicians and Professions,Female,No,No,Yes,No,Yes,No,0,10,10,10,15.1,0
19,2.6,0.32,Single,2nd phase,Veterinary Nursing,Daytime,Secondary education,Angolan,Specialized course,Basic education or less,Other,Other,Female,No,No,Yes,No,No,No,0,10,14,8,12.599999999999998,0
18,2.8,-4.06,Single,2nd phase,Journalism and Communication,Daytime,Secondary education,Angolan,Specialized course,Basic education or less,Unskilled Workers,Installation and Machine Operators and Assembly Workers,Female,Yes,No,Yes,No,Yes,No,0,12,13,12,12.53846153846153,0
19,2.6,0.32,Single,1st phase,Tourism,Daytime,Secondary education,Portuguese,Specialized course,Basic education or less,Unskilled Workers,Intermediate Level Technicians and Professions,Female,Yes,No,Yes,No,No,No,0,12,26,9,11.846153846153861,0
19,-0.3,0.79,Single,1st phase,Oral Hygiene,Daytime,Secondary education,Portuguese,Specialized course,Secondary Education,"Personal Services, Security and Safety Workers, and Sellers",Administrative staff,Female,No,No,Yes,No,No,No,0,15,17,15,12.944852941176471,0
18,1.4,1.74,Single,1st phase,Advertising and Marketing Management,Daytime,Secondary education,Portuguese,Specialized course,Secondary Education,Unskilled Workers,Intermediate Level Technicians and Professions,Female,Yes,No,Yes,No,No,No,0,12,17,12,14.300653594771259,0
20,0.6,2.02,Single,Specialized diploma,Advertising and Marketing Management,Daytime,Specialized course,Romanian,Specialized course,Secondary Education,Unskilled Workers,Administrative staff,Female,No,No,Yes,No,Yes,No,4,12,16,12,12.757812500000012,0
29,1.4,1.74,Single,Over 23 years old,Management,Evening,Higher education,Santomean,Specialized course,Basic education or less,Unskilled Workers,Unskilled Workers,Female,No,No,Yes,No,No,No,19,28,31,22,11.501466275659823,1
20,2.6,0.32,Single,2nd phase,Other,Daytime,Secondary education,Angolan,Specialized course,Some High School,"Skilled Workers in Industry, Construction, and Craftsmen",Other,Female,No,No,No,No,Yes,No,0,12,24,7,10.833333333333334,1
31,1.4,3.51,Other,Over 23 years old,Other,Daytime,Secondary education,Santomean,Specialized course,Secondary Education,Unskilled Workers,Armed Forces Professions,Female,No,No,No,Yes,No,No,0,14,17,11,12.631372549019622,1
20,1.4,1.74,Single,2nd phase,Advertising and Marketing Management,Daytime,Secondary education,Angolan,Specialized course,Basic education or less,"Skilled Workers in Industry, Construction, and Craftsmen",Administrative staff,Female,No,Yes,Yes,No,No,No,0,12,16,12,13.291666666666693,0
21,2.8,-4.06,Single,2nd phase,Agronomy,Daytime,Secondary education,Angolan,Specialized course,Basic education or less,Unskilled Workers,Unskilled Workers,Female,Yes,No,Yes,No,No,No,23,31,35,31,11.73015873015875,0
23,0.5,1.79,Single,Holders of other higher courses,Equiniculture,Daytime,Higher education,Italian,Specialized course,Basic education or less,Unskilled Workers,Unskilled Workers,Female,Yes,No,Yes,No,No,No,0,12,0,0,0.0,1
21,1.4,1.74,Single,2nd phase,Design and Multimedia,Daytime,Secondary education,Angolan,Specialized course,Basic education or less,"Personal Services, Security and Safety Workers, and Sellers","Skilled Workers in Industry, Construction, and Craftsmen",Female,No,No,No,Yes,No,No,0,12,14,8,12.200000000000001,1
24,0.3,-0.92,Single,Holders of other higher courses,Nursing,Daytime,Higher education,Italian,Secondary Education,Secondary Education,Unskilled Workers,Administrative staff,Female,No,No,Yes,No,No,No,7,15,16,15,16.24374999999998,0
27,2.8,-4.06,Single,Over 23 years old,Social Service,Evening,Secondary education,Santomean,Secondary Education,Secondary Education,Administrative staff,Administrative staff,Female,No,No,Yes,No,No,No,1,12,12,12,12.41666666666665,0
18,-0.3,0.79,Single,1st phase,Nursing,Daytime,Secondary education,Portuguese,Secondary Education,Basic education or less,Intermediate Level Technicians and Professions,Installation and Machine Operators and Assembly Workers,Female,No,No,Yes,No,Yes,No,0,15,17,15,14.352941176470612,0
19,2.6,0.32,Single,2nd phase,Equiniculture,Daytime,Secondary education,Angolan,Specialized course,Higher education,Intermediate Level Technicians and Professions,Other,Female,Yes,No,Yes,Yes,Yes,No,0,10,12,0,0.0,1
19,1.4,1.74,Single,1st phase,Nursing,Daytime,Secondary education,Portuguese,Specialized course,Basic education or less,"Skilled Workers in Industry, Construction, and Craftsmen","Skilled Workers in Industry, Construction, and Craftsmen",Female,Yes,No,Yes,No,Yes,No,0,16,16,14,12.3557142857143,0
18,0.5,1.79,Single,2nd phase,Veterinary Nursing,Daytime,Secondary education,Angolan,Specialized course,Basic education or less,Other,Other,Female,No,No,Yes,No,No,No,0,12,0,0,0.0,1
20,1.4,3.51,Single,1st phase,Other,Daytime,Secondary education,Portuguese,Specialized course,Basic education or less,Other,Other,Female,Yes,No,Yes,Yes,Yes,No,0,14,15,14,13.171428571428606,0
24,-0.8,-3.12,Married,1st phase,Social Service,Evening,Secondary education,Portuguese,Secondary Education,Basic education or less,Administrative staff,"Skilled Workers in Industry, Construction, and Craftsmen",Female,Yes,No,Yes,No,No,No,0,12,15,11,13.46666666666668,0
20,0.5,1.79,Single,1st phase,Design and Multimedia,Daytime,Secondary education,Portuguese,Secondary Education,Secondary Education,Other,Other,Female,Yes,No,Yes,No,No,No,0,12,16,12,11.791666666666675,0
19,3.7,-1.7,Single,1st phase,Nursing,Daytime,Secondary education,Portuguese,Specialized course,Basic education or less,Unskilled Workers,Unskilled Workers,Female,Yes,No,Yes,No,Yes,No,0,16,16,14,12.3571428571429,0
18,3.7,-1.7,Single,1st phase,Nursing,Daytime,Secondary education,Portuguese,Secondary Education,Basic education or less,Unskilled Workers,Unskilled Workers,Female,Yes,No,Yes,No,Yes,No,0,16,16,14,13.8571428571429,0
20,-0.8,-3.12,Single,2nd phase,Social Service,Daytime,Higher education,Angolan,Specialized course,Basic education or less,"Skilled Workers in Industry, Construction, and Craftsmen",Installation and Machine Operators and Assembly Workers,Female,Yes,No,Yes,No,Yes,No,0,12,12,12,11.5,0
20,0.3,-0.92,Single,2nd phase,Nursing,Daytime,Secondary education,Angolan,Specialized course,Basic education or less,Unskilled Workers,Installation and Machine Operators and Assembly Workers,Female,Yes,No,Yes,No,No,No,0,15,18,15,13.37033509700179,0
19,0.6,2.02,Single,2nd phase,Nursing,Daytime,Secondary education,Angolan,Specialized course,Basic education or less,Administrative staff,"Skilled Workers in Industry, Construction, and Craftsmen",Female,Yes,No,Yes,No,Yes,No,0,15,18,14,12.679375,0
20,3.7,-1.7,Single,1st phase,Journalism and Communication,Daytime,Secondary education,Portuguese,Higher education,Basic education or less,Administrative staff,"Personal Services, Security and Safety Workers, and Sellers",Female,Yes,No,Yes,No,No,No,0,12,12,12,13.16666666666665,0
19,-0.3,0.79,Single,2nd phase,Management,Daytime,Secondary education,Angolan,Secondary Education,Basic education or less,Administrative staff,Intermediate Level Technicians and Professions,Female,Yes,No,Yes,No,No,No,0,10,26,4,10.432692307692308,1
19,-0.8,-3.12,Single,2nd phase,Other,Daytime,Secondary education,Angolan,Specialized course,Basic education or less,Unskilled Workers,"Skilled Workers in Industry, Construction, and Craftsmen",Female,Yes,No,Yes,No,No,No,0,12,21,8,11.821428571428571,1
18,-0.8,-3.12,Single,2nd phase,Nursing,Daytime,Secondary education,Angolan,Specialized course,Basic education or less,"Skilled Workers in Industry, Construction, and Craftsmen","Personal Services, Security and Safety Workers, and Sellers",Female,Yes,No,Yes,No,Yes,No,0,16,16,16,13.73125,0
23,0.6,2.02,Single,2nd phase,Design and Multimedia,Daytime,Secondary education,Angolan,Specialized course,Basic education or less,Unskilled Workers,Unskilled Workers,Female,No,No,Yes,No,Yes,No,0,12,14,9,12.952380952380958,1
21,3.7,-1.7,Single,1st phase,Other,Daytime,Secondary education,Portuguese,Specialized course,Basic education or less,Unskilled Workers,Installation and Machine Operators and Assembly Workers,Female,Yes,No,Yes,No,No,No,0,12,17,10,11.36470588235294,1
23,0.6,2.02,Single,Specialized diploma,Social Service,Evening,Specialized course,Romanian,Specialized course,Basic education or less,Other,"Farmers and Skilled Workers in Agriculture, Fisheries, and Forestry",Female,Yes,No,Yes,No,No,No,8,17,20,15,11.1111111111111,0
19,-0.3,0.79,Single,1st phase,Nursing,Daytime,Secondary education,Portuguese,Specialized course,Basic education or less,Unskilled Workers,"Skilled Workers in Industry, Construction, and Craftsmen",Female,Yes,No,Yes,No,No,No,0,15,17,15,13.441176470588228,0
18,0.5,1.79,Single,2nd phase,Journalism and Communication,Daytime,Secondary education,Angolan,Secondary Education,Basic education or less,"Personal Services, Security and Safety Workers, and Sellers","Farmers and Skilled Workers in Agriculture, Fisheries, and Forestry",Female,Yes,No,Yes,No,No,No,0,12,12,12,13.58333333333335,0
19,1.4,1.74,Single,1st phase,Journalism and Communication,Daytime,Secondary education,Portuguese,Specialized course,Basic education or less,Unskilled Workers,Unskilled Workers,Female,Yes,Yes,Yes,No,No,No,0,12,20,10,11.9,0
25,3.7,-1.7,Single,Over 23 years old,Nursing,Daytime,Secondary education,Santomean,Specialized course,Basic education or less,Unskilled Workers,Unskilled Workers,Female,No,No,Yes,No,Yes,No,0,16,16,14,12.0428571428571,0
19,-0.3,0.79,Single,1st phase,Nursing,Daytime,Secondary education,Portuguese,Secondary Education,Basic education or less,"Personal Services, Security and Safety Workers, and Sellers","Skilled Workers in Industry, Construction, and Craftsmen",Female,No,No,Yes,No,Yes,No,0,15,16,15,14.16875,0
24,3.7,-1.7,Single,Over 23 years old,Oral Hygiene,Daytime,Secondary education,Santomean,Specialized course,Basic education or less,Other,Other,Female,No,No,Yes,Yes,Yes,No,0,15,26,14,11.350000000000001,0
18,1.4,3.51,Single,1st phase,Advertising and Marketing Management,Daytime,Secondary education,Portuguese,Specialized course,Basic education or less,Unskilled Workers,"Skilled Workers in Industry, Construction, and Craftsmen",Female,Yes,No,Yes,No,Yes,No,0,12,16,11,13.78125,0
19,0.3,-0.92,Single,2nd phase,Social Service,Daytime,Secondary education,Angolan,Specialized course,Basic education or less,"Skilled Workers in Industry, Construction, and Craftsmen","Personal Services, Security and Safety Workers, and Sellers",Female,Yes,No,Yes,No,Yes,No,0,12,15,12,12.399999999999993,0
18,3.7,-1.7,Single,1st phase,Nursing,Daytime,Secondary education,Portuguese,Specialized course,Basic education or less,Unskilled Workers,Unskilled Workers,Female,No,No,Yes,No,Yes,No,0,16,24,14,12.6285714285714,0
19,2.8,-4.06,Single,2nd phase,Social Service,Daytime,Secondary education,Angolan,Secondary Education,Secondary Education,Administrative staff,"Personal Services, Security and Safety Workers, and Sellers",Female,No,No,Yes,No,No,No,0,12,24,10,11.416666666666666,0
18,3.7,-1.7,Single,3rd phase,Journalism and Communication,Daytime,Secondary education,Cape Verdean,Secondary Education,Secondary Education,Intermediate Level Technicians and Professions,Intermediate Level Technicians and Professions,Female,No,No,Yes,No,Yes,No,0,12,12,12,12.25,1
34,3.7,-1.7,Married,Over 23 years old,Advertising and Marketing Management,Daytime,Secondary education,Santomean,Specialized course,Basic education or less,Unskilled Workers,Other,Female,No,No,No,Yes,No,No,0,12,13,4,7.269230769230769,1
20,1.4,3.51,Single,1st phase,Journalism and Communication,Daytime,Secondary education,Portuguese,Specialized course,Basic education or less,"Skilled Workers in Industry, Construction, and Craftsmen","Skilled Workers in Industry, Construction, and Craftsmen",Female,Yes,No,No,Yes,No,No,0,12,0,0,0.0,1
26,1.4,1.74,Married,Over 23 years old,Management,Evening,Higher education,Santomean,Specialized course,Basic education or less,Unskilled Workers,"Skilled Workers in Industry, Construction, and Craftsmen",Female,No,No,Yes,No,No,No,0,10,11,10,13.545454545454527,0
27,1.4,1.74,Single,Change in institution/course,Oral Hygiene,Daytime,Secondary education,Brazilian,Secondary Education,Basic education or less,Administrative staff,Intermediate Level Technicians and Professions,Female,No,No,Yes,No,No,No,1,15,19,15,12.746428571428558,0
20,-0.8,-3.12,Single,1st phase,Advertising and Marketing Management,Daytime,Secondary education,Portuguese,Secondary Education,Basic education or less,"Personal Services, Security and Safety Workers, and Sellers",Other,Female,Yes,No,Yes,No,No,No,0,10,11,8,11.159090909090908,0
18,0.3,-0.92,Single,2nd phase,Social Service,Daytime,Secondary education,Angolan,Specialized course,Secondary Education,"Personal Services, Security and Safety Workers, and Sellers",Other,Female,Yes,No,Yes,No,No,No,0,12,15,12,15.866666666666651,0
24,3.7,-1.7,Single,Over 23 years old,Nursing,Daytime,Basic education 3rd cycle (9th/10th/11th year) or equivalent,Santomean,Secondary Education,Higher education,Administrative staff,Intermediate Level Technicians and Professions,Female,No,No,Yes,No,No,No,0,16,22,14,12.6142857142857,0
19,-0.3,0.79,Single,Specialized diploma,Social Service,Daytime,Specialized course,Romanian,Specialized course,Basic education or less,Other,Unskilled Workers,Female,Yes,No,Yes,No,Yes,No,5,12,13,11,11.876923076923076,0
19,1.4,1.74,Single,1st phase,Journalism and Communication,Daytime,Secondary education,Portuguese,Specialized course,Basic education or less,Intermediate Level Technicians and Professions,"Personal Services, Security and Safety Workers, and Sellers",Female,No,No,Yes,No,No,No,0,12,23,8,11.423913043478262,0
22,0.3,-0.92,Single,Change in institution/course,Social Service,Evening,Secondary education,Other,Secondary Education,Basic education or less,"Personal Services, Security and Safety Workers, and Sellers","Skilled Workers in Industry, Construction, and Craftsmen",Female,No,No,Yes,No,No,No,27,29,29,24,11.161321437183515,0
20,3.7,-1.7,Single,Change in institution/course,Design and Multimedia,Daytime,Secondary education,Brazilian,Secondary Education,Basic education or less,"Personal Services, Security and Safety Workers, and Sellers",Armed Forces Professions,Female,No,No,Yes,No,No,No,0,12,15,10,12.4,0
25,0.6,2.02,Single,Over 23 years old,Agronomy,Daytime,Secondary education,Santomean,Specialized course,Basic education or less,Unskilled Workers,Unskilled Workers,Female,No,No,Yes,No,No,No,0,12,12,0,0.0,1
21,2.8,-4.06,Single,Specialized diploma,Agronomy,Daytime,Specialized course,Romanian,Secondary Education,Higher education,Administrative staff,Other,Female,No,No,Yes,No,No,No,0,12,14,12,15.642857142857128,0
18,-0.3,0.79,Single,2nd phase,Journalism and Communication,Daytime,Secondary education,Angolan,Secondary Education,Basic education or less,Administrative staff,Other,Female,Yes,No,Yes,No,No,No,0,12,13,12,13.076923076923107,0
18,2.6,0.32,Single,1st phase,Advertising and Marketing Management,Daytime,Secondary education,Portuguese,Specialized course,Basic education or less,Other,Other,Female,Yes,No,Yes,No,No,No,0,10,14,7,12.625,0
19,-0.3,0.79,Single,2nd phase,Nursing,Daytime,Secondary education,Angolan,Higher education,Higher education,Unskilled Workers,"Skilled Workers in Industry, Construction, and Craftsmen",Male,Yes,No,Yes,No,No,No,0,15,17,15,13.935294117647036,0
19,1.4,1.74,Single,1st phase,Veterinary Nursing,Daytime,Secondary education,Portuguese,Higher education,Higher education,Other,"Farmers and Skilled Workers in Agriculture, Fisheries, and Forestry",Female,Yes,No,Yes,No,Yes,Yes,0,10,11,10,15.672727272727274,0
18,1.4,1.74,Single,2nd phase,Journalism and Communication,Daytime,Secondary education,Angolan,Specialized course,Basic education or less,"Personal Services, Security and Safety Workers, and Sellers","Personal Services, Security and Safety Workers, and Sellers",Female,Yes,No,No,Yes,No,No,0,12,18,9,11.975000000000001,1
20,0.5,1.79,Single,Change in institution/course,Social Service,Daytime,Specialized course,Other,Specialized course,Basic education or less,"Personal Services, Security and Safety Workers, and Sellers","Skilled Workers in Industry, Construction, and Craftsmen",Female,Yes,No,Yes,No,Yes,No,12,22,22,22,13.181818181818151,0
19,0.5,1.79,Single,2nd phase,Nursing,Daytime,Secondary education,Angolan,Secondary Education,Basic education or less,Administrative staff,Installation and Machine Operators and Assembly Workers,Female,Yes,No,Yes,No,No,No,0,15,0,0,0.0,1
28,0.3,-0.92,Single,Change in institution/course,Nursing,Daytime,Secondary education,Other,Specialized course,Basic education or less,"Personal Services, Security and Safety Workers, and Sellers","Skilled Workers in Industry, Construction, and Craftsmen",Female,Yes,No,Yes,No,No,No,23,34,40,34,13.4707368421053,0
20,3.7,-1.7,Single,1st phase,Social Service,Daytime,Secondary education,Portuguese,Specialized course,Secondary Education,Unskilled Workers,Unskilled Workers,Female,Yes,No,Yes,No,Yes,No,0,12,16,12,12.625,0
30,2.6,0.32,Single,Change in institution/course,Social Service,Evening,Secondary education,Other,Specialized course,Basic education or less,Other,"Skilled Workers in Industry, Construction, and Craftsmen",Female,Yes,No,Yes,No,No,No,14,18,26,16,13.78632478632475,1
19,0.5,1.79,Single,1st phase,Nursing,Daytime,Secondary education,Portuguese,Secondary Education,Basic education or less,Unskilled Workers,"Skilled Workers in Industry, Construction, and Craftsmen",Female,Yes,No,Yes,No,Yes,No,0,15,18,15,11.9811507936508,0
22,3.7,-1.7,Single,1st phase,Design and Multimedia,Daytime,Secondary education,Portuguese,Specialized course,Basic education or less,Intermediate Level Technicians and Professions,Intermediate Level Technicians and Professions,Female,Yes,No,Yes,No,No,No,0,12,14,11,12.43333333333335,0
18,0.6,2.02,Single,1st phase,Tourism,Daytime,Secondary education,Portuguese,Specialized course,Basic education or less,"Personal Services, Security and Safety Workers, and Sellers",Installation and Machine Operators and Assembly Workers,Female,Yes,No,Yes,No,No,No,0,12,14,12,12.738095238095257,0
23,2.6,0.32,Single,2nd phase,Other,Daytime,Secondary education,Angolan,Specialized course,Basic education or less,Unskilled Workers,Unskilled Workers,Female,Yes,No,Yes,No,No,No,0,12,26,4,10.576923076923077,1
18,0.6,2.02,Single,2nd phase,Design and Multimedia,Daytime,Secondary education,Angolan,Secondary Education,Basic education or less,"Personal Services, Security and Safety Workers, and Sellers","Skilled Workers in Industry, Construction, and Craftsmen",Female,Yes,No,Yes,No,No,No,0,12,12,12,14.5,0
50,1.4,1.74,Married,Over 23 years old,Journalism and Communication,Daytime,Basic education 3rd cycle (9th/10th/11th year) or equivalent,Santomean,Specialized course,Basic education or less,Other,Other,Male,No,No,No,Yes,No,No,0,11,19,1,5.526315789473684,1
22,-0.3,0.79,Single,2nd phase,Tourism,Daytime,Secondary education,Angolan,Specialized course,Basic education or less,Unskilled Workers,Unskilled Workers,Female,Yes,No,Yes,No,No,Yes,0,12,13,12,10.756410256410255,0
23,0.5,1.79,Single,Specialized diploma,Social Service,Daytime,Specialized course,Romanian,Secondary Education,Secondary Education,Administrative staff,"Farmers and Skilled Workers in Agriculture, Fisheries, and Forestry",Female,No,No,Yes,Yes,Yes,Yes,5,12,13,12,13.538461538461517,0
20,3.7,-1.7,Single,3rd phase,Veterinary Nursing,Daytime,Secondary education,Cape Verdean,Secondary Education,Secondary Education,Administrative staff,"Personal Services, Security and Safety Workers, and Sellers",Female,No,No,No,Yes,Yes,No,2,10,14,10,14.228571428571428,1
44,-0.3,0.79,Other,Over 23 years old,Social Service,Daytime,Basic education 3rd cycle (9th/10th/11th year) or equivalent,Santomean,Specialized course,Basic education or less,Unskilled Workers,Armed Forces Professions,Female,No,No,No,No,No,No,0,12,0,0,0.0,1
49,2.8,-4.06,Other,Over 23 years old,Agronomy,Daytime,Basic education 3rd cycle (9th/10th/11th year) or equivalent,Santomean,Specialized course,Basic education or less,Unskilled Workers,Unskilled Workers,Male,No,No,Yes,No,No,No,9,24,36,16,11.589506172839496,0
46,2.6,0.32,Married,Change in institution/course,Management,Evening,Secondary education,Brazilian,Specialized course,Basic education or less,Unskilled Workers,Unskilled Workers,Male,No,No,Yes,No,No,No,10,20,25,19,12.488000000000001,0
41,0.5,1.79,Single,Over 23 years old,Veterinary Nursing,Daytime,Specialized course,Santomean,Specialized course,Basic education or less,Other,Unskilled Workers,Male,Yes,No,No,No,No,No,5,5,5,5,11.79999999999998,1
18,-0.3,0.79,Single,2nd phase,Nursing,Daytime,Secondary education,Angolan,Specialized course,Basic education or less,Unskilled Workers,Installation and Machine Operators and Assembly Workers,Male,Yes,No,Yes,No,No,No,0,15,17,15,12.178308823529411,0
43,-0.8,-3.12,Other,Over 23 years old,Management,Evening,Secondary education,Santomean,Specialized course,Secondary Education,Unskilled Workers,Other,Male,No,No,Yes,No,No,No,0,10,11,10,13.0,0
70,1.4,1.74,Other,Over 23 years old,Management,Daytime,Basic education 3rd cycle (9th/10th/11th year) or equivalent,Santomean,Specialized course,Basic education or less,Unskilled Workers,"Skilled Workers in Industry, Construction, and Craftsmen",Male,No,No,No,Yes,No,No,0,10,14,0,0.0,1
48,2.8,-4.06,Other,Over 23 years old,Equiniculture,Daytime,Basic education 3rd cycle (9th/10th/11th year) or equivalent,Santomean,Specialized course,Basic education or less,Unskilled Workers,Administrative staff,Male,No,No,Yes,No,No,No,0,12,0,0,0.0,1
41,2.8,-4.06,Married,Change in institution/course,Agronomy,Daytime,Secondary education,Brazilian,Specialized course,Basic education or less,Unskilled Workers,"Skilled Workers in Industry, Construction, and Craftsmen",Male,No,No,Yes,No,No,No,30,32,32,32,12.562500000000012,0
35,0.3,-0.92,Single,Over 23 years old,Other,Daytime,Secondary education,Santomean,Specialized course,Basic education or less,Unskilled Workers,Installation and Machine Operators and Assembly Workers,Male,No,No,No,Yes,No,Yes,0,14,25,3,8.1,1
44,1.4,1.74,Married,Over 23 years old,Equiniculture,Daytime,Basic education 3rd cycle (9th/10th/11th year) or equivalent,Santomean,Higher education,Secondary Education,Specialists in Intellectual and Scientific Activities,Unskilled Workers,Male,Yes,No,Yes,No,No,No,2,10,22,8,14.613636363636363,0
18,-0.3,0.79,Single,1st phase,Management,Daytime,Secondary education,Portuguese,Higher education,Secondary Education,"Personal Services, Security and Safety Workers, and Sellers","Personal Services, Security and Safety Workers, and Sellers",Male,Yes,No,Yes,Yes,No,No,0,10,21,6,13.380952380952357,1
45,2.6,0.32,Married,1st phase,Social Service,Evening,Secondary education,Portuguese,Specialized course,Basic education or less,Other,Other,Male,Yes,No,Yes,No,No,No,0,12,13,12,13.666666666666698,0
22,0.5,1.79,Single,Specialized diploma,Agronomy,Daytime,Specialized course,Romanian,Secondary Education,Basic education or less,Unskilled Workers,Other,Male,Yes,No,Yes,No,No,No,0,12,23,11,12.176397515527944,0
39,-0.3,0.79,Single,Change in institution/course,Informatics Engineering,Daytime,Secondary education,Brazilian,Specialized course,Basic education or less,"Personal Services, Security and Safety Workers, and Sellers","Skilled Workers in Industry, Construction, and Craftsmen",Male,No,No,Yes,No,No,No,0,10,21,4,17.158730158730144,1
49,1.4,3.51,Married,Over 23 years old,Management,Daytime,Basic education 3rd cycle (9th/10th/11th year) or equivalent,Santomean,Specialized course,Basic education or less,Unskilled Workers,Intermediate Level Technicians and Professions,Male,No,No,Yes,No,No,No,0,10,17,6,13.843137254901976,1
43,0.6,2.02,Single,Holders of other higher courses,Oral Hygiene,Daytime,Higher education,Italian,Higher education,Higher education,Specialists in Intellectual and Scientific Activities,Other,Male,Yes,No,Yes,No,No,No,5,5,5,5,13.6,1
32,2.6,0.32,Married,Over 23 years old,Management,Evening,Secondary education,Santomean,Specialized course,Basic education or less,Unskilled Workers,Unskilled Workers,Male,Yes,No,Yes,No,No,No,0,10,10,0,0.0,1
47,1.4,1.74,Single,Over 23 years old,Social Service,Daytime,Other,Santomean,Specialized course,Basic education or less,Unskilled Workers,Unskilled Workers,Male,No,No,Yes,No,No,No,6,16,16,16,13.875000000000012,0
37,0.3,-0.92,Married,Over 23 years old,Management,Evening,Secondary education,Santomean,Specialized course,Basic education or less,Unskilled Workers,Unskilled Workers,Male,No,No,Yes,No,Yes,No,0,10,19,9,13.192982456140331,1
41,1.4,1.74,Married,Over 23 years old,Social Service,Evening,Secondary education,Santomean,Specialized course,Secondary Education,Administrative staff,Installation and Machine Operators and Assembly Workers,Male,No,No,Yes,No,No,No,9,17,17,17,12.352941176470571,0
60,2.8,-4.06,Married,Over 23 years old,Agronomy,Daytime,Secondary education,Santomean,Specialized course,Basic education or less,Unskilled Workers,"Farmers and Skilled Workers in Agriculture, Fisheries, and Forestry",Male,No,No,Yes,No,No,No,28,31,31,31,14.161290322580626,0
47,1.4,1.74,Married,Over 23 years old,Tourism,Daytime,Secondary education,Santomean,Secondary Education,Basic education or less,Unskilled Workers,Unskilled Workers,Male,No,No,Yes,No,No,No,12,20,20,20,15.199999999999994,0
50,0.5,1.79,Single,Over 23 years old,Social Service,Evening,Secondary education,Santomean,Specialized course,Basic education or less,Unskilled Workers,"Skilled Workers in Industry, Construction, and Craftsmen",Male,No,No,No,Yes,No,No,0,11,12,0,0.0,1
45,2.6,0.32,Married,Over 23 years old,Management,Evening,Basic education 3rd cycle (9th/10th/11th year) or equivalent,Santomean,Specialized course,Basic education or less,Other,Other,Male,Yes,No,Yes,No,No,No,0,10,10,0,0.0,1
45,2.8,-4.06,Single,Over 23 years old,Informatics Engineering,Daytime,Secondary education,Santomean,Specialized course,Basic education or less,Unskilled Workers,Installation and Machine Operators and Assembly Workers,Male,No,No,No,Yes,No,No,0,10,10,0,0.0,1
33,2.6,0.32,Married,Over 23 years old,Veterinary Nursing,Daytime,Secondary education,Santomean,Specialized course,Basic education or less,Other,Other,Male,No,No,Yes,No,No,No,0,10,13,9,12.623076923076923,0
18,1.4,1.74,Single,1st phase,Nursing,Daytime,Secondary education,Portuguese,Higher education,Higher education,Specialists in Intellectual and Scientific Activities,Other,Male,No,No,Yes,No,No,No,0,16,16,14,13.1057142857143,0
43,-0.8,-3.12,Married,Over 23 years old,Veterinary Nursing,Daytime,Secondary education,Santomean,Specialized course,Basic education or less,Other,"Farmers and Skilled Workers in Agriculture, Fisheries, and Forestry",Male,No,No,Yes,No,No,No,0,10,13,10,13.846153846153847,0
44,3.7,-1.7,Single,Change in institution/course,Social Service,Evening,Secondary education,Brazilian,Specialized course,Basic education or less,Administrative staff,Armed Forces Professions,Male,No,No,Yes,No,No,No,18,24,29,24,11.9045092838196,0
29,2.6,0.32,Single,Over 23 years old,Equiniculture,Daytime,Other,Santomean,Some High School,Basic education or less,Other,Other,Male,No,No,Yes,No,No,No,0,10,10,0,0.0,1
53,3.7,-1.7,Other,Over 23 years old,Advertising and Marketing Management,Daytime,Secondary education,Santomean,Higher education,Secondary Education,Intermediate Level Technicians and Professions,Unskilled Workers,Male,No,No,No,Yes,No,No,0,12,17,3,9.274509803921546,1
35,0.3,-0.92,Single,Change in institution/course,Other,Daytime,Basic education 3rd cycle (9th/10th/11th year) or equivalent,Brazilian,Specialized course,Basic education or less,Administrative staff,Administrative staff,Male,No,No,Yes,Yes,No,No,4,19,29,9,12.413793103448295,1
33,1.4,1.74,Single,Over 23 years old,Social Service,Evening,Secondary education,Santomean,Specialized course,Basic education or less,Other,"Personal Services, Security and Safety Workers, and Sellers",Male,No,No,No,No,No,No,0,12,6,1,11.0,1
41,1.4,1.74,Single,Holders of other higher courses,Equiniculture,Daytime,Higher education,Italian,Specialized course,Basic education or less,Other,Armed Forces Professions,Male,No,No,No,No,No,No,0,10,18,0,0.0,1
51,-0.3,0.79,Other,Holders of other higher courses,Nursing,Daytime,Higher education,Italian,Specialized course,Basic education or less,Unskilled Workers,"Skilled Workers in Industry, Construction, and Craftsmen",Male,No,No,Yes,No,No,No,10,15,15,15,15.933333333333334,0
19,0.6,2.02,Single,Change in institution/course,Advertising and Marketing Management,Daytime,Secondary education,Other,Some High School,Higher education,Intermediate Level Technicians and Professions,Intermediate Level Technicians and Professions,Male,No,No,Yes,No,No,No,3,13,15,13,14.399999999999986,0
35,0.6,2.02,Single,Over 23 years old,Management,Evening,Secondary education,Santomean,Specialized course,Basic education or less,Unskilled Workers,Unskilled Workers,Male,No,No,Yes,No,No,No,0,10,10,0,0.0,1
18,-0.3,0.79,Single,1st phase,Journalism and Communication,Daytime,Secondary education,Portuguese,Specialized course,Basic education or less,Unskilled Workers,Unskilled Workers,Male,No,No,No,Yes,Yes,No,0,12,26,8,12.070512820512835,1
21,-0.3,0.79,Single,Specialized diploma,Agronomy,Daytime,Specialized course,Romanian,Higher education,Secondary Education,Administrative staff,"Farmers and Skilled Workers in Agriculture, Fisheries, and Forestry",Male,No,No,Yes,No,No,No,0,12,23,10,11.915113871635606,0
21,-0.3,0.79,Single,1st phase,Tourism,Daytime,Secondary education,Portuguese,Secondary Education,Basic education or less,Other,"Farmers and Skilled Workers in Agriculture, Fisheries, and Forestry",Male,Yes,No,Yes,No,No,No,0,12,17,11,11.811764705882354,0
34,-0.8,-3.12,Married,Over 23 years old,Management,Daytime,Secondary education,Santomean,Specialized course,Basic education or less,Administrative staff,"Skilled Workers in Industry, Construction, and Craftsmen",Male,No,No,Yes,No,No,No,0,10,17,7,12.112745098039236,0
34,0.3,-0.92,Other,Over 23 years old,Equiniculture,Daytime,Secondary education,Santomean,Specialized course,Basic education or less,Other,"Skilled Workers in Industry, Construction, and Craftsmen",Male,Yes,No,Yes,No,No,No,0,12,15,0,0.0,1
21,0.6,2.02,Single,2nd phase,Advertising and Marketing Management,Daytime,Secondary education,Angolan,Higher education,Higher education,Administrative staff,Armed Forces Professions,Male,Yes,No,Yes,No,No,No,0,12,18,11,11.930555555555555,0
30,2.6,0.32,Single,2nd phase,Tourism,Daytime,Secondary education,Angolan,Specialized course,Basic education or less,"Personal Services, Security and Safety Workers, and Sellers","Skilled Workers in Industry, Construction, and Craftsmen",Male,Yes,No,Yes,No,No,No,0,12,32,5,10.624999999999984,1
20,1.4,3.51,Single,Change in institution/course,Journalism and Communication,Daytime,Secondary education,Other,Secondary Education,Basic education or less,Other,Installation and Machine Operators and Assembly Workers,Male,Yes,No,Yes,No,No,No,2,13,14,11,13.416666666666648,1
18,0.5,1.79,Single,1st phase,Design and Multimedia,Daytime,Secondary education,Portuguese,Specialized course,Basic education or less,Unskilled Workers,"Skilled Workers in Industry, Construction, and Craftsmen",Male,Yes,No,Yes,No,No,No,0,12,0,0,0.0,1
19,1.4,3.51,Single,1st phase,Tourism,Daytime,Secondary education,Portuguese,Higher education,Higher education,Specialists in Intellectual and Scientific Activities,Other,Male,No,No,Yes,No,No,No,0,12,13,12,13.538461538461522,0
18,0.5,1.79,Single,2nd phase,Nursing,Daytime,Secondary education,Angolan,Higher education,Higher education,Intermediate Level Technicians and Professions,Intermediate Level Technicians and Professions,Male,Yes,No,Yes,No,No,No,0,14,17,11,13.24705882352941,1
27,3.7,-1.7,Single,Over 23 years old,Management,Evening,Secondary education,Santomean,Secondary Education,Basic education or less,Administrative staff,Installation and Machine Operators and Assembly Workers,Male,No,No,Yes,No,No,No,0,10,17,7,10.882352941176453,1
52,-0.8,-3.12,Single,Over 23 years old,Journalism and Communication,Daytime,Other,Santomean,Secondary Education,Secondary Education,Unskilled Workers,Unskilled Workers,Male,Yes,No,Yes,No,No,No,0,12,13,11,13.923076923076923,0
29,2.8,-4.06,Married,Change in institution/course,Agronomy,Daytime,Secondary education,Brazilian,Secondary Education,Secondary Education,Administrative staff,"Personal Services, Security and Safety Workers, and Sellers",Male,Yes,No,No,No,No,No,0,12,14,0,0.0,1
22,1.4,3.51,Single,Change in institution/course,Agronomy,Daytime,Specialized course,Other,Secondary Education,Basic education or less,Administrative staff,Administrative staff,Male,Yes,No,No,Yes,No,No,0,12,25,5,11.159999999999984,1
28,2.8,-4.06,Single,Change in institution/course,Veterinary Nursing,Daytime,Secondary education,Brazilian,Specialized course,Basic education or less,Unskilled Workers,"Farmers and Skilled Workers in Agriculture, Fisheries, and Forestry",Male,Yes,No,Yes,No,No,Yes,23,31,71,30,12.1076458752515,0
30,2.6,0.32,Single,Over 23 years old,Advertising and Marketing Management,Daytime,Other,Santomean,Secondary Education,Secondary Education,Other,Intermediate Level Technicians and Professions,Male,Yes,No,Yes,No,No,No,0,10,10,0,0.0,1
18,0.3,-0.92,Single,1st phase,Nursing,Daytime,Secondary education,Portuguese,Secondary Education,Secondary Education,"Personal Services, Security and Safety Workers, and Sellers",Intermediate Level Technicians and Professions,Female,Yes,No,Yes,No,No,No,0,15,16,15,13.737499999999986,0
21,-0.8,-3.12,Single,1st phase,Advertising and Marketing Management,Daytime,Secondary education,Portuguese,Specialized course,Basic education or less,"Personal Services, Security and Safety Workers, and Sellers","Personal Services, Security and Safety Workers, and Sellers",Female,Yes,No,Yes,No,No,No,0,10,10,7,12.54166666666665,0
20,3.7,-1.7,Single,1st phase,Design and Multimedia,Daytime,Secondary education,Portuguese,Specialized course,Basic education or less,Unskilled Workers,Unskilled Workers,Female,Yes,No,Yes,Yes,Yes,No,0,12,19,12,14.035087719298247,0
21,-0.8,-3.12,Single,Change in institution/course,Nursing,Daytime,Secondary education,Other,Specialized course,Basic education or less,Intermediate Level Technicians and Professions,Intermediate Level Technicians and Professions,Female,Yes,No,Yes,No,Yes,No,0,16,16,16,13.105,0
32,1.4,1.74,Married,Over 23 years old,Management,Evening,Basic education 3rd cycle (9th/10th/11th year) or equivalent,Santomean,Specialized course,Basic education or less,"Skilled Workers in Industry, Construction, and Craftsmen",Unskilled Workers,Female,No,No,No,Yes,No,No,0,10,11,0,0.0,1
20,0.5,1.79,Single,1st phase,Design and Multimedia,Daytime,Secondary education,Portuguese,Specialized course,Basic education or less,Unskilled Workers,Unskilled Workers,Male,Yes,No,Yes,No,Yes,No,0,12,13,12,13.705128205128224,0
18,1.4,3.51,Single,Other,Advertising and Marketing Management,Daytime,Secondary education,Other,Secondary Education,Secondary Education,Unskilled Workers,"Personal Services, Security and Safety Workers, and Sellers",Male,No,No,No,Yes,No,Yes,0,12,13,7,11.833333333333314,1
23,2.6,0.32,Single,Change in institution/course,Management,Evening,Secondary education,Brazilian,Specialized course,Higher education,Unskilled Workers,Administrative staff,Male,Yes,No,No,No,No,No,20,29,45,23,11.169696969696988,1
20,0.5,1.79,Single,1st phase,Tourism,Daytime,Secondary education,Portuguese,Secondary Education,Secondary Education,Intermediate Level Technicians and Professions,Intermediate Level Technicians and Professions,Male,Yes,No,Yes,No,No,No,0,12,19,10,12.649122807017527,0
46,-0.8,-3.12,Married,Change in institution/course,Management,Daytime,Secondary education,Brazilian,Specialized course,Basic education or less,Unskilled Workers,Unskilled Workers,Female,Yes,No,Yes,No,No,No,4,14,29,13,11.536206896551725,0
27,2.8,-4.06,Single,2nd phase,Agronomy,Daytime,Secondary education,Angolan,Higher education,Higher education,Specialists in Intellectual and Scientific Activities,Other,Male,No,No,Yes,No,No,No,25,30,34,30,12.293866264454493,0
41,-0.8,-3.12,Married,Change in institution/course,Social Service,Evening,Basic education 3rd cycle (9th/10th/11th year) or equivalent,Brazilian,Specialized course,Basic education or less,Unskilled Workers,Unskilled Workers,Male,Yes,No,Yes,No,No,No,8,16,19,15,12.0,0
37,0.5,1.79,Married,Specialized diploma,Social Service,Evening,Specialized course,Romanian,Secondary Education,Secondary Education,"Personal Services, Security and Safety Workers, and Sellers","Personal Services, Security and Safety Workers, and Sellers",Male,No,No,Yes,No,No,No,18,27,31,26,13.616935483870968,0
26,0.5,1.79,Single,Holders of other higher courses,Management,Evening,Higher education,Italian,Secondary Education,Basic education or less,Administrative staff,Other,Female,No,No,Yes,No,No,No,12,16,18,16,12.425925925925917,0
54,1.4,3.51,Married,Over 23 years old,Social Service,Evening,Secondary education,Santomean,Specialized course,Basic education or less,Unskilled Workers,"Skilled Workers in Industry, Construction, and Craftsmen",Male,No,No,Yes,No,No,No,6,16,16,16,14.125,0
21,1.4,1.74,Single,2nd phase,Advertising and Marketing Management,Daytime,Secondary education,Angolan,Specialized course,Basic education or less,"Personal Services, Security and Safety Workers, and Sellers","Personal Services, Security and Safety Workers, and Sellers",Male,Yes,No,Yes,No,No,No,0,12,15,12,14.46666666666668,0
20,0.6,2.02,Single,1st phase,Veterinary Nursing,Daytime,Secondary education,Portuguese,Secondary Education,Secondary Education,Unskilled Workers,Unskilled Workers,Female,Yes,No,Yes,No,Yes,No,0,12,16,12,15.1428571428571,0
18,0.5,1.79,Single,2nd phase,Journalism and Communication,Daytime,Secondary education,Angolan,Secondary Education,Basic education or less,"Personal Services, Security and Safety Workers, and Sellers","Personal Services, Security and Safety Workers, and Sellers",Female,Yes,No,Yes,No,No,No,0,12,0,0,0.0,1
18,-0.8,-3.12,Single,1st phase,Social Service,Daytime,Secondary education,Portuguese,Specialized course,Secondary Education,Administrative staff,Armed Forces Professions,Female,Yes,No,Yes,No,No,No,0,12,14,12,12.25,0
22,-0.3,0.79,Single,Specialized diploma,Veterinary Nursing,Daytime,Specialized course,Romanian,Secondary Education,Secondary Education,Administrative staff,"Skilled Workers in Industry, Construction, and Craftsmen",Female,Yes,No,Yes,Yes,No,No,3,12,21,9,12.0,1
19,0.5,1.79,Single,Change in institution/course,Veterinary Nursing,Daytime,Secondary education,Brazilian,Higher education,Secondary Education,Administrative staff,Administrative staff,Female,No,No,Yes,No,No,No,0,12,15,12,15.333333333333334,0
21,1.4,3.51,Single,1st phase,Design and Multimedia,Daytime,Secondary education,Portuguese,Higher education,Higher education,Administrative staff,Other,Female,Yes,No,Yes,No,No,No,10,23,25,17,13.264000000000001,1
18,0.3,-0.92,Single,2nd phase,Journalism and Communication,Daytime,Secondary education,Angolan,Secondary Education,Basic education or less,"Personal Services, Security and Safety Workers, and Sellers","Personal Services, Security and Safety Workers, and Sellers",Female,Yes,No,Yes,No,Yes,No,0,12,12,12,13.16666666666665,0
18,1.4,3.51,Single,2nd phase,Journalism and Communication,Daytime,Secondary education,Angolan,Specialized course,Basic education or less,"Skilled Workers in Industry, Construction, and Craftsmen","Skilled Workers in Industry, Construction, and Craftsmen",Female,Yes,No,Yes,No,Yes,No,0,12,12,12,15.25,0
20,2.8,-4.06,Single,2nd phase,Advertising and Marketing Management,Daytime,Secondary education,Angolan,Secondary Education,Secondary Education,"Personal Services, Security and Safety Workers, and Sellers",Administrative staff,Female,Yes,No,Yes,Yes,No,No,0,12,20,6,11.08333333333335,1
18,2.8,-4.06,Single,1st phase,Nursing,Daytime,Secondary education,Portuguese,Specialized course,Basic education or less,Intermediate Level Technicians and Professions,Installation and Machine Operators and Assembly Workers,Female,No,No,Yes,No,Yes,No,0,15,18,15,14.652777777777779,0
20,0.5,1.79,Single,1st phase,Journalism and Communication,Daytime,Secondary education,Portuguese,Secondary Education,Unknown,Unskilled Workers,Unskilled Workers,Female,Yes,No,Yes,No,Yes,No,0,12,13,11,12.584615384615368,0
19,0.6,2.02,Single,1st phase,Social Service,Daytime,Secondary education,Portuguese,Secondary Education,Secondary Education,Other,Other,Female,Yes,No,Yes,No,No,No,0,12,17,12,11.372549019607805,0
18,3.7,-1.7,Single,1st phase,Design and Multimedia,Daytime,Secondary education,Portuguese,Higher education,Higher education,Other,Other,Female,Yes,No,Yes,No,No,No,0,12,12,11,13.83333333333335,0
18,1.4,1.74,Single,1st phase,Nursing,Daytime,Secondary education,Portuguese,Higher education,Secondary Education,Administrative staff,"Personal Services, Security and Safety Workers, and Sellers",Female,No,No,Yes,No,No,No,0,16,16,14,14.5371428571429,0
18,2.6,0.32,Single,1st phase,Veterinary Nursing,Daytime,Secondary education,Other,Specialized course,Basic education or less,Other,Other,Female,No,No,Yes,Yes,Yes,No,0,10,10,10,14.2,1
19,0.6,2.02,Single,2nd phase,Journalism and Communication,Daytime,Secondary education,Angolan,Secondary Education,Basic education or less,Unskilled Workers,Unskilled Workers,Female,No,No,Yes,No,Yes,No,0,12,12,12,13.5,0
36,2.8,-4.06,Single,Over 23 years old,Nursing,Daytime,Secondary education,Santomean,Higher education,Higher education,Specialists in Intellectual and Scientific Activities,Other,Male,No,No,No,No,No,No,0,13,24,2,7.1875,1
19,0.6,2.02,Single,2nd phase,Social Service,Daytime,Secondary education,Angolan,Secondary Education,Higher education,Unskilled Workers,Other,Female,No,No,Yes,No,Yes,No,0,12,14,12,11.880952380952351,0
18,1.4,3.51,Single,2nd phase,Social Service,Daytime,Secondary education,Angolan,Higher education,Secondary Education,Specialists in Intellectual and Scientific Activities,"Personal Services, Security and Safety Workers, and Sellers",Female,Yes,No,Yes,No,No,No,0,12,12,11,12.799999999999999,0
18,0.5,1.79,Single,1st phase,Journalism and Communication,Daytime,Secondary education,Portuguese,Specialized course,Basic education or less,Intermediate Level Technicians and Professions,Intermediate Level Technicians and Professions,Female,No,No,Yes,No,Yes,No,0,12,12,12,12.6666666666667,0
18,1.4,3.51,Single,1st phase,Journalism and Communication,Daytime,Secondary education,Portuguese,Specialized course,Basic education or less,"Personal Services, Security and Safety Workers, and Sellers",Installation and Machine Operators and Assembly Workers,Female,Yes,No,Yes,No,Yes,No,0,12,12,12,14.5,0
19,0.5,1.79,Single,Specialized diploma,Design and Multimedia,Daytime,Secondary education,Romanian,Secondary Education,Secondary Education,Unskilled Workers,Installation and Machine Operators and Assembly Workers,Female,Yes,No,Yes,No,No,No,7,16,16,16,13.124999999999988,0
18,0.6,2.02,Single,3rd phase,Nursing,Daytime,Secondary education,Cape Verdean,Secondary Education,Secondary Education,Administrative staff,Installation and Machine Operators and Assembly Workers,Female,Yes,No,Yes,No,No,No,0,15,16,15,13.01857142857145,0
19,1.4,3.51,Single,1st phase,Equiniculture,Daytime,Secondary education,Portuguese,Secondary Education,Basic education or less,Unskilled Workers,Unskilled Workers,Female,Yes,No,Yes,No,Yes,No,0,12,15,12,13.488888888888887,0
18,0.6,2.02,Single,1st phase,Social Service,Daytime,Secondary education,Portuguese,Specialized course,Secondary Education,Unskilled Workers,Installation and Machine Operators and Assembly Workers,Female,Yes,No,No,Yes,No,No,0,12,0,0,0.0,1
19,1.4,3.51,Single,2nd phase,Management,Daytime,Secondary education,Angolan,Specialized course,Basic education or less,"Personal Services, Security and Safety Workers, and Sellers","Personal Services, Security and Safety Workers, and Sellers",Female,Yes,No,Yes,No,No,No,0,10,13,10,12.953846153846152,0
18,0.6,2.02,Single,1st phase,Journalism and Communication,Daytime,Secondary education,Portuguese,Specialized course,Basic education or less,Unskilled Workers,Unskilled Workers,Female,Yes,No,Yes,No,No,No,0,12,12,12,14.75,0
19,0.6,2.02,Single,1st phase,Other,Daytime,Secondary education,Portuguese,Secondary Education,Higher education,"Personal Services, Security and Safety Workers, and Sellers",Intermediate Level Technicians and Professions,Female,No,No,Yes,No,No,No,0,14,14,14,14.0714285714286,0
18,0.3,-0.92,Single,2nd phase,Design and Multimedia,Daytime,Secondary education,Angolan,Secondary Education,Basic education or less,Intermediate Level Technicians and Professions,"Personal Services, Security and Safety Workers, and Sellers",Female,Yes,No,Yes,No,Yes,No,0,12,12,12,12.58333333333335,0
20,1.4,3.51,Single,1st phase,Journalism and Communication,Daytime,Secondary education,Portuguese,Secondary Education,Higher education,Administrative staff,"Skilled Workers in Industry, Construction, and Craftsmen",Female,Yes,No,Yes,No,No,No,0,10,4,0,0.0,1
22,0.5,1.79,Single,1st phase,Social Service,Daytime,Secondary education,Portuguese,Secondary Education,Secondary Education,Unskilled Workers,Administrative staff,Female,Yes,No,No,Yes,Yes,No,0,12,0,0,0.0,1
18,0.6,2.02,Single,2nd phase,Other,Daytime,Secondary education,Angolan,Specialized course,Basic education or less,"Personal Services, Security and Safety Workers, and Sellers","Skilled Workers in Industry, Construction, and Craftsmen",Female,Yes,No,Yes,No,Yes,No,0,14,17,13,12.949579831932772,0
18,0.6,2.02,Single,2nd phase,Nursing,Daytime,Secondary education,Angolan,Specialized course,Basic education or less,Unskilled Workers,Unskilled Workers,Female,No,No,Yes,No,Yes,No,0,15,16,15,13.854375000000019,0
18,0.6,2.02,Single,1st phase,Nursing,Daytime,Secondary education,Portuguese,Higher education,Higher education,Intermediate Level Technicians and Professions,Intermediate Level Technicians and Professions,Female,No,No,Yes,No,No,No,0,15,16,15,14.278124999999974,0
18,0.6,2.02,Single,1st phase,Other,Daytime,Secondary education,Portuguese,Specialized course,Higher education,Administrative staff,Administrative staff,Female,No,No,Yes,No,No,No,0,14,14,14,15.357142857142849,0
18,0.5,1.79,Single,1st phase,Design and Multimedia,Daytime,Secondary education,Other,Secondary Education,Secondary Education,Administrative staff,Administrative staff,Female,Yes,No,Yes,No,No,No,0,12,12,12,13.66666666666665,0
25,2.6,0.32,Single,1st phase,Social Service,Evening,Secondary education,Portuguese,Some High School,Basic education or less,Unskilled Workers,Other,Female,Yes,No,Yes,No,No,No,0,12,12,12,12.8333333333333,0
18,-0.3,0.79,Single,1st phase,Management,Daytime,Secondary education,Portuguese,Specialized course,Basic education or less,Unskilled Workers,Unskilled Workers,Female,Yes,No,Yes,No,Yes,No,0,10,18,9,11.822222222222223,0
20,0.5,1.79,Single,1st phase,Social Service,Daytime,Secondary education,Portuguese,Specialized course,Basic education or less,Unskilled Workers,Unskilled Workers,Female,Yes,No,Yes,No,Yes,No,0,12,14,12,12.928571428571448,0
21,0.6,2.02,Single,3rd phase,Journalism and Communication,Daytime,Secondary education,Cape Verdean,Secondary Education,Secondary Education,Unskilled Workers,Unskilled Workers,Female,Yes,No,Yes,No,Yes,No,0,12,12,12,12.0,0
18,1.4,3.51,Single,2nd phase,Advertising and Marketing Management,Daytime,Secondary education,Angolan,Secondary Education,Higher education,Administrative staff,Intermediate Level Technicians and Professions,Female,Yes,No,Yes,No,No,No,0,12,17,11,14.0,0
18,0.6,2.02,Single,2nd phase,Other,Daytime,Secondary education,Angolan,Secondary Education,Secondary Education,"Personal Services, Security and Safety Workers, and Sellers","Skilled Workers in Industry, Construction, and Craftsmen",Female,Yes,No,Yes,No,No,No,0,14,17,13,12.415966386554652,1
18,0.6,2.02,Single,1st phase,Design and Multimedia,Daytime,Secondary education,Portuguese,Secondary Education,Higher education,Unskilled Workers,"Skilled Workers in Industry, Construction, and Craftsmen",Female,Yes,No,Yes,No,Yes,No,0,12,12,12,15.5833333333333,0
18,-0.8,-3.12,Single,1st phase,Nursing,Daytime,Secondary education,Portuguese,Specialized course,Basic education or less,Administrative staff,"Personal Services, Security and Safety Workers, and Sellers",Female,Yes,No,Yes,No,No,No,0,16,16,16,14.25,0
19,2.8,-4.06,Single,Change in institution/course,Advertising and Marketing Management,Daytime,Secondary education,Brazilian,Higher education,Basic education or less,Intermediate Level Technicians and Professions,"Personal Services, Security and Safety Workers, and Sellers",Female,No,No,Yes,No,No,No,0,12,0,0,0.0,1
20,-0.3,0.79,Single,2nd phase,Tourism,Daytime,Secondary education,Angolan,Unknown,Higher education,Intermediate Level Technicians and Professions,Intermediate Level Technicians and Professions,Female,Yes,No,Yes,No,No,No,0,12,18,12,11.296296296296312,1
47,2.6,0.32,Single,Over 23 years old,Social Service,Daytime,Other,Santomean,Some High School,Unknown,Other,Other,Female,No,No,Yes,No,No,No,0,11,22,0,0.0,1
31,0.3,-0.92,Married,Over 23 years old,Equiniculture,Daytime,Secondary education,Santomean,Specialized course,Basic education or less,Unskilled Workers,"Farmers and Skilled Workers in Agriculture, Fisheries, and Forestry",Male,No,No,Yes,No,No,No,2,12,23,3,10.956521739130435,1
46,2.6,0.32,Married,Over 23 years old,Informatics Engineering,Daytime,Secondary education,Santomean,Specialized course,Basic education or less,Other,"Personal Services, Security and Safety Workers, and Sellers",Male,Yes,No,Yes,No,No,No,0,10,11,0,0.0,1
19,1.4,3.51,Single,2nd phase,Informatics Engineering,Daytime,Secondary education,Angolan,Higher education,Higher education,Intermediate Level Technicians and Professions,Administrative staff,Male,Yes,Yes,Yes,No,No,No,0,10,19,7,12.109649122807,1
22,3.7,-1.7,Single,Specialized diploma,Equiniculture,Daytime,Specialized course,Romanian,Higher education,Secondary Education,Specialists in Intellectual and Scientific Activities,Installation and Machine Operators and Assembly Workers,Male,No,No,No,No,No,No,0,10,10,0,0.0,1
19,-0.8,-3.12,Single,1st phase,Management,Daytime,Secondary education,Portuguese,Specialized course,Secondary Education,Intermediate Level Technicians and Professions,Armed Forces Professions,Male,Yes,No,Yes,No,No,No,0,10,12,10,12.983333333333334,0
19,1.4,3.51,Single,1st phase,Management,Daytime,Secondary education,Portuguese,Higher education,Higher education,Unskilled Workers,Unskilled Workers,Female,No,No,No,Yes,No,Yes,0,10,19,0,0.0,1
29,-0.8,-3.12,Single,Over 23 years old,Equiniculture,Daytime,Secondary education,Santomean,Higher education,Unknown,Intermediate Level Technicians and Professions,Other,Male,No,No,No,Yes,No,No,0,10,17,0,0.0,1
18,2.6,0.32,Single,1st phase,Nursing,Daytime,Secondary education,Portuguese,Specialized course,Basic education or less,Unskilled Workers,"Personal Services, Security and Safety Workers, and Sellers",Female,Yes,No,Yes,No,No,No,0,14,14,12,14.0166666666667,0
18,-0.8,-3.12,Single,1st phase,Social Service,Daytime,Secondary education,Portuguese,Specialized course,Unknown,Unskilled Workers,Unskilled Workers,Female,Yes,No,Yes,No,No,No,0,12,17,10,11.117647058823529,0
34,0.5,1.79,Married,Over 23 years old,Management,Evening,Secondary education,Santomean,Secondary Education,Secondary Education,Other,Other,Female,No,No,Yes,No,No,No,0,10,23,10,11.165217391304349,0
19,0.6,2.02,Single,2nd phase,Management,Daytime,Secondary education,Angolan,Specialized course,Basic education or less,Unskilled Workers,Unskilled Workers,Female,No,No,Yes,No,No,No,0,10,20,7,10.479166666666686,0
20,0.6,2.02,Single,2nd phase,Nursing,Daytime,Secondary education,Angolan,Secondary Education,Basic education or less,Administrative staff,Administrative staff,Female,No,No,Yes,No,Yes,No,8,15,15,15,14.016666666666659,0
19,2.8,-4.06,Single,1st phase,Nursing,Daytime,Secondary education,Portuguese,Higher education,Higher education,Other,Other,Female,Yes,No,Yes,No,No,No,0,15,20,14,13.245562499999995,0
23,1.4,1.74,Single,1st phase,Social Service,Daytime,Secondary education,Portuguese,Specialized course,Basic education or less,Unskilled Workers,Unskilled Workers,Female,Yes,No,Yes,No,Yes,No,0,12,13,12,14.000000000000039,0
34,3.7,-1.7,Married,Over 23 years old,Nursing,Daytime,Secondary education,Santomean,Secondary Education,Basic education or less,Unskilled Workers,Unskilled Workers,Male,No,No,Yes,No,Yes,No,0,16,16,14,13.8428571428571,0
21,0.3,-0.92,Single,1st phase,Journalism and Communication,Daytime,Secondary education,Portuguese,Secondary Education,Specialized course,Administrative staff,Other,Male,Yes,Yes,Yes,No,No,No,0,12,15,5,4.720000000000001,1
22,1.4,1.74,Single,1st phase,Social Service,Daytime,Secondary education,Portuguese,Secondary Education,Basic education or less,Administrative staff,Intermediate Level Technicians and Professions,Male,Yes,No,Yes,No,No,No,0,12,12,12,13.25,1
28,0.6,2.02,Single,Over 23 years old,Agronomy,Daytime,Other,Santomean,Specialized course,Secondary Education,Unskilled Workers,Armed Forces Professions,Male,No,No,Yes,No,No,No,0,12,12,0,0.0,1
23,2.6,0.32,Single,1st phase,Informatics Engineering,Daytime,Secondary education,Other,Specialized course,Basic education or less,Administrative staff,"Farmers and Skilled Workers in Agriculture, Fisheries, and Forestry",Male,Yes,No,Yes,No,No,No,0,10,12,0,0.0,1
20,2.6,0.32,Single,1st phase,Journalism and Communication,Daytime,Secondary education,Portuguese,Some High School,Basic education or less,Other,Intermediate Level Technicians and Professions,Male,No,No,Yes,No,No,No,0,12,24,6,10.34375,1
18,-0.3,0.79,Single,3rd phase,Informatics Engineering,Daytime,Secondary education,Cape Verdean,Secondary Education,Higher education,"Personal Services, Security and Safety Workers, and Sellers",Administrative staff,Male,Yes,No,Yes,No,No,No,0,10,16,8,12.965625,1
28,-0.8,-3.12,Single,Over 23 years old,Management,Daytime,Other,Santomean,Specialized course,Basic education or less,Unskilled Workers,Unskilled Workers,Male,Yes,No,No,Yes,No,No,0,10,10,0,0.0,1
21,0.5,1.79,Single,Specialized diploma,Design and Multimedia,Daytime,Specialized course,Romanian,Secondary Education,Basic education or less,"Personal Services, Security and Safety Workers, and Sellers",Installation and Machine Operators and Assembly Workers,Male,No,No,Yes,No,No,No,7,16,17,9,12.084033613445353,1
25,-0.3,0.79,Single,Over 23 years old,Advertising and Marketing Management,Daytime,Secondary education,Santomean,Specialized course,Basic education or less,Unskilled Workers,Installation and Machine Operators and Assembly Workers,Male,No,No,No,Yes,No,No,0,12,16,5,14.28125,1
19,0.5,1.79,Single,Specialized diploma,Veterinary Nursing,Daytime,Specialized course,Romanian,Secondary Education,Secondary Education,"Personal Services, Security and Safety Workers, and Sellers",Administrative staff,Male,Yes,Yes,No,No,No,No,3,12,17,12,13.676470588235293,1
18,0.5,1.79,Single,1st phase,Nursing,Daytime,Secondary education,Portuguese,Secondary Education,Secondary Education,Administrative staff,Armed Forces Professions,Male,Yes,No,Yes,No,Yes,No,0,15,16,15,14.892500000000005,0
29,1.4,1.74,Single,Over 23 years old,Informatics Engineering,Daytime,Higher education,Santomean,Secondary Education,Basic education or less,Other,Other,Male,No,No,Yes,No,No,No,0,8,3,0,0.0,1
29,0.5,1.79,Single,Over 23 years old,Informatics Engineering,Daytime,Basic education 3rd cycle (9th/10th/11th year) or equivalent,Santomean,Specialized course,Basic education or less,Intermediate Level Technicians and Professions,"Skilled Workers in Industry, Construction, and Craftsmen",Male,No,No,Yes,No,Yes,No,0,10,13,0,0.0,1
20,0.3,-0.92,Single,3rd phase,Tourism,Daytime,Secondary education,Cape Verdean,Specialized course,Basic education or less,Administrative staff,"Personal Services, Security and Safety Workers, and Sellers",Male,No,No,Yes,No,No,No,0,12,14,11,13.32857142857145,0
20,1.4,3.51,Single,1st phase,Tourism,Daytime,Secondary education,Portuguese,Secondary Education,Secondary Education,Other,Other,Male,No,No,Yes,No,No,No,0,12,15,12,12.84285714285712,0
33,-0.8,-3.12,Married,Over 23 years old,Informatics Engineering,Daytime,Secondary education,Santomean,Some High School,Unknown,Other,Other,Male,Yes,No,Yes,No,No,No,0,10,23,3,16.043478260869566,1
30,0.3,-0.92,Single,Change in institution/course,Management,Evening,Secondary education,Other,Specialized course,Basic education or less,"Personal Services, Security and Safety Workers, and Sellers","Personal Services, Security and Safety Workers, and Sellers",Male,No,No,Yes,No,No,No,17,26,30,23,11.522435897435901,0
18,1.4,3.51,Single,1st phase,Agronomy,Daytime,Secondary education,Portuguese,Secondary Education,Basic education or less,Other,Other,Male,No,No,Yes,Yes,No,No,0,12,14,9,14.714285714285714,0
19,2.8,-4.06,Single,1st phase,Nursing,Daytime,Secondary education,Portuguese,Specialized course,Basic education or less,Unskilled Workers,Unskilled Workers,Male,No,No,Yes,No,Yes,No,0,15,21,15,13.095238095238058,0
21,2.8,-4.06,Single,2nd phase,Design and Multimedia,Daytime,Secondary education,Angolan,Specialized course,Basic education or less,Unskilled Workers,Unskilled Workers,Male,No,No,Yes,No,Yes,No,0,12,15,9,11.266666666666667,1
25,2.8,-4.06,Single,Over 23 years old,Oral Hygiene,Daytime,Secondary education,Santomean,Specialized course,Basic education or less,Administrative staff,"Personal Services, Security and Safety Workers, and Sellers",Male,No,No,Yes,No,Yes,No,0,14,14,2,5.0,1
19,-0.8,-3.12,Single,1st phase,Advertising and Marketing Management,Daytime,Secondary education,Portuguese,Specialized course,Basic education or less,"Skilled Workers in Industry, Construction, and Craftsmen",Armed Forces Professions,Male,No,No,Yes,No,No,No,0,10,12,8,12.027777777777757,0
23,0.3,-0.92,Single,Specialized diploma,Design and Multimedia,Daytime,Specialized course,Romanian,Specialized course,Secondary Education,Unskilled Workers,Intermediate Level Technicians and Professions,Male,Yes,No,Yes,No,No,No,7,16,18,12,12.168253968253943,1
19,0.5,1.79,Single,2nd phase,Design and Multimedia,Daytime,Secondary education,Angolan,Specialized course,Basic education or less,Unskilled Workers,Installation and Machine Operators and Assembly Workers,Male,Yes,No,Yes,No,Yes,No,0,12,13,11,13.415384615384632,0
31,0.3,-0.92,Single,Over 23 years old,Agronomy,Daytime,Secondary education,Santomean,Specialized course,Basic education or less,Unskilled Workers,"Farmers and Skilled Workers in Agriculture, Fisheries, and Forestry",Male,No,No,No,Yes,No,No,0,12,25,1,6.6,1
32,0.3,-0.92,Single,Over 23 years old,Agronomy,Daytime,Secondary education,Santomean,Specialized course,Basic education or less,Administrative staff,"Skilled Workers in Industry, Construction, and Craftsmen",Male,No,No,No,Yes,No,No,4,16,22,9,11.999999999999982,1
19,1.4,1.74,Single,1st phase,Nursing,Daytime,Secondary education,Other,Higher education,Basic education or less,Administrative staff,Unskilled Workers,Female,Yes,No,Yes,No,Yes,No,0,16,24,14,12.6,0
34,2.6,0.32,Single,Change in institution/course,Journalism and Communication,Daytime,Other,Other,Some High School,Unknown,Other,Other,Female,Yes,No,Yes,No,No,No,13,20,23,19,12.269565217391287,0
21,2.6,0.32,Single,1st phase,Journalism and Communication,Daytime,Secondary education,Other,Specialized course,Some High School,Other,Other,Female,Yes,No,Yes,No,No,No,0,12,12,12,13.08333333333335,0
53,-0.8,-3.12,Single,Change in institution/course,Social Service,Daytime,Secondary education,Brazilian,Specialized course,Basic education or less,Unskilled Workers,"Skilled Workers in Industry, Construction, and Craftsmen",Female,Yes,No,Yes,No,Yes,No,6,14,25,13,11.0,0
19,-0.3,0.79,Single,1st phase,Nursing,Daytime,Secondary education,Portuguese,Specialized course,Basic education or less,Administrative staff,"Skilled Workers in Industry, Construction, and Craftsmen",Female,No,No,Yes,No,Yes,No,0,15,15,15,14.72666666666666,0
20,1.4,1.74,Single,1st phase,Journalism and Communication,Daytime,Secondary education,Portuguese,Specialized course,Basic education or less,Unskilled Workers,"Personal Services, Security and Safety Workers, and Sellers",Female,No,No,Yes,No,Yes,No,0,12,22,8,11.965909090909092,0
18,1.4,1.74,Single,1st phase,Journalism and Communication,Daytime,Secondary education,Portuguese,Secondary Education,Basic education or less,Unskilled Workers,Unskilled Workers,Female,Yes,No,Yes,No,No,No,0,12,12,12,14.33333333333335,0
21,3.7,-1.7,Single,Change in institution/course,Nursing,Daytime,Secondary education,Brazilian,Specialized course,Basic education or less,Unskilled Workers,Unskilled Workers,Female,Yes,No,Yes,No,Yes,No,0,16,16,14,14.4285714285714,0
26,-0.8,-3.12,Single,Holders of other higher courses,Social Service,Evening,Higher education,Italian,Specialized course,Some High School,Unskilled Workers,Administrative staff,Female,No,No,No,No,No,No,0,10,19,0,0.0,1
26,2.8,-4.06,Single,Change in institution/course,Veterinary Nursing,Daytime,Specialized course,Other,Secondary Education,Secondary Education,Administrative staff,"Skilled Workers in Industry, Construction, and Craftsmen",Female,Yes,No,Yes,No,No,No,20,31,72,31,12.068910256410252,0
21,2.8,-4.06,Married,Specialized diploma,Management,Evening,Specialized course,Romanian,Secondary Education,Basic education or less,Administrative staff,Unskilled Workers,Female,No,No,No,No,No,No,0,10,22,4,12.090909090909072,1
18,2.6,0.32,Single,2nd phase,Journalism and Communication,Daytime,Secondary education,Angolan,Specialized course,Basic education or less,"Personal Services, Security and Safety Workers, and Sellers","Personal Services, Security and Safety Workers, and Sellers",Female,No,No,Yes,No,No,No,0,12,18,12,12.75,0
21,2.8,-4.06,Single,Change in institution/course,Design and Multimedia,Daytime,Specialized course,Brazilian,Specialized course,Basic education or less,"Personal Services, Security and Safety Workers, and Sellers",Unskilled Workers,Female,Yes,No,Yes,No,Yes,No,9,24,24,23,12.9393939393939,0
19,-0.3,0.79,Single,2nd phase,Advertising and Marketing Management,Daytime,Secondary education,Angolan,Specialized course,Basic education or less,"Skilled Workers in Industry, Construction, and Craftsmen","Skilled Workers in Industry, Construction, and Craftsmen",Female,No,No,Yes,No,Yes,No,0,12,12,12,13.5,0
19,1.4,1.74,Single,2nd phase,Management,Daytime,Secondary education,Angolan,Specialized course,Basic education or less,Unskilled Workers,"Skilled Workers in Industry, Construction, and Craftsmen",Female,No,No,Yes,No,No,No,0,10,18,4,12.444444444444445,1
19,1.4,1.74,Single,Change in institution/course,Social Service,Daytime,Secondary education,Brazilian,Specialized course,Basic education or less,"Personal Services, Security and Safety Workers, and Sellers","Personal Services, Security and Safety Workers, and Sellers",Female,No,No,Yes,No,Yes,No,0,12,19,11,11.296240601503747,0
27,-0.8,-3.12,Single,Holders of other higher courses,Nursing,Daytime,Higher education,Italian,Specialized course,Basic education or less,"Skilled Workers in Industry, Construction, and Craftsmen","Skilled Workers in Industry, Construction, and Craftsmen",Female,Yes,No,Yes,No,No,No,0,16,16,16,12.8875,0
18,2.6,0.32,Single,1st phase,Nursing,Daytime,Secondary education,Portuguese,Specialized course,Secondary Education,Unskilled Workers,Administrative staff,Female,Yes,No,Yes,No,Yes,No,0,14,14,12,12.95,0
20,3.7,-1.7,Single,1st phase,Management,Daytime,Secondary education,Portuguese,Specialized course,Basic education or less,Unskilled Workers,Unskilled Workers,Female,Yes,No,Yes,No,No,No,0,10,17,1,7.0588235294117645,1
19,0.5,1.79,Single,1st phase,Nursing,Daytime,Secondary education,Portuguese,Secondary Education,Secondary Education,"Personal Services, Security and Safety Workers, and Sellers","Personal Services, Security and Safety Workers, and Sellers",Female,Yes,No,Yes,No,Yes,No,0,15,15,15,12.803999999999993,0
20,0.3,-0.92,Single,1st phase,Advertising and Marketing Management,Daytime,Secondary education,Portuguese,Secondary Education,Secondary Education,"Skilled Workers in Industry, Construction, and Craftsmen","Skilled Workers in Industry, Construction, and Craftsmen",Female,Yes,No,Yes,No,No,No,0,12,13,0,0.0,1
19,3.7,-1.7,Single,2nd phase,Social Service,Daytime,Secondary education,Angolan,Specialized course,Basic education or less,"Skilled Workers in Industry, Construction, and Craftsmen","Farmers and Skilled Workers in Agriculture, Fisheries, and Forestry",Female,Yes,No,Yes,No,Yes,No,0,12,23,11,11.372670807453408,0
18,2.6,0.32,Single,1st phase,Other,Daytime,Secondary education,Portuguese,Specialized course,Basic education or less,Unskilled Workers,"Personal Services, Security and Safety Workers, and Sellers",Female,No,No,Yes,No,No,No,0,12,12,12,13.25,0
20,1.4,1.74,Single,1st phase,Veterinary Nursing,Daytime,Secondary education,Portuguese,Specialized course,Secondary Education,"Personal Services, Security and Safety Workers, and Sellers",Administrative staff,Female,Yes,No,Yes,No,No,No,0,10,12,9,13.020833333333334,0
38,3.7,-1.7,Married,Over 23 years old,Management,Evening,Secondary education,Santomean,Specialized course,Basic education or less,Unskilled Workers,Unskilled Workers,Female,No,No,No,No,No,No,0,10,15,7,10.84,1
42,1.4,3.51,Other,Over 23 years old,Social Service,Evening,Secondary education,Santomean,Specialized course,Basic education or less,Unskilled Workers,"Skilled Workers in Industry, Construction, and Craftsmen",Female,No,No,Yes,No,No,No,0,12,14,11,11.542857142857143,0
32,-0.3,0.79,Single,Over 23 years old,Nursing,Daytime,Secondary education,Santomean,Specialized course,Basic education or less,Unskilled Workers,"Farmers and Skilled Workers in Agriculture, Fisheries, and Forestry",Female,No,No,Yes,No,No,No,0,15,0,0,0.0,1
22,0.5,1.79,Single,Other,Journalism and Communication,Daytime,Secondary education,Other,Specialized course,Basic education or less,Administrative staff,"Personal Services, Security and Safety Workers, and Sellers",Female,Yes,No,Yes,No,No,Yes,0,12,12,12,13.33333333333335,0
28,2.6,0.32,Married,Over 23 years old,Management,Evening,Secondary education,Santomean,Some High School,Unknown,Other,Other,Female,Yes,No,Yes,No,No,No,0,10,15,0,0.0,1
37,-0.8,-3.12,Married,Over 23 years old,Social Service,Evening,Other,Santomean,Specialized course,Basic education or less,Other,Armed Forces Professions,Female,Yes,No,Yes,No,No,No,0,12,0,0,0.0,1
43,2.8,-4.06,Married,Specialized diploma,Agronomy,Daytime,Specialized course,Romanian,Specialized course,Basic education or less,Unskilled Workers,Administrative staff,Female,No,No,Yes,No,No,No,0,12,17,12,14.607843137254918,0
41,-0.3,0.79,Other,Over 23 years old,Social Service,Evening,Secondary education,Santomean,Specialized course,Secondary Education,Unskilled Workers,"Skilled Workers in Industry, Construction, and Craftsmen",Female,No,No,Yes,No,Yes,No,0,12,16,11,12.6458333333333,0
29,1.4,1.74,Other,Over 23 years old,Social Service,Evening,Basic education 3rd cycle (9th/10th/11th year) or equivalent,Santomean,Specialized course,Basic education or less,Unskilled Workers,Intermediate Level Technicians and Professions,Female,No,No,Yes,No,Yes,No,0,12,20,9,11.142500000000002,0
35,1.4,1.74,Single,Over 23 years old,Social Service,Evening,Secondary education,Santomean,Specialized course,Basic education or less,Unskilled Workers,Unskilled Workers,Female,No,No,Yes,No,Yes,No,0,12,15,12,11.144444444444426,0
18,-0.8,-3.12,Single,2nd phase,Social Service,Daytime,Secondary education,Angolan,Secondary Education,Higher education,Administrative staff,Other,Female,Yes,No,Yes,No,No,No,0,12,16,8,12.0,1
39,0.3,-0.92,Single,Over 23 years old,Nursing,Daytime,Basic education 3rd cycle (9th/10th/11th year) or equivalent,Santomean,Specialized course,Basic education or less,Unskilled Workers,"Farmers and Skilled Workers in Agriculture, Fisheries, and Forestry",Female,No,No,No,No,Yes,No,0,14,23,5,11.108695652173912,1
26,2.6,0.32,Single,Over 23 years old,Nursing,Daytime,Secondary education,Santomean,Specialized course,Basic education or less,Unskilled Workers,"Skilled Workers in Industry, Construction, and Craftsmen",Female,Yes,No,Yes,No,Yes,No,0,14,14,12,13.7,0
32,1.4,1.74,Single,Holders of other higher courses,Veterinary Nursing,Daytime,Higher education,Italian,Specialized course,Some High School,Administrative staff,Other,Female,Yes,No,Yes,No,No,No,0,10,20,1,5.6,1
19,2.6,0.32,Single,1st phase,Social Service,Daytime,Secondary education,Portuguese,Specialized course,Basic education or less,Other,Other,Female,Yes,No,Yes,No,No,No,0,12,10,0,0.0,1
19,0.5,1.79,Single,1st phase,Other,Daytime,Secondary education,Portuguese,Specialized course,Basic education or less,Unskilled Workers,Unskilled Workers,Female,No,No,Yes,No,Yes,No,0,14,17,13,13.117647058823536,0
32,-0.3,0.79,Married,Holders of other higher courses,Advertising and Marketing Management,Daytime,Higher education,Italian,Specialized course,Basic education or less,"Skilled Workers in Industry, Construction, and Craftsmen","Skilled Workers in Industry, Construction, and Craftsmen",Female,No,No,Yes,No,No,No,6,19,25,16,14.204444444444439,0
31,2.6,0.32,Married,Over 23 years old,Management,Daytime,Secondary education,Santomean,Specialized course,Basic education or less,Unskilled Workers,Unskilled Workers,Female,Yes,No,Yes,No,No,No,0,10,17,5,11.264705882352942,1
20,1.4,3.51,Single,1st phase,Design and Multimedia,Daytime,Secondary education,Portuguese,Secondary Education,Secondary Education,Intermediate Level Technicians and Professions,Intermediate Level Technicians and Professions,Female,Yes,No,Yes,No,No,No,10,23,26,23,13.833333333333314,0
28,-0.3,0.79,Single,Over 23 years old,Nursing,Daytime,Basic education 3rd cycle (9th/10th/11th year) or equivalent,Santomean,Specialized course,Basic education or less,Unskilled Workers,Unskilled Workers,Female,No,No,Yes,No,No,No,0,14,25,2,10.45,1
31,-0.8,-3.12,Other,Over 23 years old,Social Service,Evening,Basic education 3rd cycle (9th/10th/11th year) or equivalent,Santomean,Specialized course,Basic education or less,Other,"Skilled Workers in Industry, Construction, and Craftsmen",Female,No,No,No,No,No,No,0,12,17,8,11.188235294117646,1
19,0.5,1.79,Single,1st phase,Journalism and Communication,Daytime,Secondary education,Portuguese,Specialized course,Basic education or less,"Personal Services, Security and Safety Workers, and Sellers","Personal Services, Security and Safety Workers, and Sellers",Female,Yes,No,Yes,No,No,No,0,12,14,11,12.657142857142857,0
19,0.3,-0.92,Single,1st phase,Social Service,Daytime,Secondary education,Portuguese,Specialized course,Basic education or less,Unskilled Workers,Administrative staff,Female,Yes,No,Yes,No,Yes,No,0,12,16,12,13.14285714285715,0
34,2.8,-4.06,Single,Holders of other higher courses,Veterinary Nursing,Daytime,Higher education,Italian,Secondary Education,Basic education or less,Unskilled Workers,Armed Forces Professions,Female,No,No,Yes,No,No,No,0,12,0,0,0.0,1
18,0.5,1.79,Single,1st phase,Oral Hygiene,Daytime,Secondary education,Other,Specialized course,Basic education or less,Unskilled Workers,"Skilled Workers in Industry, Construction, and Craftsmen",Female,Yes,No,Yes,No,Yes,No,0,15,15,15,15.706666666666672,0
18,0.6,2.02,Single,2nd phase,Tourism,Daytime,Secondary education,Angolan,Specialized course,Basic education or less,"Skilled Workers in Industry, Construction, and Craftsmen","Skilled Workers in Industry, Construction, and Craftsmen",Female,Yes,No,Yes,No,No,No,0,12,12,12,12.9166666666667,0
19,0.3,-0.92,Single,1st phase,Management,Daytime,Secondary education,Portuguese,Higher education,Basic education or less,Intermediate Level Technicians and Professions,Intermediate Level Technicians and Professions,Male,No,No,Yes,Yes,No,No,0,10,18,10,13.13148148148146,0
22,2.6,0.32,Single,2nd phase,Journalism and Communication,Daytime,Secondary education,Angolan,Higher education,Higher education,Other,Other,Male,Yes,No,No,No,Yes,No,0,8,16,0,0.0,1
32,2.6,0.32,Married,Change in institution/course,Advertising and Marketing Management,Daytime,Secondary education,Brazilian,Some High School,Unknown,Other,Other,Male,No,No,Yes,No,No,No,10,19,21,14,11.442857142857143,0
61,2.8,-4.06,Single,Over 23 years old,Management,Daytime,Secondary education,Santomean,Specialized course,Higher education,Unskilled Workers,Other,Male,No,No,Yes,No,No,No,0,10,0,0,0.0,1
30,2.6,0.32,Single,Over 23 years old,Management,Evening,Secondary education,Santomean,Specialized course,Basic education or less,Unskilled Workers,Unskilled Workers,Male,Yes,No,Yes,No,No,No,0,10,12,10,11.25,0
45,0.5,1.79,Married,Over 23 years old,Management,Evening,Secondary education,Santomean,Specialized course,Basic education or less,Unskilled Workers,Unskilled Workers,Male,No,No,No,Yes,No,No,0,10,20,0,0.0,1
20,0.5,1.79,Single,Specialized diploma,Agronomy,Daytime,Specialized course,Romanian,Secondary Education,Basic education or less,Administrative staff,Installation and Machine Operators and Assembly Workers,Male,No,No,Yes,No,No,No,0,12,13,12,13.153846153846185,0
19,-0.8,-3.12,Single,3rd phase,Nursing,Daytime,Secondary education,Cape Verdean,Specialized course,Secondary Education,Other,Armed Forces Professions,Female,No,No,Yes,No,No,No,0,15,0,0,0.0,1
26,2.6,0.32,Single,Change in institution/course,Informatics Engineering,Daytime,Secondary education,Other,Higher education,Secondary Education,Specialists in Intellectual and Scientific Activities,Unskilled Workers,Male,Yes,No,Yes,No,No,No,8,21,25,8,11.58,1
19,2.6,0.32,Single,2nd phase,Advertising and Marketing Management,Daytime,Secondary education,Angolan,Secondary Education,Secondary Education,Administrative staff,Other,Male,Yes,No,Yes,No,No,No,0,10,11,4,12.272727272727254,1
19,0.3,-0.92,Single,2nd phase,Journalism and Communication,Daytime,Secondary education,Angolan,Specialized course,Basic education or less,Unskilled Workers,Unskilled Workers,Male,No,No,Yes,No,Yes,No,0,12,13,12,11.820512820512839,0
19,0.5,1.79,Single,1st phase,Journalism and Communication,Daytime,Secondary education,Portuguese,Specialized course,Secondary Education,Unskilled Workers,Administrative staff,Male,Yes,No,Yes,No,No,No,0,12,13,11,12.76923076923077,0
19,0.3,-0.92,Single,1st phase,Management,Daytime,Secondary education,Portuguese,Secondary Education,Basic education or less,"Personal Services, Security and Safety Workers, and Sellers","Personal Services, Security and Safety Workers, and Sellers",Male,Yes,No,Yes,No,Yes,No,0,10,12,10,12.93333333333335,0
19,2.6,0.32,Single,1st phase,Advertising and Marketing Management,Daytime,Secondary education,Portuguese,Some High School,Basic education or less,Other,Other,Male,Yes,No,No,No,No,No,0,9,9,0,0.0,1
28,2.6,0.32,Single,Over 23 years old,Advertising and Marketing Management,Daytime,Secondary education,Santomean,Some High School,Unknown,Other,Other,Male,Yes,No,No,No,No,No,0,10,15,5,11.577777777777793,1
24,-0.8,-3.12,Single,Change in institution/course,Management,Daytime,Secondary education,Brazilian,Specialized course,Basic education or less,Unskilled Workers,Unskilled Workers,Male,No,No,Yes,No,No,No,20,29,30,29,13.548888888888886,0
18,2.6,0.32,Single,1st phase,Equiniculture,Daytime,Secondary education,Portuguese,Higher education,Secondary Education,Specialists in Intellectual and Scientific Activities,Administrative staff,Male,No,No,Yes,No,No,No,0,10,12,8,13.472222222222243,0
18,0.5,1.79,Single,1st phase,Journalism and Communication,Daytime,Secondary education,Portuguese,Secondary Education,Higher education,Intermediate Level Technicians and Professions,"Skilled Workers in Industry, Construction, and Craftsmen",Male,Yes,No,Yes,No,Yes,No,0,12,19,11,10.740350877192995,0
21,1.4,3.51,Single,Specialized diploma,Agronomy,Daytime,Specialized course,Romanian,Higher education,Secondary Education,Specialists in Intellectual and Scientific Activities,Installation and Machine Operators and Assembly Workers,Male,No,No,Yes,No,No,No,0,12,18,10,12.9,0
28,0.5,1.79,Married,Over 23 years old,Management,Evening,Secondary education,Santomean,Specialized course,Basic education or less,Unskilled Workers,"Personal Services, Security and Safety Workers, and Sellers",Male,No,No,No,No,No,No,0,10,11,0,0.0,1
58,-0.3,0.79,Single,Over 23 years old,Agronomy,Daytime,Other,Santomean,Specialized course,Basic education or less,Unskilled Workers,Armed Forces Professions,Male,No,No,Yes,No,No,No,0,12,15,0,0.0,1
49,2.6,0.32,Married,Over 23 years old,Management,Evening,Secondary education,Santomean,Some High School,Unknown,Other,Other,Male,Yes,No,No,No,No,No,0,10,10,0,0.0,1
25,2.6,0.32,Single,Change in institution/course,Advertising and Marketing Management,Daytime,Secondary education,Brazilian,Some High School,Unknown,Other,Other,Male,No,No,Yes,No,No,No,0,10,10,8,14.25,0
33,2.6,0.32,Other,Change in institution/course,Management,Daytime,Secondary education,Other,Specialized course,Basic education or less,"Skilled Workers in Industry, Construction, and Craftsmen",Intermediate Level Technicians and Professions,Male,Yes,No,Yes,No,No,No,0,10,10,1,5.0,1
33,-0.8,-3.12,Married,Over 23 years old,Informatics Engineering,Daytime,Basic education 3rd cycle (9th/10th/11th year) or equivalent,Santomean,Specialized course,Basic education or less,"Skilled Workers in Industry, Construction, and Craftsmen","Skilled Workers in Industry, Construction, and Craftsmen",Male,No,No,No,No,No,No,0,10,16,0,0.0,1
40,-0.3,0.79,Married,Change in institution/course,Other,Daytime,Secondary education,Brazilian,Specialized course,Basic education or less,"Skilled Workers in Industry, Construction, and Craftsmen","Skilled Workers in Industry, Construction, and Craftsmen",Male,No,No,Yes,No,No,No,0,6,9,5,15.722222222222221,0
48,0.3,-0.92,Married,Over 23 years old,Management,Evening,Secondary education,Santomean,Specialized course,Basic education or less,Unskilled Workers,Intermediate Level Technicians and Professions,Male,No,No,Yes,No,No,No,0,10,17,10,11.739495798319338,0
24,2.6,0.32,Single,Over 23 years old,Nursing,Daytime,Basic education 3rd cycle (9th/10th/11th year) or equivalent,Santomean,Specialized course,Basic education or less,Unskilled Workers,Installation and Machine Operators and Assembly Workers,Male,Yes,No,Yes,No,No,No,0,14,14,12,12.6666666666667,0
23,1.4,1.74,Married,1st phase,Veterinary Nursing,Daytime,Secondary education,Portuguese,Specialized course,Basic education or less,Other,Other,Male,No,No,Yes,No,Yes,No,0,10,13,9,12.580769230769231,0
39,1.4,1.74,Single,Over 23 years old,Management,Evening,Basic education 3rd cycle (9th/10th/11th year) or equivalent,Santomean,Specialized course,Basic education or less,"Skilled Workers in Industry, Construction, and Craftsmen","Personal Services, Security and Safety Workers, and Sellers",Male,Yes,No,No,Yes,No,No,0,10,13,10,12.789743589743606,1
21,2.8,-4.06,Single,3rd phase,Agronomy,Daytime,Secondary education,Cape Verdean,Secondary Education,Basic education or less,Unskilled Workers,"Farmers and Skilled Workers in Agriculture, Fisheries, and Forestry",Male,No,No,Yes,No,No,No,8,20,30,17,12.063333333333333,0
34,2.6,0.32,Single,Change in institution/course,Informatics Engineering,Daytime,Other,Other,Some High School,Basic education or less,Other,"Farmers and Skilled Workers in Agriculture, Fisheries, and Forestry",Male,Yes,No,Yes,No,No,No,5,11,16,6,10.875,1
18,3.7,-1.7,Single,1st phase,Journalism and Communication,Daytime,Secondary education,Portuguese,Secondary Education,Basic education or less,Administrative staff,"Personal Services, Security and Safety Workers, and Sellers",Male,No,No,Yes,No,No,No,0,12,12,12,12.25,0
19,2.6,0.32,Single,1st phase,Management,Daytime,Secondary education,Portuguese,Secondary Education,Secondary Education,Specialists in Intellectual and Scientific Activities,Armed Forces Professions,Male,No,No,Yes,No,No,No,0,10,16,3,13.0,1
19,3.7,-1.7,Single,1st phase,Nursing,Daytime,Secondary education,Portuguese,Specialized course,Basic education or less,Intermediate Level Technicians and Professions,Intermediate Level Technicians and Professions,Male,No,No,Yes,No,No,No,0,16,16,14,13.7142857142857,0
28,0.3,-0.92,Single,Holders of other higher courses,Agronomy,Daytime,Higher education,Italian,Secondary Education,Secondary Education,Administrative staff,"Farmers and Skilled Workers in Agriculture, Fisheries, and Forestry",Male,No,No,Yes,No,No,No,0,12,26,12,15.301923076923078,0
18,2.6,0.32,Single,2nd phase,Design and Multimedia,Daytime,Secondary education,Angolan,Secondary Education,Secondary Education,"Personal Services, Security and Safety Workers, and Sellers",Other,Male,Yes,No,Yes,No,No,No,0,12,13,5,5.815384615384616,1
19,0.6,2.02,Single,1st phase,Social Service,Daytime,Secondary education,Portuguese,Higher education,Higher education,Intermediate Level Technicians and Professions,Administrative staff,Male,Yes,No,Yes,No,No,No,0,12,23,5,10.956521739130435,1
19,0.5,1.79,Single,2nd phase,Veterinary Nursing,Daytime,Secondary education,Angolan,Specialized course,Basic education or less,Unskilled Workers,Other,Male,Yes,No,No,Yes,No,No,0,12,29,7,13.155172413793103,1
18,0.3,-0.92,Single,2nd phase,Nursing,Daytime,Secondary education,Angolan,Secondary Education,Higher education,Unskilled Workers,Other,Female,Yes,No,Yes,No,No,No,0,15,18,15,15.705555555555527,0
18,0.5,1.79,Single,1st phase,Equiniculture,Daytime,Secondary education,Portuguese,Higher education,Higher education,Specialists in Intellectual and Scientific Activities,Other,Female,Yes,No,Yes,No,No,No,0,12,16,11,13.4,0
18,0.6,2.02,Single,1st phase,Journalism and Communication,Daytime,Secondary education,Portuguese,Secondary Education,Higher education,Intermediate Level Technicians and Professions,Intermediate Level Technicians and Professions,Female,Yes,No,Yes,No,No,No,0,12,15,12,11.228571428571415,1
19,0.5,1.79,Single,Specialized diploma,Social Service,Daytime,Specialized course,Romanian,Higher education,Basic education or less,Administrative staff,Unskilled Workers,Female,Yes,No,Yes,No,No,No,5,12,12,12,13.83333333333335,0
31,3.7,-1.7,Married,Holders of other higher courses,Social Service,Daytime,Higher education,Italian,Specialized course,Basic education or less,Other,Other,Female,No,No,Yes,No,No,No,1,12,22,10,13.454545454545455,0
33,3.7,-1.7,Single,Over 23 years old,Social Service,Evening,Secondary education,Santomean,Specialized course,Basic education or less,Unskilled Workers,Installation and Machine Operators and Assembly Workers,Female,No,No,Yes,No,Yes,No,0,12,12,12,14.25,0
19,0.6,2.02,Single,2nd phase,Tourism,Daytime,Secondary education,Angolan,Secondary Education,Basic education or less,Intermediate Level Technicians and Professions,Intermediate Level Technicians and Professions,Female,Yes,No,Yes,No,No,No,0,12,16,11,13.03333333333335,0
18,2.6,0.32,Single,1st phase,Design and Multimedia,Daytime,Secondary education,Portuguese,Some High School,Unknown,Other,Other,Female,Yes,No,Yes,No,No,No,0,12,12,12,12.75,1
18,2.8,-4.06,Single,2nd phase,Design and Multimedia,Daytime,Secondary education,Angolan,Specialized course,Secondary Education,"Personal Services, Security and Safety Workers, and Sellers","Personal Services, Security and Safety Workers, and Sellers",Female,No,Yes,Yes,No,No,No,0,12,0,0,0.0,1
18,1.4,3.51,Single,1st phase,Advertising and Marketing Management,Daytime,Secondary education,Portuguese,Specialized course,Basic education or less,Unskilled Workers,Unskilled Workers,Female,Yes,No,No,No,No,No,0,12,0,0,0.0,1
19,0.5,1.79,Single,2nd phase,Management,Daytime,Secondary education,Angolan,Specialized course,Basic education or less,"Skilled Workers in Industry, Construction, and Craftsmen","Skilled Workers in Industry, Construction, and Craftsmen",Female,Yes,No,Yes,No,Yes,No,0,10,13,8,11.123076923076923,0
18,0.6,2.02,Single,2nd phase,Social Service,Daytime,Secondary education,Angolan,Secondary Education,Higher education,Intermediate Level Technicians and Professions,Administrative staff,Female,Yes,No,Yes,No,No,No,0,12,13,12,16.999999999999982,1
18,3.7,-1.7,Single,2nd phase,Veterinary Nursing,Daytime,Secondary education,Angolan,Higher education,Basic education or less,"Personal Services, Security and Safety Workers, and Sellers","Personal Services, Security and Safety Workers, and Sellers",Female,Yes,No,Yes,No,No,No,0,10,14,8,13.071428571428592,0
18,3.7,-1.7,Single,2nd phase,Nursing,Daytime,Secondary education,Angolan,Specialized course,Basic education or less,Unskilled Workers,"Farmers and Skilled Workers in Agriculture, Fisheries, and Forestry",Female,Yes,No,Yes,No,Yes,No,0,16,16,14,15.2285714285714,0
21,1.4,3.51,Single,Specialized diploma,Social Service,Daytime,Specialized course,Other,Specialized course,Basic education or less,Unskilled Workers,Armed Forces Professions,Female,Yes,No,Yes,No,No,No,9,18,19,18,12.988304093567253,0
18,3.7,-1.7,Single,1st phase,Nursing,Daytime,Secondary education,Portuguese,Specialized course,Basic education or less,"Personal Services, Security and Safety Workers, and Sellers","Personal Services, Security and Safety Workers, and Sellers",Female,No,No,Yes,No,Yes,No,0,16,16,14,14.4285714285714,0
18,0.6,2.02,Single,2nd phase,Advertising and Marketing Management,Daytime,Secondary education,Angolan,Secondary Education,Basic education or less,Intermediate Level Technicians and Professions,Intermediate Level Technicians and Professions,Female,Yes,No,Yes,No,No,No,0,12,15,12,13.799999999999992,0
18,2.8,-4.06,Single,1st phase,Nursing,Daytime,Secondary education,Portuguese,Specialized course,Basic education or less,Unskilled Workers,Armed Forces Professions,Female,Yes,No,Yes,No,No,No,0,15,23,13,13.164927536231865,0
20,0.3,-0.92,Single,2nd phase,Nursing,Daytime,Secondary education,Angolan,Specialized course,Secondary Education,Administrative staff,Intermediate Level Technicians and Professions,Female,Yes,No,Yes,No,No,No,0,15,19,13,12.03,0
18,3.7,-1.7,Single,2nd phase,Management,Daytime,Secondary education,Angolan,Secondary Education,Basic education or less,Administrative staff,"Personal Services, Security and Safety Workers, and Sellers",Female,No,No,Yes,No,Yes,No,0,10,13,10,13.0,0
18,0.6,2.02,Single,1st phase,Journalism and Communication,Daytime,Secondary education,Portuguese,Specialized course,Secondary Education,Administrative staff,"Personal Services, Security and Safety Workers, and Sellers",Female,Yes,No,Yes,No,No,No,0,12,0,0,0.0,1
20,1.4,3.51,Single,3rd phase,Management,Daytime,Secondary education,Cape Verdean,Specialized course,Basic education or less,Other,Other,Female,Yes,No,Yes,No,Yes,No,0,10,12,10,11.700000000000001,0
20,0.5,1.79,Single,2nd phase,Tourism,Daytime,Secondary education,Angolan,Specialized course,Basic education or less,Unskilled Workers,Installation and Machine Operators and Assembly Workers,Female,Yes,No,Yes,No,No,No,0,12,12,12,12.3333333333333,0
19,0.6,2.02,Single,2nd phase,Management,Daytime,Secondary education,Angolan,Specialized course,Secondary Education,Unskilled Workers,Unskilled Workers,Female,Yes,No,Yes,Yes,Yes,No,0,10,10,4,5.5,1
19,0.6,2.02,Single,Change in institution/course,Design and Multimedia,Daytime,Secondary education,Other,Higher education,Secondary Education,Intermediate Level Technicians and Professions,"Personal Services, Security and Safety Workers, and Sellers",Female,No,No,Yes,No,Yes,No,10,22,22,22,13.04545454545455,0
18,3.7,-1.7,Single,2nd phase,Advertising and Marketing Management,Daytime,Secondary education,Angolan,Specialized course,Basic education or less,Unskilled Workers,Other,Female,Yes,Yes,No,Yes,Yes,No,0,12,6,1,11.0,1
19,2.8,-4.06,Single,2nd phase,Journalism and Communication,Daytime,Secondary education,Angolan,Secondary Education,Secondary Education,Administrative staff,Unskilled Workers,Female,Yes,No,Yes,Yes,Yes,No,0,12,13,12,12.076923076923068,0
20,-0.8,-3.12,Single,1st phase,Nursing,Daytime,Secondary education,Portuguese,Secondary Education,Basic education or less,Administrative staff,"Skilled Workers in Industry, Construction, and Craftsmen",Female,Yes,No,Yes,No,Yes,No,0,16,16,16,12.98125,0
21,0.6,2.02,Single,Specialized diploma,Management,Daytime,Specialized course,Romanian,Specialized course,Secondary Education,Administrative staff,Unskilled Workers,Female,Yes,No,Yes,No,No,No,5,12,16,11,11.283333333333312,0
21,1.4,1.74,Single,Change in institution/course,Nursing,Daytime,Secondary education,Brazilian,Basic education or less,Higher education,Specialists in Intellectual and Scientific Activities,Other,Female,No,No,Yes,No,No,No,0,16,24,12,11.68,0
20,0.6,2.02,Single,2nd phase,Design and Multimedia,Daytime,Secondary education,Angolan,Specialized course,Basic education or less,Unskilled Workers,Unskilled Workers,Female,No,No,Yes,No,No,No,0,12,13,12,13.961538461538462,0
19,1.4,3.51,Single,3rd phase,Other,Daytime,Secondary education,Cape Verdean,Specialized course,Basic education or less,Other,Other,Female,Yes,No,Yes,No,No,No,0,14,15,14,12.990476190476192,0
21,2.6,0.32,Single,2nd phase,Veterinary Nursing,Daytime,Secondary education,Angolan,Secondary Education,Basic education or less,Administrative staff,Other,Female,No,No,No,No,No,No,0,10,15,4,11.033333333333333,1
18,2.6,0.32,Single,1st phase,Veterinary Nursing,Daytime,Secondary education,Portuguese,Basic education or less,Basic education or less,Administrative staff,Other,Female,No,No,Yes,No,No,No,0,10,13,10,12.907692307692308,0
19,1.4,3.51,Single,1st phase,Tourism,Daytime,Secondary education,Portuguese,Specialized course,Basic education or less,Unskilled Workers,Unskilled Workers,Female,No,No,Yes,No,Yes,No,0,12,15,10,11.915555555555573,0
18,-0.3,0.79,Single,2nd phase,Nursing,Daytime,Secondary education,Angolan,Specialized course,Basic education or less,Unskilled Workers,Administrative staff,Female,Yes,No,Yes,No,No,No,0,15,16,15,14.025,0
19,3.7,-1.7,Single,1st phase,Nursing,Daytime,Secondary education,Portuguese,Secondary Education,Secondary Education,Unskilled Workers,Unskilled Workers,Female,Yes,No,Yes,No,Yes,No,0,16,16,14,13.3142857142857,0
18,-0.3,0.79,Single,1st phase,Management,Daytime,Secondary education,Portuguese,Secondary Education,Basic education or less,Administrative staff,Intermediate Level Technicians and Professions,Female,Yes,No,Yes,No,Yes,No,0,10,25,6,10.551999999999998,0
18,-0.3,0.79,Single,1st phase,Journalism and Communication,Daytime,Secondary education,Portuguese,Specialized course,Basic education or less,Other,Installation and Machine Operators and Assembly Workers,Female,No,No,Yes,No,No,No,0,12,14,12,13.78571428571425,0
18,1.4,1.74,Single,2nd phase,Veterinary Nursing,Daytime,Secondary education,Angolan,Secondary Education,Basic education or less,Unskilled Workers,Unskilled Workers,Female,Yes,No,Yes,No,Yes,No,0,10,15,9,14.488095238095251,0
18,0.5,1.79,Single,2nd phase,Design and Multimedia,Daytime,Secondary education,Angolan,Specialized course,Basic education or less,"Skilled Workers in Industry, Construction, and Craftsmen","Skilled Workers in Industry, Construction, and Craftsmen",Female,Yes,No,Yes,No,No,No,0,12,12,2,6.5,1
18,0.6,2.02,Single,2nd phase,Social Service,Daytime,Secondary education,Angolan,Secondary Education,Basic education or less,Unskilled Workers,"Skilled Workers in Industry, Construction, and Craftsmen",Female,No,No,Yes,No,No,No,0,12,0,0,0.0,1
18,1.4,1.74,Single,1st phase,Social Service,Daytime,Secondary education,Portuguese,Secondary Education,Higher education,Administrative staff,Other,Female,No,No,Yes,No,No,No,0,12,12,12,13.58333333333335,0
20,-0.3,0.79,Single,Change in institution/course,Veterinary Nursing,Daytime,Secondary education,Other,Secondary Education,Basic education or less,Administrative staff,Unskilled Workers,Female,Yes,No,Yes,No,Yes,No,2,8,13,8,12.705128205128176,0
18,0.3,-0.92,Single,2nd phase,Design and Multimedia,Daytime,Secondary education,Angolan,Secondary Education,Basic education or less,Administrative staff,"Personal Services, Security and Safety Workers, and Sellers",Female,Yes,No,Yes,No,No,No,0,12,15,10,11.146666666666667,0
20,1.4,1.74,Single,3rd phase,Nursing,Daytime,Secondary education,Cape Verdean,Specialized course,Basic education or less,Unskilled Workers,"Skilled Workers in Industry, Construction, and Craftsmen",Female,No,No,Yes,No,Yes,No,0,16,16,14,12.7914285714286,0
40,-0.8,-3.12,Other,Change in institution/course,Advertising and Marketing Management,Daytime,Secondary education,Brazilian,Specialized course,Basic education or less,Unskilled Workers,"Farmers and Skilled Workers in Agriculture, Fisheries, and Forestry",Female,No,No,Yes,No,No,No,7,15,20,13,11.37,0
18,2.8,-4.06,Single,1st phase,Nursing,Daytime,Secondary education,Portuguese,Specialized course,Basic education or less,Unskilled Workers,Unskilled Workers,Female,Yes,No,Yes,No,Yes,No,0,15,22,13,12.2129365079365,0
19,-0.3,0.79,Single,1st phase,Tourism,Daytime,Secondary education,Portuguese,Specialized course,Basic education or less,Administrative staff,"Skilled Workers in Industry, Construction, and Craftsmen",Female,Yes,No,Yes,No,No,No,0,12,21,10,11.942857142857141,0
24,0.5,1.79,Single,Holders of other higher courses,Management,Evening,Higher education,Italian,Secondary Education,Basic education or less,Administrative staff,Unskilled Workers,Female,No,No,Yes,No,No,No,0,10,11,0,0.0,1
19,1.4,1.74,Single,1st phase,Journalism and Communication,Daytime,Secondary education,Portuguese,Higher education,Basic education or less,Specialists in Intellectual and Scientific Activities,Armed Forces Professions,Female,Yes,No,Yes,No,No,No,0,12,15,12,13.166666666666702,1
19,1.4,1.74,Single,1st phase,Nursing,Daytime,Secondary education,Portuguese,Higher education,Secondary Education,Administrative staff,Administrative staff,Female,Yes,No,Yes,No,No,No,0,16,16,14,14.1,0
20,0.6,2.02,Single,1st phase,Nursing,Daytime,Secondary education,Portuguese,Secondary Education,Basic education or less,Unskilled Workers,"Farmers and Skilled Workers in Agriculture, Fisheries, and Forestry",Female,Yes,No,Yes,No,Yes,No,0,15,17,13,12.685826330532207,0
18,0.5,1.79,Single,1st phase,Nursing,Daytime,Secondary education,Portuguese,Specialized course,Basic education or less,"Personal Services, Security and Safety Workers, and Sellers","Personal Services, Security and Safety Workers, and Sellers",Female,No,No,Yes,No,No,No,0,15,15,15,15.58666666666666,0
19,-0.3,0.79,Single,2nd phase,Nursing,Daytime,Secondary education,Angolan,Specialized course,Basic education or less,Administrative staff,"Skilled Workers in Industry, Construction, and Craftsmen",Female,Yes,No,Yes,No,No,No,0,15,16,15,14.575,0
18,-0.3,0.79,Single,2nd phase,Nursing,Daytime,Secondary education,Angolan,Higher education,Higher education,Administrative staff,"Personal Services, Security and Safety Workers, and Sellers",Female,Yes,No,Yes,No,No,No,0,15,16,15,15.024999999999999,1
19,0.5,1.79,Single,Specialized diploma,Veterinary Nursing,Daytime,Specialized course,Romanian,Higher education,Higher education,Specialists in Intellectual and Scientific Activities,Other,Female,Yes,No,Yes,No,No,No,0,12,29,11,13.0,0
19,-0.3,0.79,Single,1st phase,Nursing,Daytime,Secondary education,Portuguese,Specialized course,Basic education or less,Unskilled Workers,"Skilled Workers in Industry, Construction, and Craftsmen",Female,Yes,No,Yes,No,Yes,No,0,15,16,15,15.325,0
19,0.5,1.79,Single,1st phase,Nursing,Daytime,Secondary education,Portuguese,Specialized course,Basic education or less,"Personal Services, Security and Safety Workers, and Sellers","Skilled Workers in Industry, Construction, and Craftsmen",Female,No,No,Yes,No,Yes,No,0,15,16,14,14.246428571428588,0
19,0.6,2.02,Single,1st phase,Nursing,Daytime,Secondary education,Portuguese,Secondary Education,Basic education or less,Administrative staff,Administrative staff,Female,Yes,No,Yes,No,Yes,No,0,15,16,14,12.353482142857125,1
19,2.6,0.32,Single,1st phase,Nursing,Daytime,Secondary education,Portuguese,Secondary Education,Basic education or less,Other,"Skilled Workers in Industry, Construction, and Craftsmen",Female,No,No,Yes,No,No,No,0,14,14,12,14.5666666666667,0
25,-0.8,-3.12,Single,Over 23 years old,Advertising and Marketing Management,Daytime,Other,Santomean,Secondary Education,Basic education or less,Other,"Personal Services, Security and Safety Workers, and Sellers",Female,Yes,No,No,Yes,No,No,0,10,10,9,11.225,1
20,3.7,-1.7,Single,1st phase,Nursing,Daytime,Secondary education,Portuguese,Specialized course,Basic education or less,Administrative staff,Armed Forces Professions,Female,No,No,Yes,No,No,No,0,16,16,14,12.6857142857143,0
23,1.4,3.51,Single,Specialized diploma,Social Service,Daytime,Specialized course,Other,Secondary Education,Basic education or less,"Personal Services, Security and Safety Workers, and Sellers","Personal Services, Security and Safety Workers, and Sellers",Female,No,No,No,Yes,No,No,9,18,26,11,13.398351648351662,1
20,2.8,-4.06,Single,1st phase,Design and Multimedia,Daytime,Secondary education,Portuguese,Specialized course,Basic education or less,"Skilled Workers in Industry, Construction, and Craftsmen","Skilled Workers in Industry, Construction, and Craftsmen",Female,No,No,Yes,No,No,No,0,12,0,0,0.0,1
27,0.6,2.02,Single,Over 23 years old,Social Service,Evening,Secondary education,Santomean,Specialized course,Basic education or less,Unskilled Workers,Armed Forces Professions,Female,No,No,Yes,No,No,No,0,12,15,11,11.077777777777793,0
18,-0.8,-3.12,Single,1st phase,Nursing,Daytime,Secondary education,Portuguese,Specialized course,Secondary Education,Administrative staff,Administrative staff,Female,No,No,Yes,No,No,No,0,16,16,16,14.445,0
23,-0.3,0.79,Single,Holders of other higher courses,Social Service,Evening,Higher education,Italian,Specialized course,Secondary Education,"Personal Services, Security and Safety Workers, and Sellers",Armed Forces Professions,Female,Yes,No,No,Yes,No,No,11,22,23,19,14.298913043478262,1
19,2.6,0.32,Single,1st phase,Nursing,Daytime,Secondary education,Portuguese,Specialized course,Basic education or less,"Personal Services, Security and Safety Workers, and Sellers","Farmers and Skilled Workers in Agriculture, Fisheries, and Forestry",Female,Yes,No,Yes,No,Yes,No,0,14,14,12,13.4166666666667,0
18,2.8,-4.06,Single,1st phase,Management,Daytime,Secondary education,Portuguese,Specialized course,Basic education or less,Intermediate Level Technicians and Professions,Intermediate Level Technicians and Professions,Female,No,No,Yes,No,No,No,0,10,15,10,11.89777777777776,0
20,-0.3,0.79,Single,Change in institution/course,Nursing,Daytime,Secondary education,Brazilian,Secondary Education,Basic education or less,Unskilled Workers,Installation and Machine Operators and Assembly Workers,Female,Yes,No,Yes,No,No,No,0,15,16,15,13.95625,0
18,0.5,1.79,Single,1st phase,Advertising and Marketing Management,Daytime,Secondary education,Portuguese,Specialized course,Basic education or less,Unskilled Workers,Unskilled Workers,Female,Yes,No,Yes,No,No,No,0,12,19,9,12.989473684210527,0
19,-0.8,-3.12,Single,1st phase,Nursing,Daytime,Secondary education,Portuguese,Secondary Education,Secondary Education,Administrative staff,Administrative staff,Female,Yes,No,Yes,No,Yes,No,0,16,16,16,14.75,0
19,0.5,1.79,Single,Specialized diploma,Social Service,Daytime,Specialized course,Romanian,Specialized course,Basic education or less,Other,Installation and Machine Operators and Assembly Workers,Female,Yes,No,Yes,No,Yes,No,5,12,13,12,13.692307692307653,0
18,2.6,0.32,Single,1st phase,Veterinary Nursing,Daytime,Secondary education,Portuguese,Higher education,Higher education,Other,Other,Female,No,No,Yes,No,No,No,0,10,14,9,14.382653061224515,0
18,-0.8,-3.12,Single,1st phase,Social Service,Daytime,Secondary education,Portuguese,Specialized course,Basic education or less,Unskilled Workers,"Personal Services, Security and Safety Workers, and Sellers",Female,No,No,Yes,No,No,No,0,12,18,11,12.633333333333333,0
18,0.6,2.02,Single,1st phase,Journalism and Communication,Daytime,Secondary education,Portuguese,Specialized course,Basic education or less,Administrative staff,"Skilled Workers in Industry, Construction, and Craftsmen",Female,Yes,No,Yes,No,No,No,0,12,12,12,12.66666666666665,0
28,2.8,-4.06,Single,Other,Other,Daytime,Secondary education,Other,Specialized course,Basic education or less,Unskilled Workers,Unskilled Workers,Female,No,No,No,No,No,No,19,19,19,19,11.842105263157878,1
19,2.6,0.32,Single,2nd phase,Tourism,Daytime,Secondary education,Angolan,Specialized course,Basic education or less,"Personal Services, Security and Safety Workers, and Sellers",Unskilled Workers,Female,Yes,No,Yes,No,No,No,0,12,19,5,13.368421052631579,1
19,0.5,1.79,Single,1st phase,Nursing,Daytime,Secondary education,Portuguese,Secondary Education,Basic education or less,Administrative staff,Unskilled Workers,Female,Yes,No,Yes,No,Yes,No,0,15,17,13,13.576190476190453,0
20,0.6,2.02,Single,1st phase,Design and Multimedia,Daytime,Secondary education,Portuguese,Secondary Education,Basic education or less,Administrative staff,Other,Female,No,Yes,Yes,No,Yes,No,0,12,12,12,12.9166666666667,0
19,0.5,1.79,Single,1st phase,Tourism,Daytime,Secondary education,Portuguese,Specialized course,Basic education or less,Unskilled Workers,Unskilled Workers,Female,Yes,No,Yes,No,Yes,No,0,12,17,10,12.164705882352942,0
19,0.6,2.02,Single,1st phase,Other,Daytime,Secondary education,Portuguese,Secondary Education,Basic education or less,Unskilled Workers,Administrative staff,Female,Yes,No,Yes,No,Yes,No,0,14,14,14,14.142857142857151,0
18,-0.3,0.79,Single,1st phase,Design and Multimedia,Daytime,Secondary education,Portuguese,Specialized course,Secondary Education,Unskilled Workers,Intermediate Level Technicians and Professions,Female,Yes,No,Yes,No,Yes,No,1,12,16,12,12.66964285714285,0
19,2.8,-4.06,Single,2nd phase,Equiniculture,Daytime,Secondary education,Angolan,Higher education,Secondary Education,Specialists in Intellectual and Scientific Activities,Other,Female,No,No,Yes,No,No,No,0,12,0,0,0.0,1
19,1.4,3.51,Single,2nd phase,Advertising and Marketing Management,Daytime,Secondary education,Angolan,Some High School,Basic education or less,Unskilled Workers,"Personal Services, Security and Safety Workers, and Sellers",Female,No,No,Yes,No,Yes,No,0,12,15,12,13.666666666666702,0
20,0.3,-0.92,Single,1st phase,Journalism and Communication,Daytime,Secondary education,Portuguese,Specialized course,Basic education or less,Other,Other,Female,No,No,Yes,Yes,No,No,0,12,12,11,12.08333333333335,0
18,2.6,0.32,Single,2nd phase,Equiniculture,Daytime,Secondary education,Angolan,Secondary Education,Secondary Education,Administrative staff,"Personal Services, Security and Safety Workers, and Sellers",Female,No,No,Yes,No,No,No,0,10,13,9,12.0,0
18,1.4,3.51,Single,2nd phase,Journalism and Communication,Daytime,Secondary education,Angolan,Specialized course,Basic education or less,"Personal Services, Security and Safety Workers, and Sellers",Installation and Machine Operators and Assembly Workers,Female,No,No,Yes,No,No,No,0,12,6,0,0.0,1
18,2.6,0.32,Single,2nd phase,Social Service,Daytime,Secondary education,Angolan,Specialized course,Basic education or less,Other,"Skilled Workers in Industry, Construction, and Craftsmen",Female,Yes,No,Yes,No,No,No,0,12,20,11,11.20000000000001,0
20,2.8,-4.06,Single,3rd phase,Journalism and Communication,Daytime,Secondary education,Cape Verdean,Specialized course,Basic education or less,Administrative staff,Administrative staff,Female,Yes,No,Yes,No,No,No,0,12,20,11,11.82857142857144,1
19,0.5,1.79,Single,2nd phase,Nursing,Daytime,Secondary education,Angolan,Specialized course,Secondary Education,Unskilled Workers,Unskilled Workers,Female,Yes,No,Yes,No,Yes,No,0,15,17,15,12.862352941176459,0
21,2.8,-4.06,Single,1st phase,Other,Daytime,Secondary education,Portuguese,Specialized course,Basic education or less,Unskilled Workers,Unskilled Workers,Female,Yes,No,No,Yes,No,No,0,12,15,6,12.266666666666701,1
20,1.4,1.74,Single,2nd phase,Advertising and Marketing Management,Daytime,Higher education,Angolan,Some High School,Higher education,"Personal Services, Security and Safety Workers, and Sellers",Installation and Machine Operators and Assembly Workers,Female,Yes,No,No,Yes,No,No,0,12,15,0,0.0,1
18,-0.8,-3.12,Single,1st phase,Tourism,Daytime,Secondary education,Portuguese,Specialized course,Basic education or less,Unskilled Workers,Unskilled Workers,Female,Yes,No,Yes,No,No,No,0,12,18,9,11.777777777777779,0
20,1.4,1.74,Single,1st phase,Journalism and Communication,Daytime,Secondary education,Portuguese,Secondary Education,Higher education,"Personal Services, Security and Safety Workers, and Sellers",Intermediate Level Technicians and Professions,Female,No,No,Yes,No,Yes,No,0,12,13,12,12.743589743589745,0
19,-0.8,-3.12,Single,1st phase,Nursing,Daytime,Secondary education,Portuguese,Specialized course,Basic education or less,Other,Unskilled Workers,Female,Yes,No,Yes,No,Yes,No,0,16,16,16,14.07125,0
22,-0.8,-3.12,Single,1st phase,Veterinary Nursing,Daytime,Other,Portuguese,Specialized course,Basic education or less,Unskilled Workers,Unskilled Workers,Female,Yes,No,Yes,No,No,No,0,10,23,9,13.839130434782609,1
22,-0.8,-3.12,Single,2nd phase,Equiniculture,Daytime,Secondary education,Angolan,Specialized course,Basic education or less,Unskilled Workers,Unskilled Workers,Female,Yes,No,No,No,No,No,0,8,2,0,0.0,1
19,2.6,0.32,Single,1st phase,Social Service,Daytime,Secondary education,Portuguese,Specialized course,Basic education or less,Other,"Personal Services, Security and Safety Workers, and Sellers",Female,Yes,No,Yes,No,No,No,0,12,20,7,12.440000000000001,0
20,-0.8,-3.12,Single,1st phase,Nursing,Daytime,Secondary education,Portuguese,Some High School,Unknown,Other,Other,Female,Yes,No,Yes,No,Yes,No,0,16,16,14,14.9014285714286,1
18,2.8,-4.06,Single,1st phase,Nursing,Daytime,Secondary education,Portuguese,Specialized course,Basic education or less,Other,Installation and Machine Operators and Assembly Workers,Female,Yes,No,Yes,Yes,Yes,No,0,15,17,15,12.541764705882377,0
22,1.4,3.51,Single,Change in institution/course,Management,Evening,Specialized course,Other,Specialized course,Basic education or less,"Personal Services, Security and Safety Workers, and Sellers",Unskilled Workers,Female,No,No,No,No,No,No,12,17,17,12,10.882352941176471,1
20,2.6,0.32,Single,2nd phase,Veterinary Nursing,Daytime,Secondary education,Angolan,Specialized course,Basic education or less,Other,"Skilled Workers in Industry, Construction, and Craftsmen",Female,Yes,No,Yes,No,No,No,0,10,16,9,12.550000000000018,0
19,0.5,1.79,Single,Specialized diploma,Agronomy,Daytime,Specialized course,Romanian,Specialized course,Basic education or less,Other,"Farmers and Skilled Workers in Agriculture, Fisheries, and Forestry",Female,No,No,Yes,No,No,No,0,12,14,12,12.333333333333352,0
19,0.5,1.79,Single,1st phase,Nursing,Daytime,Secondary education,Portuguese,Secondary Education,Basic education or less,Other,"Skilled Workers in Industry, Construction, and Craftsmen",Female,Yes,No,Yes,No,Yes,No,0,15,18,14,12.798412698412688,0
19,2.8,-4.06,Single,1st phase,Nursing,Daytime,Secondary education,Portuguese,Specialized course,Basic education or less,Unskilled Workers,"Skilled Workers in Industry, Construction, and Craftsmen",Female,No,No,Yes,No,Yes,No,0,15,22,13,13.896103896103925,0
19,-0.8,-3.12,Single,3rd phase,Nursing,Daytime,Secondary education,Cape Verdean,Specialized course,Basic education or less,Unskilled Workers,"Skilled Workers in Industry, Construction, and Craftsmen",Female,Yes,No,Yes,No,No,No,0,16,16,16,13.11625,0
19,1.4,1.74,Single,1st phase,Design and Multimedia,Daytime,Secondary education,Portuguese,Higher education,Basic education or less,Other,Unskilled Workers,Female,Yes,No,No,No,No,No,0,11,5,0,0.0,1
20,-0.3,0.79,Single,1st phase,Nursing,Daytime,Secondary education,Portuguese,Specialized course,Basic education or less,Unskilled Workers,"Personal Services, Security and Safety Workers, and Sellers",Female,No,No,Yes,No,No,No,0,15,17,13,13.11008403361346,0
20,2.6,0.32,Single,2nd phase,Nursing,Daytime,Secondary education,Angolan,Specialized course,Basic education or less,"Personal Services, Security and Safety Workers, and Sellers",Unskilled Workers,Female,Yes,No,Yes,No,Yes,No,0,14,14,12,12.3333333333333,0
20,2.6,0.32,Single,1st phase,Advertising and Marketing Management,Daytime,Secondary education,Portuguese,Secondary Education,Secondary Education,"Personal Services, Security and Safety Workers, and Sellers","Personal Services, Security and Safety Workers, and Sellers",Female,No,No,Yes,No,No,No,0,10,12,10,13.26666666666665,0
21,2.8,-4.06,Single,Change in institution/course,Nursing,Daytime,Secondary education,Other,Secondary Education,Basic education or less,Administrative staff,Installation and Machine Operators and Assembly Workers,Female,Yes,No,Yes,No,No,No,9,15,17,15,13.950000000000026,0
19,2.8,-4.06,Single,Specialized diploma,Agronomy,Daytime,Specialized course,Romanian,Specialized course,Basic education or less,Unskilled Workers,Unskilled Workers,Female,No,No,Yes,Yes,Yes,No,0,12,19,11,13.0,0
19,0.3,-0.92,Single,1st phase,Journalism and Communication,Daytime,Secondary education,Portuguese,Specialized course,Basic education or less,Unskilled Workers,Unskilled Workers,Female,No,No,Yes,No,Yes,No,0,12,12,12,13.16666666666665,0
21,-0.8,-3.12,Single,1st phase,Advertising and Marketing Management,Daytime,Secondary education,Portuguese,Specialized course,Basic education or less,Unskilled Workers,Unskilled Workers,Female,No,No,Yes,No,Yes,No,0,10,10,9,13.1,0
28,2.8,-4.06,Single,Over 23 years old,Nursing,Daytime,Higher education,Santomean,Higher education,Basic education or less,Specialists in Intellectual and Scientific Activities,Armed Forces Professions,Female,No,No,Yes,No,No,No,1,15,18,15,16.7938888888889,0
19,1.4,1.74,Single,1st phase,Social Service,Daytime,Secondary education,Portuguese,Specialized course,Basic education or less,Unskilled Workers,Unskilled Workers,Female,Yes,No,No,Yes,Yes,No,0,12,16,10,10.8,0
18,0.5,1.79,Single,1st phase,Management,Daytime,Secondary education,Portuguese,Specialized course,Basic education or less,Unskilled Workers,"Farmers and Skilled Workers in Agriculture, Fisheries, and Forestry",Female,No,No,Yes,No,Yes,No,0,10,11,10,13.781818181818181,0
18,3.7,-1.7,Married,2nd phase,Nursing,Daytime,Secondary education,Angolan,Specialized course,Basic education or less,"Personal Services, Security and Safety Workers, and Sellers",Installation and Machine Operators and Assembly Workers,Female,Yes,No,Yes,No,Yes,No,0,16,16,14,12.1142857142857,0
18,-0.8,-3.12,Single,1st phase,Nursing,Daytime,Secondary education,Portuguese,Specialized course,Basic education or less,"Skilled Workers in Industry, Construction, and Craftsmen","Skilled Workers in Industry, Construction, and Craftsmen",Female,Yes,No,Yes,No,Yes,No,0,16,16,16,13.05875,0
22,3.7,-1.7,Single,Change in institution/course,Nursing,Daytime,Secondary education,Other,Secondary Education,Higher education,Unskilled Workers,Intermediate Level Technicians and Professions,Female,Yes,No,Yes,No,No,No,8,16,16,14,13.2857142857143,0
18,-0.3,0.79,Single,1st phase,Nursing,Daytime,Secondary education,Portuguese,Specialized course,Secondary Education,Unskilled Workers,"Personal Services, Security and Safety Workers, and Sellers",Female,No,No,Yes,No,Yes,No,0,15,15,15,14.653333333333345,0
20,2.8,-4.06,Single,2nd phase,Tourism,Daytime,Secondary education,Angolan,Specialized course,Basic education or less,"Personal Services, Security and Safety Workers, and Sellers","Farmers and Skilled Workers in Agriculture, Fisheries, and Forestry",Female,No,No,No,No,No,No,0,12,0,0,0.0,1
26,0.5,1.79,Single,Specialized diploma,Design and Multimedia,Daytime,Specialized course,Romanian,Specialized course,Basic education or less,"Personal Services, Security and Safety Workers, and Sellers","Farmers and Skilled Workers in Agriculture, Fisheries, and Forestry",Female,No,No,No,No,No,No,7,19,21,7,11.107142857142858,1
18,1.4,1.74,Single,1st phase,Design and Multimedia,Daytime,Secondary education,Portuguese,Specialized course,Basic education or less,Unskilled Workers,Unskilled Workers,Female,Yes,No,Yes,No,Yes,No,0,12,14,12,13.785714285714286,0
21,1.4,1.74,Single,1st phase,Tourism,Daytime,Secondary education,Portuguese,Secondary Education,Basic education or less,Administrative staff,Unskilled Workers,Female,Yes,No,Yes,No,Yes,No,0,12,19,9,11.877192982456174,1
18,1.4,1.74,Single,2nd phase,Nursing,Daytime,Secondary education,Angolan,Specialized course,Basic education or less,Intermediate Level Technicians and Professions,Intermediate Level Technicians and Professions,Female,Yes,No,Yes,No,No,No,0,16,16,14,13.2971428571429,0
20,2.8,-4.06,Single,1st phase,Veterinary Nursing,Daytime,Secondary education,Portuguese,Specialized course,Basic education or less,Administrative staff,"Farmers and Skilled Workers in Agriculture, Fisheries, and Forestry",Female,Yes,No,Yes,No,No,No,0,12,23,12,14.05100334448159,0
18,2.8,-4.06,Single,1st phase,Nursing,Daytime,Secondary education,Portuguese,Specialized course,Basic education or less,"Personal Services, Security and Safety Workers, and Sellers","Farmers and Skilled Workers in Agriculture, Fisheries, and Forestry",Female,Yes,No,Yes,No,No,No,0,15,24,14,13.079305555555537,0
20,2.6,0.32,Single,1st phase,Advertising and Marketing Management,Daytime,Secondary education,Portuguese,Secondary Education,Secondary Education,Specialists in Intellectual and Scientific Activities,Other,Female,Yes,No,Yes,No,No,No,0,10,10,8,14.375,1
18,3.7,-1.7,Single,1st phase,Other,Daytime,Secondary education,Portuguese,Specialized course,Basic education or less,Unskilled Workers,"Personal Services, Security and Safety Workers, and Sellers",Female,No,No,Yes,Yes,Yes,No,0,12,13,12,12.923076923076923,0
22,2.6,0.32,Single,1st phase,Social Service,Evening,Secondary education,Portuguese,Specialized course,Basic education or less,Other,Other,Female,Yes,No,Yes,No,No,No,0,12,16,10,12.725,0
21,1.4,3.51,Single,Change in institution/course,Management,Evening,Secondary education,Other,Specialized course,Basic education or less,"Personal Services, Security and Safety Workers, and Sellers","Skilled Workers in Industry, Construction, and Craftsmen",Female,No,No,Yes,No,No,No,2,10,14,9,11.464285714285714,0
18,3.7,-1.7,Single,1st phase,Nursing,Daytime,Secondary education,Portuguese,Specialized course,Basic education or less,Administrative staff,Administrative staff,Female,No,No,Yes,No,No,No,0,16,16,14,13.4857142857143,0
18,1.4,3.51,Single,1st phase,Design and Multimedia,Daytime,Secondary education,Portuguese,Some High School,Basic education or less,Administrative staff,"Personal Services, Security and Safety Workers, and Sellers",Female,No,Yes,Yes,No,Yes,No,0,12,14,12,11.591836734693885,0
19,1.4,1.74,Single,1st phase,Nursing,Daytime,Secondary education,Portuguese,Secondary Education,Basic education or less,"Skilled Workers in Industry, Construction, and Craftsmen","Skilled Workers in Industry, Construction, and Craftsmen",Female,Yes,No,Yes,No,No,No,0,16,22,14,13.2585714285714,0
19,1.4,1.74,Single,2nd phase,Tourism,Daytime,Secondary education,Angolan,Specialized course,Basic education or less,Unskilled Workers,"Skilled Workers in Industry, Construction, and Craftsmen",Female,Yes,No,No,No,No,No,0,12,24,4,10.625000000000012,1
21,1.4,3.51,Single,1st phase,Tourism,Daytime,Secondary education,Other,Specialized course,Basic education or less,Unskilled Workers,"Skilled Workers in Industry, Construction, and Craftsmen",Female,Yes,No,Yes,No,Yes,No,0,12,13,12,13.076923076923093,0
20,2.8,-4.06,Single,1st phase,Journalism and Communication,Daytime,Secondary education,Portuguese,Secondary Education,Basic education or less,Unskilled Workers,"Skilled Workers in Industry, Construction, and Craftsmen",Female,No,No,Yes,No,Yes,Yes,0,12,18,10,11.81666666666665,0
20,0.6,2.02,Single,1st phase,Management,Daytime,Secondary education,Portuguese,Specialized course,Basic education or less,Intermediate Level Technicians and Professions,Unskilled Workers,Female,Yes,No,Yes,No,Yes,No,0,10,14,10,13.742857142857149,0
41,2.6,0.32,Single,Over 23 years old,Management,Evening,Basic education 3rd cycle (9th/10th/11th year) or equivalent,Santomean,Specialized course,Basic education or less,Unskilled Workers,Unskilled Workers,Female,No,No,Yes,No,No,No,0,10,14,10,11.342857142857143,0
18,1.4,1.74,Single,2nd phase,Nursing,Daytime,Secondary education,Angolan,Specialized course,Secondary Education,Unskilled Workers,"Personal Services, Security and Safety Workers, and Sellers",Female,Yes,No,Yes,No,No,No,0,16,16,14,14.6528571428571,0
35,2.8,-4.06,Other,Over 23 years old,Social Service,Evening,Secondary education,Santomean,Specialized course,Basic education or less,Intermediate Level Technicians and Professions,Administrative staff,Female,No,No,Yes,No,Yes,No,0,12,15,12,11.333333333333298,0
32,0.3,-0.92,Single,Over 23 years old,Nursing,Daytime,Secondary education,Santomean,Specialized course,Basic education or less,Unskilled Workers,Unskilled Workers,Female,No,No,No,Yes,No,No,0,14,19,4,8.652631578947368,1
37,0.5,1.79,Single,Over 23 years old,Social Service,Evening,Higher education,Santomean,Specialized course,Basic education or less,"Personal Services, Security and Safety Workers, and Sellers",Unskilled Workers,Female,No,No,Yes,No,No,No,11,19,19,19,14.157894736842087,0
30,3.7,-1.7,Married,Over 23 years old,Management,Daytime,Higher education,Santomean,Higher education,Basic education or less,Unskilled Workers,Unskilled Workers,Female,No,No,Yes,No,No,No,7,15,21,14,11.403061224489772,1
23,2.6,0.32,Single,Change in institution/course,Journalism and Communication,Daytime,Secondary education,Brazilian,Specialized course,Basic education or less,Other,Other,Male,No,No,Yes,No,No,No,0,12,20,11,12.699999999999985,0
20,2.8,-4.06,Single,2nd phase,Journalism and Communication,Daytime,Secondary education,Angolan,Higher education,Secondary Education,Specialists in Intellectual and Scientific Activities,"Skilled Workers in Industry, Construction, and Craftsmen",Female,Yes,No,Yes,No,Yes,No,0,12,13,12,13.923076923076945,1
21,-0.8,-3.12,Single,1st phase,Advertising and Marketing Management,Daytime,Secondary education,Portuguese,Specialized course,Basic education or less,"Personal Services, Security and Safety Workers, and Sellers","Skilled Workers in Industry, Construction, and Craftsmen",Male,No,No,Yes,No,No,No,0,10,13,8,11.615384615384615,0
19,0.5,1.79,Single,1st phase,Management,Daytime,Secondary education,Portuguese,Specialized course,Basic education or less,"Personal Services, Security and Safety Workers, and Sellers","Skilled Workers in Industry, Construction, and Craftsmen",Male,No,No,Yes,No,No,No,0,10,11,10,12.109090909090908,0
18,1.4,1.74,Single,2nd phase,Nursing,Daytime,Secondary education,Angolan,Secondary Education,Basic education or less,Administrative staff,Intermediate Level Technicians and Professions,Male,Yes,No,Yes,No,Yes,No,0,16,16,14,15.07,0
18,1.4,1.74,Single,Change in institution/course,Informatics Engineering,Daytime,Secondary education,Other,Some High School,Unknown,Other,Other,Male,No,No,Yes,No,No,No,0,10,13,2,11.076923076923077,1
22,3.7,-1.7,Single,3rd phase,Advertising and Marketing Management,Daytime,Secondary education,Cape Verdean,Secondary Education,Basic education or less,Unskilled Workers,Unskilled Workers,Male,Yes,No,Yes,No,No,No,0,12,22,8,12.8,0
18,0.3,-0.92,Single,2nd phase,Tourism,Daytime,Secondary education,Angolan,Specialized course,Secondary Education,"Personal Services, Security and Safety Workers, and Sellers","Personal Services, Security and Safety Workers, and Sellers",Male,Yes,No,Yes,No,No,No,0,12,14,7,11.125,1
18,-0.8,-3.12,Single,1st phase,Social Service,Daytime,Secondary education,Other,Specialized course,Basic education or less,"Personal Services, Security and Safety Workers, and Sellers","Farmers and Skilled Workers in Agriculture, Fisheries, and Forestry",Female,Yes,No,Yes,No,No,No,0,12,19,11,12.758145363408552,0
21,0.3,-0.92,Single,1st phase,Design and Multimedia,Daytime,Secondary education,Portuguese,Higher education,Secondary Education,Unskilled Workers,Other,Male,Yes,No,Yes,No,No,Yes,0,12,13,10,14.415384615384614,0
38,0.3,-0.92,Other,Over 23 years old,Nursing,Daytime,Secondary education,Santomean,Specialized course,Basic education or less,Unskilled Workers,Unskilled Workers,Female,No,No,Yes,Yes,No,No,0,14,27,5,10.8827160493827,1
19,3.7,-1.7,Single,3rd phase,Oral Hygiene,Daytime,Secondary education,Cape Verdean,Specialized course,Basic education or less,Unskilled Workers,Unskilled Workers,Female,No,No,Yes,No,Yes,No,0,15,22,15,12.56875,0
36,0.3,-0.92,Other,Over 23 years old,Nursing,Daytime,Secondary education,Santomean,Specialized course,Basic education or less,Unskilled Workers,Unskilled Workers,Female,No,No,Yes,No,No,No,0,14,26,7,11.94871794871793,1
18,3.7,-1.7,Single,1st phase,Veterinary Nursing,Daytime,Secondary education,Other,Secondary Education,Secondary Education,Unskilled Workers,Unskilled Workers,Female,Yes,No,Yes,No,No,No,0,10,18,8,11.722222222222221,0
19,0.5,1.79,Single,1st phase,Nursing,Daytime,Secondary education,Portuguese,Specialized course,Basic education or less,"Personal Services, Security and Safety Workers, and Sellers","Personal Services, Security and Safety Workers, and Sellers",Female,Yes,No,Yes,No,No,No,0,15,21,13,12.202678571428573,0
21,1.4,3.51,Single,Specialized diploma,Veterinary Nursing,Daytime,Specialized course,Other,Specialized course,Basic education or less,Unskilled Workers,Unskilled Workers,Female,No,No,No,Yes,No,No,11,19,32,13,13.4578125,1
18,0.3,-0.92,Single,1st phase,Social Service,Daytime,Secondary education,Portuguese,Specialized course,Basic education or less,Unskilled Workers,Unskilled Workers,Female,No,No,Yes,No,Yes,No,0,12,19,11,11.62406015037592,0
20,2.6,0.32,Single,2nd phase,Management,Daytime,Secondary education,Angolan,Specialized course,Basic education or less,Unskilled Workers,"Skilled Workers in Industry, Construction, and Craftsmen",Female,Yes,No,Yes,No,No,No,0,10,19,2,10.526315789473685,1
18,-0.3,0.79,Single,2nd phase,Tourism,Daytime,Secondary education,Angolan,Specialized course,Secondary Education,"Personal Services, Security and Safety Workers, and Sellers","Skilled Workers in Industry, Construction, and Craftsmen",Female,Yes,No,Yes,Yes,No,No,0,12,18,10,11.574074074074089,0
18,0.6,2.02,Single,1st phase,Advertising and Marketing Management,Daytime,Secondary education,Portuguese,Secondary Education,Basic education or less,Administrative staff,Administrative staff,Female,No,No,Yes,No,Yes,No,0,12,15,12,13.599999999999982,0
25,1.4,1.74,Single,Holders of other higher courses,Equiniculture,Daytime,Higher education,Italian,Some High School,Unknown,Other,Other,Female,No,No,Yes,No,No,No,0,10,18,0,0.0,1
19,1.4,1.74,Single,1st phase,Nursing,Daytime,Secondary education,Portuguese,Secondary Education,Secondary Education,Administrative staff,Administrative staff,Female,Yes,No,Yes,No,No,No,0,16,18,14,12.0414285714286,0
39,-0.3,0.79,Single,Holders of other higher courses,Tourism,Daytime,Higher education,Italian,Secondary Education,Secondary Education,Intermediate Level Technicians and Professions,"Farmers and Skilled Workers in Agriculture, Fisheries, and Forestry",Female,No,No,Yes,No,No,No,21,25,30,25,14.2034188034188,0
29,2.8,-4.06,Married,Over 23 years old,Agronomy,Daytime,Secondary education,Santomean,Specialized course,Basic education or less,Unskilled Workers,Unskilled Workers,Female,No,No,Yes,No,No,No,24,31,33,31,15.39057239057236,0
23,1.4,1.74,Single,Holders of other higher courses,Design and Multimedia,Daytime,Higher education,Italian,Specialized course,Higher education,Unskilled Workers,Intermediate Level Technicians and Professions,Female,No,No,No,No,No,No,0,9,3,2,10.0,1
21,3.7,-1.7,Single,Change in institution/course,Other,Daytime,Secondary education,Other,Secondary Education,Basic education or less,"Personal Services, Security and Safety Workers, and Sellers","Personal Services, Security and Safety Workers, and Sellers",Female,Yes,No,Yes,No,No,No,0,12,21,7,11.063492063492044,1
18,1.4,1.74,Single,1st phase,Social Service,Daytime,Secondary education,Portuguese,Secondary Education,Basic education or less,Administrative staff,Administrative staff,Female,No,No,No,No,No,No,0,12,12,12,14.83333333333335,0
23,0.5,1.79,Single,Holders of other higher courses,Veterinary Nursing,Daytime,Higher education,Italian,Secondary Education,Basic education or less,"Personal Services, Security and Safety Workers, and Sellers","Personal Services, Security and Safety Workers, and Sellers",Female,Yes,No,Yes,No,No,No,0,12,15,12,16.000000000000014,0
18,0.6,2.02,Single,1st phase,Equiniculture,Daytime,Secondary education,Portuguese,Secondary Education,Basic education or less,Administrative staff,Administrative staff,Female,No,No,Yes,No,No,No,0,12,14,12,15.142857142857151,0
32,-0.8,-3.12,Married,Over 23 years old,Social Service,Evening,Basic education 3rd cycle (9th/10th/11th year) or equivalent,Santomean,Specialized course,Basic education or less,Administrative staff,Installation and Machine Operators and Assembly Workers,Female,No,No,Yes,No,No,No,0,12,15,11,13.037777777777793,0
29,1.4,1.74,Married,Over 23 years old,Management,Daytime,Secondary education,Santomean,Specialized course,Basic education or less,Unskilled Workers,"Skilled Workers in Industry, Construction, and Craftsmen",Female,No,No,No,Yes,No,No,0,10,22,5,13.296969696969711,1
20,1.4,3.51,Single,1st phase,Social Service,Daytime,Secondary education,Portuguese,Secondary Education,Basic education or less,Other,Other,Female,Yes,No,Yes,Yes,Yes,No,0,12,16,9,11.675,0
28,-0.8,-3.12,Single,Over 23 years old,Social Service,Daytime,Secondary education,Santomean,Some High School,Unknown,Other,Other,Female,Yes,No,No,No,No,No,0,12,23,1,6.217391304347826,1
27,1.4,1.74,Single,Holders of other higher courses,Management,Daytime,Higher education,Italian,Specialized course,Basic education or less,Other,Unskilled Workers,Female,No,No,Yes,No,No,No,0,10,20,7,12.89375,0
22,2.6,0.32,Single,Change in institution/course,Nursing,Daytime,Secondary education,Brazilian,Specialized course,Unknown,Other,Other,Female,No,No,Yes,Yes,No,No,22,28,28,24,12.3333333333333,0
28,3.7,-1.7,Single,Holders of other higher courses,Social Service,Evening,Higher education,Italian,Specialized course,Basic education or less,Other,"Personal Services, Security and Safety Workers, and Sellers",Female,No,No,No,No,No,No,0,12,12,1,11.0,1
43,1.4,3.51,Married,Over 23 years old,Agronomy,Daytime,Secondary education,Santomean,Specialized course,Basic education or less,Unskilled Workers,Unskilled Workers,Female,No,No,No,Yes,No,No,0,12,23,8,11.26086956521739,1
32,1.4,1.74,Single,Change in institution/course,Oral Hygiene,Daytime,Secondary education,Brazilian,Specialized course,Basic education or less,Unskilled Workers,Unskilled Workers,Female,Yes,No,No,No,No,No,0,15,15,0,0.0,1
35,-0.8,-3.12,Other,Over 23 years old,Nursing,Daytime,Basic education 3rd cycle (9th/10th/11th year) or equivalent,Santomean,Specialized course,Secondary Education,Unskilled Workers,Administrative staff,Female,No,No,Yes,No,Yes,No,0,16,18,16,13.63,0
21,2.6,0.32,Single,1st phase,Advertising and Marketing Management,Daytime,Secondary education,Portuguese,Specialized course,Basic education or less,Other,Other,Female,Yes,No,Yes,No,No,No,0,10,15,7,12.3,0
18,0.3,-0.92,Single,1st phase,Nursing,Daytime,Secondary education,Portuguese,Higher education,Basic education or less,Intermediate Level Technicians and Professions,"Skilled Workers in Industry, Construction, and Craftsmen",Female,No,No,Yes,No,Yes,No,0,15,16,15,16.60625000000001,0
18,0.3,-0.92,Single,2nd phase,Social Service,Daytime,Secondary education,Angolan,Specialized course,Basic education or less,"Personal Services, Security and Safety Workers, and Sellers",Installation and Machine Operators and Assembly Workers,Female,Yes,No,Yes,No,No,No,0,12,21,9,12.0,0
22,0.5,1.79,Single,Specialized diploma,Social Service,Evening,Specialized course,Romanian,Specialized course,Basic education or less,"Skilled Workers in Industry, Construction, and Craftsmen","Farmers and Skilled Workers in Agriculture, Fisheries, and Forestry",Female,Yes,No,Yes,No,No,No,5,12,13,12,12.923076923076932,0
19,1.4,1.74,Single,1st phase,Nursing,Daytime,Secondary education,Portuguese,Secondary Education,Secondary Education,Administrative staff,Armed Forces Professions,Female,Yes,No,Yes,No,No,No,0,16,16,14,12.7642857142857,0
18,-0.3,0.79,Single,3rd phase,Management,Daytime,Secondary education,Cape Verdean,Specialized course,Basic education or less,Unskilled Workers,"Skilled Workers in Industry, Construction, and Craftsmen",Female,Yes,No,Yes,No,Yes,No,0,10,14,10,13.071428571428585,0
18,0.6,2.02,Single,1st phase,Nursing,Daytime,Secondary education,Portuguese,Specialized course,Secondary Education,Unskilled Workers,"Personal Services, Security and Safety Workers, and Sellers",Female,No,No,Yes,No,Yes,No,0,15,16,15,15.211249999999975,0
31,0.3,-0.92,Married,Over 23 years old,Management,Evening,Basic education 3rd cycle (9th/10th/11th year) or equivalent,Santomean,Specialized course,Specialized course,"Personal Services, Security and Safety Workers, and Sellers",Intermediate Level Technicians and Professions,Female,No,No,No,Yes,No,No,0,10,14,0,0.0,1
33,-0.8,-3.12,Married,Over 23 years old,Social Service,Evening,Basic education 3rd cycle (9th/10th/11th year) or equivalent,Santomean,Secondary Education,Basic education or less,Other,"Personal Services, Security and Safety Workers, and Sellers",Female,No,No,Yes,Yes,Yes,No,0,12,16,11,13.249999999999982,0
19,-0.8,-3.12,Single,1st phase,Nursing,Daytime,Secondary education,Portuguese,Specialized course,Basic education or less,"Skilled Workers in Industry, Construction, and Craftsmen","Skilled Workers in Industry, Construction, and Craftsmen",Female,Yes,No,Yes,No,Yes,No,0,16,16,16,13.57625,0
18,3.7,-1.7,Single,2nd phase,Social Service,Daytime,Secondary education,Angolan,Specialized course,Basic education or less,"Skilled Workers in Industry, Construction, and Craftsmen","Skilled Workers in Industry, Construction, and Craftsmen",Female,Yes,No,Yes,No,Yes,No,0,12,13,12,15.461538461538423,0
23,2.6,0.32,Single,1st phase,Management,Daytime,Secondary education,Portuguese,Some High School,Basic education or less,Administrative staff,Intermediate Level Technicians and Professions,Female,No,No,Yes,No,No,No,0,10,16,8,11.13333333333335,0
20,-0.8,-3.12,Single,2nd phase,Social Service,Daytime,Secondary education,Angolan,Specialized course,Basic education or less,"Personal Services, Security and Safety Workers, and Sellers","Skilled Workers in Industry, Construction, and Craftsmen",Female,Yes,No,Yes,No,No,No,0,12,17,11,11.48235294117647,0
18,-0.8,-3.12,Single,1st phase,Nursing,Daytime,Secondary education,Portuguese,Specialized course,Basic education or less,Administrative staff,Installation and Machine Operators and Assembly Workers,Female,Yes,No,Yes,No,No,No,0,16,16,16,13.76375,0
22,3.7,-1.7,Single,1st phase,Social Service,Daytime,Secondary education,Portuguese,Specialized course,Basic education or less,"Personal Services, Security and Safety Workers, and Sellers","Farmers and Skilled Workers in Agriculture, Fisheries, and Forestry",Female,No,No,Yes,No,Yes,No,0,12,20,10,11.45714285714285,0
20,-0.8,-3.12,Single,1st phase,Social Service,Daytime,Secondary education,Portuguese,Secondary Education,Basic education or less,Administrative staff,Administrative staff,Female,Yes,No,Yes,Yes,No,No,0,12,13,12,11.89743589743593,0
23,2.6,0.32,Single,Holders of other higher courses,Nursing,Daytime,Higher education,Italian,Specialized course,Basic education or less,Administrative staff,Armed Forces Professions,Female,Yes,No,Yes,No,No,No,2,14,16,12,14.3571428571429,0
19,0.3,-0.92,Single,2nd phase,Journalism and Communication,Daytime,Secondary education,Angolan,Higher education,Secondary Education,Administrative staff,"Personal Services, Security and Safety Workers, and Sellers",Female,Yes,No,Yes,No,No,No,0,12,12,12,12.75,0
19,1.4,1.74,Single,2nd phase,Nursing,Daytime,Secondary education,Angolan,Secondary Education,Basic education or less,Other,Other,Female,Yes,No,Yes,No,No,No,0,16,16,14,13.9257142857143,0
26,1.4,1.74,Single,Over 23 years old,Management,Evening,Secondary education,Santomean,Specialized course,Basic education or less,"Skilled Workers in Industry, Construction, and Craftsmen",Administrative staff,Female,No,No,Yes,No,No,No,0,10,18,5,11.5,1
18,0.3,-0.92,Single,1st phase,Nursing,Daytime,Secondary education,Portuguese,Secondary Education,Basic education or less,Administrative staff,Intermediate Level Technicians and Professions,Female,Yes,No,Yes,No,No,No,0,15,16,15,13.612499999999956,0
18,-0.8,-3.12,Single,3rd phase,Informatics Engineering,Daytime,Secondary education,Cape Verdean,Secondary Education,Basic education or less,"Skilled Workers in Industry, Construction, and Craftsmen","Skilled Workers in Industry, Construction, and Craftsmen",Male,Yes,No,Yes,No,No,No,0,10,10,1,8.0,1
20,0.3,-0.92,Single,Specialized diploma,Agronomy,Daytime,Specialized course,Romanian,Specialized course,Basic education or less,Unskilled Workers,Unskilled Workers,Male,Yes,No,Yes,No,No,No,0,12,18,12,13.166666666666666,0
19,2.8,-4.06,Single,1st phase,Advertising and Marketing Management,Daytime,Secondary education,Portuguese,Higher education,Secondary Education,Administrative staff,Administrative staff,Male,No,No,Yes,No,No,No,0,12,13,0,0.0,1
32,1.4,1.74,Single,Change in institution/course,Management,Evening,Secondary education,Brazilian,Specialized course,Basic education or less,Unskilled Workers,Unskilled Workers,Male,No,No,No,No,No,No,9,13,13,9,11.27692307692308,1
31,-0.8,-3.12,Married,Over 23 years old,Equiniculture,Daytime,Secondary education,Santomean,Specialized course,Basic education or less,Administrative staff,Administrative staff,Male,No,No,No,No,No,No,0,9,21,5,11.285714285714299,1
21,0.3,-0.92,Single,Change in institution/course,Veterinary Nursing,Daytime,Specialized course,Other,Specialized course,Higher education,Unskilled Workers,Other,Female,Yes,No,Yes,No,No,No,4,12,24,10,13.388888888888909,0
31,3.7,-1.7,Married,Change in institution/course,Management,Evening,Secondary education,Brazilian,Specialized course,Basic education or less,Administrative staff,Unskilled Workers,Female,No,No,No,No,No,No,2,11,16,5,11.09375,1
34,0.3,-0.92,Married,Over 23 years old,Other,Daytime,Secondary education,Santomean,Specialized course,Basic education or less,"Personal Services, Security and Safety Workers, and Sellers","Personal Services, Security and Safety Workers, and Sellers",Female,No,No,Yes,No,No,No,0,14,18,2,11.166666666666666,1
18,0.6,2.02,Single,1st phase,Social Service,Daytime,Secondary education,Portuguese,Specialized course,Basic education or less,Unskilled Workers,Unskilled Workers,Female,No,No,Yes,No,Yes,No,0,12,17,12,13.147058823529395,0
19,0.5,1.79,Single,1st phase,Social Service,Daytime,Secondary education,Portuguese,Specialized course,Basic education or less,Unskilled Workers,Unskilled Workers,Female,Yes,No,Yes,Yes,No,No,0,12,0,0,0.0,1
18,-0.8,-3.12,Single,1st phase,Other,Daytime,Secondary education,Portuguese,Specialized course,Basic education or less,"Personal Services, Security and Safety Workers, and Sellers",Intermediate Level Technicians and Professions,Female,Yes,No,No,No,No,No,0,12,21,8,12.428571428571429,1
20,0.6,2.02,Single,1st phase,Tourism,Daytime,Secondary education,Portuguese,Specialized course,Specialized course,Administrative staff,Installation and Machine Operators and Assembly Workers,Female,Yes,No,Yes,No,No,No,0,12,13,12,15.371794871794853,0
20,2.8,-4.06,Single,Change in institution/course,Journalism and Communication,Daytime,Secondary education,Brazilian,Specialized course,Basic education or less,Unskilled Workers,"Personal Services, Security and Safety Workers, and Sellers",Female,Yes,No,Yes,No,No,No,0,12,13,12,12.384615384615394,0
18,0.6,2.02,Single,2nd phase,Advertising and Marketing Management,Daytime,Secondary education,Angolan,Specialized course,Basic education or less,"Skilled Workers in Industry, Construction, and Craftsmen",Installation and Machine Operators and Assembly Workers,Female,Yes,Yes,Yes,No,Yes,No,0,12,21,10,12.174603174603156,0
19,2.6,0.32,Single,1st phase,Social Service,Daytime,Secondary education,Portuguese,Specialized course,Basic education or less,"Skilled Workers in Industry, Construction, and Craftsmen",Installation and Machine Operators and Assembly Workers,Female,Yes,No,Yes,No,No,No,0,12,18,10,12.19907407407406,0
30,0.6,2.02,Other,Over 23 years old,Equiniculture,Daytime,Secondary education,Santomean,Higher education,Secondary Education,"Personal Services, Security and Safety Workers, and Sellers","Personal Services, Security and Safety Workers, and Sellers",Female,Yes,No,Yes,No,Yes,No,0,12,23,1,6.956521739130435,1
19,0.6,2.02,Single,2nd phase,Social Service,Daytime,Secondary education,Angolan,Specialized course,Basic education or less,"Personal Services, Security and Safety Workers, and Sellers","Personal Services, Security and Safety Workers, and Sellers",Female,Yes,No,Yes,No,No,No,0,12,13,12,12.461538461538483,0
19,3.7,-1.7,Single,1st phase,Oral Hygiene,Daytime,Secondary education,Portuguese,Specialized course,Basic education or less,"Skilled Workers in Industry, Construction, and Craftsmen","Skilled Workers in Industry, Construction, and Craftsmen",Female,Yes,No,Yes,No,No,No,0,15,17,15,12.676470588235308,0
19,3.7,-1.7,Single,1st phase,Nursing,Daytime,Secondary education,Portuguese,Secondary Education,Basic education or less,Administrative staff,"Skilled Workers in Industry, Construction, and Craftsmen",Female,Yes,No,Yes,No,Yes,No,0,16,16,14,13.6,0
19,0.5,1.79,Single,1st phase,Veterinary Nursing,Daytime,Secondary education,Portuguese,Specialized course,Basic education or less,Unskilled Workers,Unskilled Workers,Female,Yes,No,Yes,No,No,No,0,12,15,12,15.933333333333334,0
20,2.6,0.32,Single,1st phase,Social Service,Daytime,Secondary education,Portuguese,Secondary Education,Secondary Education,Intermediate Level Technicians and Professions,Intermediate Level Technicians and Professions,Female,Yes,No,Yes,No,No,No,0,12,16,11,11.66875,0
25,-0.3,0.79,Single,Change in institution/course,Informatics Engineering,Daytime,Secondary education,Other,Specialized course,Basic education or less,Unskilled Workers,Intermediate Level Technicians and Professions,Male,No,No,Yes,Yes,No,No,2,11,12,2,8.166666666666666,1
19,0.5,1.79,Single,1st phase,Journalism and Communication,Daytime,Secondary education,Portuguese,Specialized course,Basic education or less,Unskilled Workers,Unskilled Workers,Male,No,No,Yes,No,No,No,0,12,0,0,0.0,1
34,-0.8,-3.12,Married,Over 23 years old,Other,Daytime,Secondary education,Santomean,Specialized course,Basic education or less,"Skilled Workers in Industry, Construction, and Craftsmen",Intermediate Level Technicians and Professions,Female,No,No,Yes,Yes,Yes,No,0,12,17,12,16.176470588235276,0
18,3.7,-1.7,Single,3rd phase,Nursing,Daytime,Secondary education,Cape Verdean,Specialized course,Basic education or less,Unskilled Workers,"Personal Services, Security and Safety Workers, and Sellers",Female,Yes,No,Yes,No,Yes,No,0,16,16,14,11.7857142857143,0
18,-0.8,-3.12,Single,1st phase,Nursing,Daytime,Secondary education,Portuguese,Secondary Education,Secondary Education,Administrative staff,"Personal Services, Security and Safety Workers, and Sellers",Female,Yes,No,Yes,No,Yes,No,0,16,16,16,13.42375,0
20,0.6,2.02,Single,1st phase,Advertising and Marketing Management,Daytime,Secondary education,Portuguese,Specialized course,Basic education or less,Unskilled Workers,Armed Forces Professions,Female,No,No,Yes,No,No,No,0,12,18,11,13.425925925925945,0
20,1.4,1.74,Single,2nd phase,Nursing,Daytime,Secondary education,Angolan,Specialized course,Basic education or less,Unskilled Workers,"Skilled Workers in Industry, Construction, and Craftsmen",Female,Yes,No,Yes,No,Yes,No,0,16,16,14,12.4642857142857,0
28,1.4,1.74,Single,Over 23 years old,Advertising and Marketing Management,Daytime,Secondary education,Santomean,Specialized course,Basic education or less,Other,"Farmers and Skilled Workers in Agriculture, Fisheries, and Forestry",Female,No,No,Yes,No,No,No,0,12,17,1,4.705882352941177,1
19,0.3,-0.92,Single,Change in institution/course,Management,Daytime,Secondary education,Brazilian,Specialized course,Basic education or less,Unskilled Workers,Unskilled Workers,Female,Yes,No,Yes,No,No,No,0,10,11,9,12.490909090909092,0
34,2.6,0.32,Married,1st phase,Management,Daytime,Secondary education,Portuguese,Specialized course,Basic education or less,Unskilled Workers,Installation and Machine Operators and Assembly Workers,Female,Yes,No,Yes,No,No,No,0,10,13,6,10.923076923076923,1
35,1.4,3.51,Married,Change in institution/course,Other,Daytime,Secondary education,Other,Specialized course,Basic education or less,"Skilled Workers in Industry, Construction, and Craftsmen",Installation and Machine Operators and Assembly Workers,Female,No,No,Yes,No,No,No,0,13,7,0,0.0,1
32,0.5,1.79,Single,Holders of other higher courses,Management,Evening,Higher education,Italian,Specialized course,Basic education or less,Unskilled Workers,"Skilled Workers in Industry, Construction, and Craftsmen",Female,No,No,Yes,No,No,No,0,10,15,10,11.991111111111092,0
19,0.6,2.02,Single,2nd phase,Tourism,Daytime,Secondary education,Angolan,Specialized course,Basic education or less,Administrative staff,"Skilled Workers in Industry, Construction, and Craftsmen",Female,Yes,No,Yes,No,No,No,0,12,14,12,12.738095238095257,0
18,0.6,2.02,Single,2nd phase,Advertising and Marketing Management,Daytime,Secondary education,Angolan,Secondary Education,Basic education or less,Unskilled Workers,"Skilled Workers in Industry, Construction, and Craftsmen",Female,Yes,No,Yes,No,No,No,0,12,17,9,13.21568627450982,0
35,-0.8,-3.12,Married,Over 23 years old,Management,Daytime,Secondary education,Santomean,Specialized course,Basic education or less,Unskilled Workers,Unskilled Workers,Female,No,No,No,No,No,No,0,10,16,9,12.15,1
20,-0.3,0.79,Single,2nd phase,Social Service,Daytime,Secondary education,Angolan,Specialized course,Basic education or less,Unskilled Workers,Unskilled Workers,Female,Yes,No,Yes,No,Yes,No,0,12,15,12,12.199999999999992,0
18,0.3,-0.92,Single,1st phase,Journalism and Communication,Daytime,Secondary education,Portuguese,Specialized course,Basic education or less,Administrative staff,Unskilled Workers,Male,Yes,No,Yes,No,Yes,Yes,0,12,14,12,13.25,0
20,1.4,1.74,Single,1st phase,Nursing,Daytime,Secondary education,Portuguese,Specialized course,Basic education or less,"Skilled Workers in Industry, Construction, and Craftsmen",Unskilled Workers,Male,Yes,No,Yes,No,Yes,No,0,16,16,14,13.0242857142857,0
18,-0.8,-3.12,Single,2nd phase,Tourism,Daytime,Secondary education,Angolan,Secondary Education,Basic education or less,Administrative staff,"Skilled Workers in Industry, Construction, and Craftsmen",Male,Yes,No,No,No,No,No,0,12,12,0,0.0,1
18,0.5,1.79,Single,1st phase,Informatics Engineering,Daytime,Secondary education,Portuguese,Specialized course,Basic education or less,Administrative staff,Administrative staff,Male,No,No,Yes,No,Yes,No,0,10,14,10,18.040816326530614,0
20,-0.8,-3.12,Single,1st phase,Advertising and Marketing Management,Daytime,Secondary education,Portuguese,Specialized course,Basic education or less,"Personal Services, Security and Safety Workers, and Sellers","Skilled Workers in Industry, Construction, and Craftsmen",Male,No,No,Yes,No,Yes,No,0,10,14,8,11.25,0
19,0.5,1.79,Single,2nd phase,Other,Daytime,Secondary education,Angolan,Specialized course,Basic education or less,Intermediate Level Technicians and Professions,Intermediate Level Technicians and Professions,Male,Yes,No,Yes,No,No,No,0,14,19,12,13.114035087719316,1
19,1.4,1.74,Single,1st phase,Social Service,Daytime,Secondary education,Portuguese,Specialized course,Secondary Education,Unskilled Workers,Unskilled Workers,Male,No,No,Yes,No,No,No,0,12,14,12,12.261904761904729,0
20,2.6,0.32,Single,1st phase,Journalism and Communication,Daytime,Secondary education,Portuguese,Basic education or less,Basic education or less,Other,Other,Male,Yes,No,Yes,No,No,No,0,12,20,9,11.995,0
22,0.6,2.02,Single,1st phase,Nursing,Daytime,Secondary education,Portuguese,Specialized course,Basic education or less,Unskilled Workers,"Skilled Workers in Industry, Construction, and Craftsmen",Male,Yes,No,Yes,No,No,No,0,15,17,13,14.035854341736695,0
19,3.7,-1.7,Single,1st phase,Nursing,Daytime,Secondary education,Portuguese,Specialized course,Basic education or less,Unskilled Workers,Unskilled Workers,Male,No,No,Yes,No,No,No,0,16,16,14,14.2857142857143,0
22,-0.3,0.79,Single,Specialized diploma,Agronomy,Daytime,Specialized course,Romanian,Secondary Education,Basic education or less,Unskilled Workers,"Skilled Workers in Industry, Construction, and Craftsmen",Male,No,No,Yes,No,No,No,2,12,27,5,10.972222222222221,1
20,1.4,3.51,Single,2nd phase,Informatics Engineering,Daytime,Secondary education,Angolan,Higher education,Some High School,Specialists in Intellectual and Scientific Activities,Unskilled Workers,Male,Yes,No,Yes,No,No,Yes,0,10,10,10,16.2,0
34,0.5,1.79,Married,Over 23 years old,Agronomy,Daytime,Secondary education,Santomean,Secondary Education,Specialized course,Unskilled Workers,Intermediate Level Technicians and Professions,Male,No,No,No,Yes,No,No,0,12,7,0,0.0,1
24,0.3,-0.92,Married,Over 23 years old,Social Service,Evening,Basic education 3rd cycle (9th/10th/11th year) or equivalent,Santomean,Secondary Education,Secondary Education,Administrative staff,Administrative staff,Male,No,No,Yes,No,No,No,0,11,19,1,7.368421052631579,1
26,2.6,0.32,Single,Over 23 years old,Advertising and Marketing Management,Daytime,Secondary education,Santomean,Some High School,Unknown,Other,Other,Male,Yes,No,Yes,No,No,No,0,10,10,0,0.0,1
35,0.5,1.79,Single,Over 23 years old,Nursing,Daytime,Secondary education,Santomean,Specialized course,Basic education or less,Unskilled Workers,"Farmers and Skilled Workers in Agriculture, Fisheries, and Forestry",Male,No,No,Yes,No,No,No,0,14,19,9,12.495789473684212,1
22,2.6,0.32,Single,1st phase,Management,Evening,Secondary education,Portuguese,Higher education,Basic education or less,Administrative staff,Unskilled Workers,Male,Yes,No,Yes,No,No,No,0,10,16,10,12.153571428571414,0
19,1.4,3.51,Single,2nd phase,Management,Daytime,Secondary education,Angolan,Secondary Education,Basic education or less,Intermediate Level Technicians and Professions,Administrative staff,Male,No,No,Yes,No,No,No,0,10,12,3,7.194444444444425,1
19,1.4,3.51,Single,1st phase,Tourism,Daytime,Secondary education,Portuguese,Higher education,Basic education or less,Intermediate Level Technicians and Professions,Unskilled Workers,Male,Yes,No,No,No,No,No,0,12,0,0,0.0,1
21,0.6,2.02,Single,Change in institution/course,Advertising and Marketing Management,Daytime,Secondary education,Other,Higher education,Higher education,Other,Armed Forces Professions,Male,No,No,Yes,Yes,No,No,7,19,21,18,12.628571428571414,0
19,-0.3,0.79,Single,1st phase,Journalism and Communication,Daytime,Secondary education,Portuguese,Secondary Education,Basic education or less,"Skilled Workers in Industry, Construction, and Craftsmen","Skilled Workers in Industry, Construction, and Craftsmen",Female,Yes,No,Yes,No,Yes,No,0,12,13,12,14.846153846153838,0
18,3.7,-1.7,Single,1st phase,Journalism and Communication,Daytime,Secondary education,Portuguese,Specialized course,Basic education or less,Unskilled Workers,Unskilled Workers,Female,Yes,No,Yes,No,No,No,0,12,13,12,12.756410256410255,0
23,1.4,3.51,Single,Specialized diploma,Agronomy,Daytime,Specialized course,Other,Secondary Education,Basic education or less,Other,Installation and Machine Operators and Assembly Workers,Female,No,No,Yes,No,Yes,No,12,22,26,22,13.884023668639061,0
18,3.7,-1.7,Single,2nd phase,Management,Daytime,Secondary education,Angolan,Specialized course,Basic education or less,"Personal Services, Security and Safety Workers, and Sellers","Skilled Workers in Industry, Construction, and Craftsmen",Female,Yes,No,Yes,No,Yes,No,0,10,11,10,12.745454545454544,0
18,3.7,-1.7,Single,3rd phase,Nursing,Daytime,Secondary education,Cape Verdean,Specialized course,Basic education or less,"Personal Services, Security and Safety Workers, and Sellers","Skilled Workers in Industry, Construction, and Craftsmen",Female,Yes,No,Yes,No,No,No,0,16,16,14,13.3142857142857,0
19,1.4,1.74,Single,1st phase,Nursing,Daytime,Secondary education,Portuguese,Specialized course,Basic education or less,Unskilled Workers,Unskilled Workers,Female,Yes,No,Yes,No,No,No,0,16,16,14,11.9885714285714,0
21,1.4,3.51,Single,Specialized diploma,Management,Daytime,Specialized course,Other,Secondary Education,Basic education or less,Other,Other,Female,Yes,No,Yes,No,No,No,9,20,30,19,12.127609427609407,0
18,2.8,-4.06,Single,1st phase,Veterinary Nursing,Daytime,Secondary education,Portuguese,Specialized course,Basic education or less,Unskilled Workers,"Farmers and Skilled Workers in Agriculture, Fisheries, and Forestry",Female,Yes,No,Yes,No,Yes,No,0,12,21,12,15.476190476190498,0
24,1.4,1.74,Single,1st phase,Journalism and Communication,Daytime,Secondary education,Portuguese,Specialized course,Basic education or less,Unskilled Workers,"Personal Services, Security and Safety Workers, and Sellers",Female,Yes,No,Yes,No,Yes,No,0,12,13,12,13.282051282051283,0
18,0.3,-0.92,Single,1st phase,Nursing,Daytime,Secondary education,Portuguese,Higher education,Specialized course,Specialists in Intellectual and Scientific Activities,Intermediate Level Technicians and Professions,Female,Yes,No,Yes,No,No,No,0,15,17,15,13.052941176470583,1
20,0.5,1.79,Single,2nd phase,Nursing,Daytime,Secondary education,Angolan,Specialized course,Basic education or less,Unskilled Workers,"Skilled Workers in Industry, Construction, and Craftsmen",Female,Yes,No,Yes,No,No,No,0,15,18,13,14.525555555555554,0
18,2.6,0.32,Single,1st phase,Journalism and Communication,Daytime,Secondary education,Portuguese,Some High School,Basic education or less,Other,Installation and Machine Operators and Assembly Workers,Female,Yes,No,No,No,Yes,No,0,12,27,6,11.259259259259279,1
19,1.4,1.74,Single,Change in institution/course,Tourism,Daytime,Secondary education,Brazilian,Secondary Education,Basic education or less,"Personal Services, Security and Safety Workers, and Sellers","Skilled Workers in Industry, Construction, and Craftsmen",Female,No,No,Yes,No,Yes,No,0,12,25,7,11.44,1
19,1.4,1.74,Single,2nd phase,Other,Daytime,Secondary education,Angolan,Secondary Education,Basic education or less,Administrative staff,Installation and Machine Operators and Assembly Workers,Female,Yes,No,Yes,No,No,No,0,12,17,10,12.023529411764704,0
18,1.4,1.74,Single,1st phase,Social Service,Daytime,Higher education,Portuguese,Secondary Education,Basic education or less,Unskilled Workers,Intermediate Level Technicians and Professions,Female,No,No,Yes,Yes,No,No,0,12,12,12,12.25,0
18,-0.8,-3.12,Single,1st phase,Nursing,Daytime,Secondary education,Portuguese,Specialized course,Basic education or less,Unskilled Workers,Unskilled Workers,Female,Yes,No,Yes,No,Yes,No,0,16,16,16,13.76375,0
19,0.6,2.02,Single,2nd phase,Oral Hygiene,Daytime,Secondary education,Angolan,Specialized course,Basic education or less,"Personal Services, Security and Safety Workers, and Sellers","Personal Services, Security and Safety Workers, and Sellers",Female,Yes,No,Yes,No,Yes,No,0,14,19,12,12.56842105263158,0
18,2.6,0.32,Single,1st phase,Nursing,Daytime,Secondary education,Portuguese,Specialized course,Basic education or less,Unskilled Workers,Unskilled Workers,Female,Yes,No,Yes,No,No,No,0,14,14,12,14.3333333333333,0
19,2.6,0.32,Single,2nd phase,Tourism,Daytime,Secondary education,Angolan,Some High School,Basic education or less,Other,"Skilled Workers in Industry, Construction, and Craftsmen",Female,Yes,No,No,Yes,No,No,0,12,27,1,5.185185185185185,1
21,0.5,1.79,Single,1st phase,Nursing,Daytime,Secondary education,Portuguese,Secondary Education,Secondary Education,Intermediate Level Technicians and Professions,Intermediate Level Technicians and Professions,Female,Yes,No,Yes,No,No,No,0,15,17,15,14.657058823529399,0
18,3.7,-1.7,Single,2nd phase,Oral Hygiene,Daytime,Secondary education,Angolan,Specialized course,Basic education or less,Unskilled Workers,"Skilled Workers in Industry, Construction, and Craftsmen",Female,No,No,Yes,No,Yes,No,0,15,17,15,13.352941176470612,0
18,0.6,2.02,Single,1st phase,Nursing,Daytime,Secondary education,Portuguese,Secondary Education,Secondary Education,Intermediate Level Technicians and Professions,Armed Forces Professions,Female,No,No,Yes,No,No,No,0,15,16,15,13.865624999999973,0
23,1.4,1.74,Single,1st phase,Equiniculture,Daytime,Secondary education,Portuguese,Higher education,Secondary Education,Other,Intermediate Level Technicians and Professions,Female,No,No,No,No,No,No,1,10,19,1,6.315789473684211,1
18,0.3,-0.92,Single,1st phase,Nursing,Daytime,Secondary education,Portuguese,Specialized course,Basic education or less,"Personal Services, Security and Safety Workers, and Sellers","Personal Services, Security and Safety Workers, and Sellers",Female,No,No,Yes,No,No,No,0,15,16,15,13.312499999999988,0
21,2.8,-4.06,Single,Change in institution/course,Equiniculture,Daytime,Secondary education,Brazilian,Secondary Education,Basic education or less,Unskilled Workers,Unskilled Workers,Female,Yes,No,Yes,No,No,No,0,12,27,10,11.25925925925926,1
19,1.4,1.74,Single,3rd phase,Nursing,Daytime,Secondary education,Cape Verdean,Specialized course,Basic education or less,"Skilled Workers in Industry, Construction, and Craftsmen",Installation and Machine Operators and Assembly Workers,Female,Yes,No,Yes,No,Yes,No,0,16,16,14,11.4,0
21,-0.3,0.79,Single,Specialized diploma,Social Service,Daytime,Secondary education,Romanian,Specialized course,Basic education or less,Other,Unskilled Workers,Female,No,No,Yes,No,Yes,No,5,12,14,12,11.761904761904729,0
18,1.4,1.74,Single,1st phase,Journalism and Communication,Daytime,Secondary education,Portuguese,Specialized course,Basic education or less,Unskilled Workers,Unskilled Workers,Female,Yes,No,Yes,No,No,No,0,12,17,9,12.447058823529414,0
20,3.7,-1.7,Single,2nd phase,Veterinary Nursing,Daytime,Secondary education,Angolan,Specialized course,Basic education or less,"Skilled Workers in Industry, Construction, and Craftsmen","Skilled Workers in Industry, Construction, and Craftsmen",Female,Yes,No,Yes,No,Yes,No,0,10,16,9,13.5,0
18,-0.8,-3.12,Single,1st phase,Other,Daytime,Secondary education,Portuguese,Specialized course,Basic education or less,Unskilled Workers,"Skilled Workers in Industry, Construction, and Craftsmen",Female,Yes,No,Yes,No,Yes,No,0,12,17,10,13.264705882352942,0
18,3.7,-1.7,Single,2nd phase,Design and Multimedia,Daytime,Secondary education,Angolan,Secondary Education,Secondary Education,Administrative staff,Installation and Machine Operators and Assembly Workers,Female,Yes,No,No,Yes,Yes,No,0,12,14,12,11.357142857142843,1
18,1.4,3.51,Single,1st phase,Veterinary Nursing,Daytime,Secondary education,Portuguese,Secondary Education,Higher education,Administrative staff,Administrative staff,Female,Yes,No,Yes,No,No,No,0,12,17,12,13.647058823529395,0
18,0.3,-0.92,Single,2nd phase,Journalism and Communication,Daytime,Secondary education,Angolan,Secondary Education,Secondary Education,Intermediate Level Technicians and Professions,Intermediate Level Technicians and Professions,Female,Yes,No,Yes,No,Yes,No,0,12,12,12,12.91666666666665,0
24,1.4,3.51,Single,Over 23 years old,Veterinary Nursing,Daytime,Basic education 3rd cycle (9th/10th/11th year) or equivalent,Santomean,Specialized course,Basic education or less,Administrative staff,Unskilled Workers,Female,Yes,No,Yes,No,Yes,No,1,12,18,12,12.703703703703683,0
18,3.7,-1.7,Single,1st phase,Nursing,Daytime,Secondary education,Portuguese,Specialized course,Basic education or less,Unskilled Workers,Unskilled Workers,Female,Yes,No,Yes,No,No,No,0,16,16,14,15.6571428571429,0
19,3.7,-1.7,Single,1st phase,Design and Multimedia,Daytime,Secondary education,Portuguese,Secondary Education,Basic education or less,Administrative staff,Intermediate Level Technicians and Professions,Female,No,No,Yes,No,No,No,0,12,12,12,11.75,0
19,1.4,1.74,Single,2nd phase,Other,Daytime,Secondary education,Angolan,Specialized course,Basic education or less,Administrative staff,Unskilled Workers,Female,Yes,No,Yes,No,No,No,0,12,0,0,0.0,1
26,2.6,0.32,Single,Over 23 years old,Journalism and Communication,Daytime,Secondary education,Santomean,Some High School,Basic education or less,Other,Other,Female,No,No,Yes,No,No,No,0,12,20,4,4.7,1
36,2.8,-4.06,Single,Over 23 years old,Tourism,Daytime,Basic education 3rd cycle (9th/10th/11th year) or equivalent,Santomean,Specialized course,Secondary Education,Unskilled Workers,"Personal Services, Security and Safety Workers, and Sellers",Male,No,No,No,Yes,No,No,0,10,15,0,0.0,1
27,2.8,-4.06,Single,Change in institution/course,Informatics Engineering,Daytime,Secondary education,Other,Specialized course,Basic education or less,Unskilled Workers,Unskilled Workers,Male,No,No,No,No,No,No,0,10,0,0,0.0,1
18,1.4,3.51,Single,1st phase,Informatics Engineering,Daytime,Secondary education,Portuguese,Higher education,Secondary Education,Other,Other,Male,No,No,Yes,No,No,No,0,10,14,1,8.357142857142858,1
18,1.4,1.74,Single,1st phase,Nursing,Daytime,Secondary education,Portuguese,Specialized course,Basic education or less,Unskilled Workers,Unskilled Workers,Male,Yes,No,Yes,No,Yes,No,0,16,16,14,13.3314285714286,0
28,0.5,1.79,Single,Over 23 years old,Design and Multimedia,Daytime,Secondary education,Santomean,Specialized course,Basic education or less,"Personal Services, Security and Safety Workers, and Sellers","Personal Services, Security and Safety Workers, and Sellers",Male,No,No,Yes,No,No,No,0,12,0,0,0.0,1
19,2.6,0.32,Single,1st phase,Nursing,Daytime,Secondary education,Portuguese,Specialized course,Basic education or less,Administrative staff,Unskilled Workers,Male,No,No,Yes,No,No,No,0,14,14,12,13.7,0
26,-0.8,-3.12,Single,Over 23 years old,Advertising and Marketing Management,Daytime,Other,Santomean,Higher education,Specialized course,Intermediate Level Technicians and Professions,Intermediate Level Technicians and Professions,Male,No,No,No,Yes,No,No,0,10,10,0,0.0,1
20,0.6,2.02,Single,Change in institution/course,Informatics Engineering,Daytime,Secondary education,Other,Secondary Education,Basic education or less,Intermediate Level Technicians and Professions,"Personal Services, Security and Safety Workers, and Sellers",Male,Yes,No,Yes,No,No,No,6,16,21,15,13.634740259740287,1
19,3.7,-1.7,Single,1st phase,Nursing,Daytime,Secondary education,Portuguese,Specialized course,Basic education or less,Unskilled Workers,Unskilled Workers,Male,Yes,No,Yes,No,No,No,0,16,16,14,12.2,0
21,3.7,-1.7,Single,1st phase,Management,Daytime,Secondary education,Portuguese,Specialized course,Basic education or less,"Skilled Workers in Industry, Construction, and Craftsmen",Intermediate Level Technicians and Professions,Male,Yes,No,Yes,No,No,No,0,10,18,7,10.555555555555555,1
23,1.4,3.51,Single,Specialized diploma,Advertising and Marketing Management,Daytime,Specialized course,Other,Secondary Education,Basic education or less,Unskilled Workers,Unskilled Workers,Male,No,No,Yes,No,Yes,No,0,12,14,11,12.928571428571448,0
29,0.6,2.02,Single,Over 23 years old,Social Service,Evening,Other,Santomean,Specialized course,Basic education or less,Administrative staff,Installation and Machine Operators and Assembly Workers,Male,No,No,Yes,No,No,No,0,12,17,12,12.705882352941176,0
20,3.7,-1.7,Single,1st phase,Nursing,Daytime,Secondary education,Portuguese,Secondary Education,Secondary Education,Unskilled Workers,Unskilled Workers,Male,No,No,Yes,No,No,No,0,16,16,14,15.0285714285714,0
18,2.8,-4.06,Single,1st phase,Social Service,Daytime,Secondary education,Portuguese,Secondary Education,Basic education or less,"Personal Services, Security and Safety Workers, and Sellers",Unskilled Workers,Male,No,No,Yes,No,No,No,0,12,15,12,11.866666666666658,0
19,-0.8,-3.12,Single,1st phase,Journalism and Communication,Daytime,Secondary education,Portuguese,Secondary Education,Basic education or less,Intermediate Level Technicians and Professions,"Personal Services, Security and Safety Workers, and Sellers",Male,Yes,No,Yes,No,No,No,0,12,16,10,12.2,0
23,1.4,1.74,Single,Holders of other higher courses,Oral Hygiene,Daytime,Higher education,Italian,Secondary Education,Basic education or less,Administrative staff,Installation and Machine Operators and Assembly Workers,Male,No,No,No,No,No,No,6,15,15,6,12.42222222222222,1
21,-0.8,-3.12,Single,1st phase,Design and Multimedia,Daytime,Secondary education,Portuguese,Specialized course,Basic education or less,"Personal Services, Security and Safety Workers, and Sellers","Personal Services, Security and Safety Workers, and Sellers",Male,Yes,No,No,Yes,No,No,0,12,13,1,6.461538461538462,1
22,0.6,2.02,Single,Change in institution/course,Social Service,Daytime,Secondary education,Other,Secondary Education,Secondary Education,"Personal Services, Security and Safety Workers, and Sellers",Unskilled Workers,Male,No,No,Yes,No,No,No,0,12,13,0,0.0,1
21,1.4,3.51,Single,3rd phase,Oral Hygiene,Daytime,Secondary education,Cape Verdean,Higher education,Basic education or less,Specialists in Intellectual and Scientific Activities,Installation and Machine Operators and Assembly Workers,Male,Yes,No,Yes,No,No,No,0,14,19,12,12.4956140350877,0
32,0.3,-0.92,Single,Over 23 years old,Nursing,Daytime,Secondary education,Santomean,Specialized course,Basic education or less,Unskilled Workers,Unskilled Workers,Male,Yes,No,No,No,No,No,0,15,0,0,0.0,1
27,2.8,-4.06,Single,Holders of other higher courses,Agronomy,Daytime,Higher education,Italian,Secondary Education,Basic education or less,Administrative staff,Other,Male,Yes,No,Yes,No,No,No,24,31,37,31,11.272239851187203,0
18,2.6,0.32,Single,1st phase,Nursing,Daytime,Secondary education,Portuguese,Specialized course,Basic education or less,Unskilled Workers,Installation and Machine Operators and Assembly Workers,Male,Yes,No,Yes,No,No,No,0,14,14,12,13.35,0
24,2.8,-4.06,Single,Over 23 years old,Design and Multimedia,Daytime,Secondary education,Santomean,Secondary Education,Secondary Education,"Personal Services, Security and Safety Workers, and Sellers",Intermediate Level Technicians and Professions,Male,Yes,No,Yes,No,Yes,No,0,12,12,8,15.5,0
22,3.7,-1.7,Single,1st phase,Equiniculture,Daytime,Secondary education,Portuguese,Specialized course,Basic education or less,Other,Unskilled Workers,Male,Yes,No,Yes,No,No,No,0,10,14,2,6.75,1
22,1.4,1.74,Single,Change in institution/course,Equiniculture,Daytime,Secondary education,Brazilian,Higher education,Higher education,Intermediate Level Technicians and Professions,Other,Male,Yes,No,No,No,No,No,0,10,6,0,0.0,1
19,-0.3,0.79,Single,1st phase,Management,Daytime,Secondary education,Portuguese,Specialized course,Basic education or less,Unskilled Workers,"Personal Services, Security and Safety Workers, and Sellers",Male,Yes,No,Yes,No,No,No,0,10,14,10,12.642857142857128,0
19,2.6,0.32,Single,2nd phase,Informatics Engineering,Daytime,Secondary education,Angolan,Specialized course,Some High School,Administrative staff,Other,Male,Yes,No,Yes,No,No,No,0,10,15,0,0.0,1
18,-0.8,-3.12,Single,1st phase,Nursing,Daytime,Secondary education,Portuguese,Secondary Education,Secondary Education,Specialists in Intellectual and Scientific Activities,"Skilled Workers in Industry, Construction, and Craftsmen",Female,Yes,No,Yes,No,Yes,No,0,16,16,16,13.88125,0
18,-0.8,-3.12,Single,1st phase,Tourism,Daytime,Secondary education,Portuguese,Higher education,Basic education or less,Intermediate Level Technicians and Professions,Armed Forces Professions,Female,Yes,No,Yes,No,No,No,0,12,16,11,11.96666666666665,0
19,-0.3,0.79,Single,2nd phase,Social Service,Daytime,Secondary education,Angolan,Secondary Education,Basic education or less,Administrative staff,Unskilled Workers,Female,Yes,No,Yes,No,No,No,0,12,14,12,13.2619047619048,0
19,1.4,3.51,Single,2nd phase,Journalism and Communication,Daytime,Secondary education,Angolan,Specialized course,Basic education or less,Other,Other,Female,Yes,No,Yes,Yes,No,No,0,12,12,11,12.049999999999999,0
18,0.5,1.79,Single,2nd phase,Tourism,Daytime,Secondary education,Angolan,Some High School,Secondary Education,Unskilled Workers,Intermediate Level Technicians and Professions,Female,Yes,No,Yes,No,Yes,No,0,12,15,11,11.373333333333319,0
22,0.5,1.79,Single,Specialized diploma,Design and Multimedia,Daytime,Specialized course,Romanian,Some High School,Basic education or less,Intermediate Level Technicians and Professions,Unskilled Workers,Female,No,No,Yes,Yes,Yes,No,7,16,16,16,13.687500000000025,0
31,0.5,1.79,Married,Over 23 years old,Oral Hygiene,Daytime,Basic education 3rd cycle (9th/10th/11th year) or equivalent,Santomean,Specialized course,Basic education or less,Unskilled Workers,Unskilled Workers,Female,No,No,Yes,No,No,No,0,14,21,13,11.983900226757338,0
19,0.3,-0.92,Single,2nd phase,Other,Daytime,Secondary education,Angolan,Specialized course,Basic education or less,Unskilled Workers,Installation and Machine Operators and Assembly Workers,Female,No,No,Yes,No,Yes,No,0,14,14,14,14.28571428571425,0
18,1.4,3.51,Single,1st phase,Tourism,Daytime,Secondary education,Portuguese,Specialized course,Basic education or less,Unskilled Workers,"Skilled Workers in Industry, Construction, and Craftsmen",Female,Yes,No,Yes,No,Yes,No,0,12,17,11,12.346218487394966,0
21,2.6,0.32,Single,1st phase,Veterinary Nursing,Daytime,Secondary education,Portuguese,Some High School,Secondary Education,Other,Other,Female,No,No,Yes,No,No,No,0,10,12,10,14.15,0
18,-0.3,0.79,Single,2nd phase,Nursing,Daytime,Secondary education,Angolan,Specialized course,Secondary Education,Unskilled Workers,"Skilled Workers in Industry, Construction, and Craftsmen",Female,Yes,No,Yes,No,Yes,No,0,15,17,15,14.165808823529414,0
25,2.8,-4.06,Single,Specialized diploma,Management,Daytime,Specialized course,Romanian,Higher education,Basic education or less,Specialists in Intellectual and Scientific Activities,Installation and Machine Operators and Assembly Workers,Male,No,No,No,Yes,No,Yes,0,10,11,0,0.0,1
21,0.6,2.02,Single,Other,Informatics Engineering,Daytime,Secondary education,Other,Secondary Education,Higher education,"Personal Services, Security and Safety Workers, and Sellers",Installation and Machine Operators and Assembly Workers,Male,No,No,Yes,Yes,No,Yes,0,11,13,0,0.0,1
19,1.4,1.74,Single,3rd phase,Nursing,Daytime,Secondary education,Cape Verdean,Specialized course,Basic education or less,"Personal Services, Security and Safety Workers, and Sellers","Personal Services, Security and Safety Workers, and Sellers",Female,Yes,No,Yes,No,Yes,No,0,16,16,14,12.3428571428571,0
22,2.6,0.32,Single,2nd phase,Tourism,Daytime,Secondary education,Angolan,Basic education or less,Unknown,"Personal Services, Security and Safety Workers, and Sellers",Other,Female,Yes,No,Yes,No,No,No,0,12,24,5,10.791666666666666,1
19,0.5,1.79,Single,Other,Management,Daytime,Secondary education,Other,Specialized course,Secondary Education,Unskilled Workers,Other,Male,No,No,Yes,No,No,No,0,10,13,10,11.215384615384616,0
58,0.6,2.02,Single,Over 23 years old,Social Service,Evening,Basic education 3rd cycle (9th/10th/11th year) or equivalent,Santomean,Specialized course,Basic education or less,Unskilled Workers,"Personal Services, Security and Safety Workers, and Sellers",Female,No,No,Yes,No,No,No,0,12,12,0,0.0,1
19,1.4,1.74,Single,1st phase,Social Service,Daytime,Secondary education,Other,Specialized course,Basic education or less,Unskilled Workers,"Skilled Workers in Industry, Construction, and Craftsmen",Female,Yes,No,Yes,No,Yes,No,0,12,14,10,11.571428571428571,0
23,-0.8,-3.12,Single,Change in institution/course,Advertising and Marketing Management,Daytime,Secondary education,Brazilian,Specialized course,Basic education or less,Unskilled Workers,Unskilled Workers,Male,Yes,No,Yes,No,No,Yes,7,19,21,16,11.071428571428571,0
18,-0.3,0.79,Single,3rd phase,Nursing,Daytime,Secondary education,Cape Verdean,Specialized course,Secondary Education,Administrative staff,"Skilled Workers in Industry, Construction, and Craftsmen",Female,Yes,No,Yes,No,No,No,0,15,15,15,14.02000000000002,0
20,2.6,0.32,Single,1st phase,Veterinary Nursing,Daytime,Secondary education,Portuguese,Specialized course,Basic education or less,Other,Other,Female,No,No,Yes,No,No,No,0,10,14,9,12.447619047619028,0
18,3.7,-1.7,Single,2nd phase,Veterinary Nursing,Daytime,Secondary education,Angolan,Specialized course,Basic education or less,Other,"Skilled Workers in Industry, Construction, and Craftsmen",Female,No,No,No,No,No,No,0,12,0,0,0.0,1
18,1.4,3.51,Single,2nd phase,Advertising and Marketing Management,Daytime,Secondary education,Angolan,Higher education,Basic education or less,"Personal Services, Security and Safety Workers, and Sellers","Personal Services, Security and Safety Workers, and Sellers",Female,No,No,Yes,No,No,No,0,12,14,11,13.628571428571442,0
18,0.6,2.02,Single,2nd phase,Management,Daytime,Secondary education,Angolan,Specialized course,Basic education or less,"Personal Services, Security and Safety Workers, and Sellers","Skilled Workers in Industry, Construction, and Craftsmen",Female,Yes,No,Yes,Yes,Yes,No,0,10,10,10,11.7,0
24,0.6,2.02,Single,Over 23 years old,Equiniculture,Daytime,Secondary education,Santomean,Specialized course,Basic education or less,Unskilled Workers,Armed Forces Professions,Female,No,No,Yes,No,No,No,0,12,19,11,12.70927318295739,1
18,1.4,1.74,Single,2nd phase,Other,Daytime,Secondary education,Angolan,Specialized course,Basic education or less,Unskilled Workers,"Personal Services, Security and Safety Workers, and Sellers",Female,Yes,No,Yes,No,No,No,0,12,14,10,11.6,1
19,1.4,3.51,Single,2nd phase,Social Service,Daytime,Secondary education,Angolan,Specialized course,Basic education or less,Unskilled Workers,"Skilled Workers in Industry, Construction, and Craftsmen",Female,Yes,No,Yes,No,Yes,No,0,12,14,12,11.547619047619014,0
18,2.6,0.32,Single,1st phase,Tourism,Daytime,Secondary education,Portuguese,Specialized course,Basic education or less,Other,"Farmers and Skilled Workers in Agriculture, Fisheries, and Forestry",Female,Yes,No,Yes,No,No,No,0,12,12,12,11.08333333333335,0
22,-0.3,0.79,Single,Specialized diploma,Veterinary Nursing,Daytime,Secondary education,Romanian,Higher education,Higher education,Specialists in Intellectual and Scientific Activities,"Farmers and Skilled Workers in Agriculture, Fisheries, and Forestry",Female,No,No,Yes,No,No,No,3,12,18,10,12.41666666666665,0
21,1.4,3.51,Single,2nd phase,Journalism and Communication,Daytime,Secondary education,Angolan,Specialized course,Basic education or less,Unskilled Workers,"Skilled Workers in Industry, Construction, and Craftsmen",Female,Yes,No,Yes,No,Yes,No,0,12,13,11,12.910256410256391,0
18,1.4,1.74,Single,1st phase,Nursing,Daytime,Secondary education,Portuguese,Specialized course,Basic education or less,"Personal Services, Security and Safety Workers, and Sellers","Skilled Workers in Industry, Construction, and Craftsmen",Female,Yes,No,Yes,No,Yes,No,0,16,22,14,12.9085714285714,0
20,1.4,1.74,Single,1st phase,Other,Daytime,Secondary education,Portuguese,Secondary Education,Some High School,Administrative staff,Unskilled Workers,Female,Yes,No,Yes,No,No,No,0,12,23,5,11.043478260869565,1
19,3.7,-1.7,Single,1st phase,Design and Multimedia,Daytime,Secondary education,Other,Secondary Education,Basic education or less,Administrative staff,Installation and Machine Operators and Assembly Workers,Female,Yes,No,Yes,No,No,No,0,12,15,12,15.6333333333333,0
26,0.6,2.02,Single,Other,Management,Daytime,Secondary education,Other,Basic education or less,Secondary Education,Intermediate Level Technicians and Professions,Administrative staff,Male,No,No,No,Yes,No,Yes,8,13,13,8,13.461538461538462,1
35,2.8,-4.06,Married,Over 23 years old,Social Service,Evening,Secondary education,Santomean,Specialized course,Basic education or less,Unskilled Workers,Unskilled Workers,Female,No,No,Yes,No,No,No,0,12,13,12,12.346153846153861,0
19,0.5,1.79,Single,3rd phase,Advertising and Marketing Management,Daytime,Secondary education,Cape Verdean,Secondary Education,Secondary Education,Unskilled Workers,Unskilled Workers,Female,Yes,No,Yes,No,Yes,No,0,12,13,12,13.6153846153846,0
18,1.4,1.74,Single,1st phase,Veterinary Nursing,Daytime,Secondary education,Portuguese,Specialized course,Basic education or less,Unskilled Workers,"Farmers and Skilled Workers in Agriculture, Fisheries, and Forestry",Male,Yes,No,Yes,No,No,No,0,10,16,9,12.263392857142875,0
19,2.6,0.32,Single,1st phase,Advertising and Marketing Management,Daytime,Secondary education,Portuguese,Specialized course,Basic education or less,"Skilled Workers in Industry, Construction, and Craftsmen",Intermediate Level Technicians and Professions,Male,No,No,Yes,No,No,No,0,10,10,8,13.375,0
25,0.5,1.79,Single,1st phase,Design and Multimedia,Daytime,Secondary education,Portuguese,Secondary Education,Secondary Education,Unskilled Workers,Unskilled Workers,Male,Yes,No,Yes,No,No,No,30,34,41,34,11.849593495934979,0
18,0.6,2.02,Single,2nd phase,Tourism,Daytime,Secondary education,Angolan,Secondary Education,Secondary Education,Administrative staff,Intermediate Level Technicians and Professions,Male,Yes,No,Yes,No,No,No,0,12,12,12,14.33333333333335,0
26,0.3,-0.92,Single,2nd phase,Agronomy,Daytime,Secondary education,Angolan,Secondary Education,Higher education,Unskilled Workers,"Personal Services, Security and Safety Workers, and Sellers",Male,Yes,No,No,Yes,No,No,0,12,18,0,0.0,1
34,-0.8,-3.12,Single,Change in institution/course,Management,Evening,Secondary education,Brazilian,Secondary Education,Secondary Education,Other,"Farmers and Skilled Workers in Agriculture, Fisheries, and Forestry",Male,No,No,Yes,No,No,No,0,10,11,10,13.8181818181818,0
18,3.7,-1.7,Single,1st phase,Tourism,Daytime,Secondary education,Portuguese,Higher education,Basic education or less,Administrative staff,Intermediate Level Technicians and Professions,Male,Yes,No,No,No,No,No,0,10,11,0,0.0,1
18,1.4,3.51,Single,2nd phase,Informatics Engineering,Daytime,Secondary education,Angolan,Secondary Education,Basic education or less,Administrative staff,Intermediate Level Technicians and Professions,Male,Yes,No,Yes,No,Yes,No,0,10,18,7,12.29166666666665,1
20,0.5,1.79,Single,Specialized diploma,Agronomy,Daytime,Specialized course,Romanian,Specialized course,Basic education or less,Unskilled Workers,Administrative staff,Male,No,No,Yes,No,No,No,0,12,24,6,12.58333333333335,1
25,0.3,-0.92,Single,Specialized diploma,Design and Multimedia,Daytime,Specialized course,Romanian,Secondary Education,Basic education or less,Administrative staff,Administrative staff,Male,No,No,Yes,No,No,No,7,16,18,15,12.563492063492099,0
18,0.6,2.02,Single,2nd phase,Equiniculture,Daytime,Secondary education,Angolan,Higher education,Secondary Education,Administrative staff,Other,Male,No,No,Yes,No,No,No,0,12,19,11,12.08771929824563,1
19,2.8,-4.06,Single,1st phase,Agronomy,Daytime,Secondary education,Portuguese,Specialized course,Basic education or less,Unskilled Workers,Unskilled Workers,Male,Yes,No,Yes,No,No,No,12,24,38,23,12.170040485829954,0
20,1.4,1.74,Single,3rd phase,Social Service,Daytime,Secondary education,Cape Verdean,Specialized course,Basic education or less,"Personal Services, Security and Safety Workers, and Sellers","Skilled Workers in Industry, Construction, and Craftsmen",Male,Yes,No,Yes,No,Yes,No,3,13,15,12,11.66666666666668,0
19,0.6,2.02,Single,1st phase,Management,Daytime,Secondary education,Portuguese,Secondary Education,Basic education or less,Administrative staff,Unskilled Workers,Male,Yes,No,Yes,No,Yes,No,0,10,10,0,0.0,1
20,-0.8,-3.12,Single,3rd phase,Management,Daytime,Secondary education,Cape Verdean,Specialized course,Basic education or less,"Skilled Workers in Industry, Construction, and Craftsmen","Skilled Workers in Industry, Construction, and Craftsmen",Male,Yes,No,No,No,No,No,0,10,5,0,0.0,1
24,2.8,-4.06,Single,Over 23 years old,Advertising and Marketing Management,Daytime,Secondary education,Santomean,Specialized course,Basic education or less,"Skilled Workers in Industry, Construction, and Craftsmen","Skilled Workers in Industry, Construction, and Craftsmen",Male,No,No,Yes,No,No,No,0,12,31,8,11.53225806451613,1
20,0.3,-0.92,Single,Specialized diploma,Agronomy,Daytime,Specialized course,Romanian,Specialized course,Basic education or less,Unskilled Workers,Installation and Machine Operators and Assembly Workers,Male,Yes,No,Yes,No,No,No,0,12,19,11,12.534586466165432,0
23,1.4,3.51,Single,Change in institution/course,Informatics Engineering,Daytime,Secondary education,Other,Secondary Education,Basic education or less,Administrative staff,Administrative staff,Male,No,No,Yes,No,No,No,0,10,18,3,11.166666666666666,1
21,-0.8,-3.12,Single,Change in institution/course,Social Service,Evening,Secondary education,Brazilian,Some High School,Unknown,Other,Other,Male,No,No,Yes,No,No,No,12,22,28,19,12.633928571428587,0
20,1.4,1.74,Single,2nd phase,Informatics Engineering,Daytime,Secondary education,Angolan,Some High School,Some High School,Unskilled Workers,Unskilled Workers,Male,Yes,No,Yes,No,No,No,0,10,12,3,5.5,1
18,0.6,2.02,Single,1st phase,Journalism and Communication,Daytime,Secondary education,Portuguese,Secondary Education,Basic education or less,Unskilled Workers,"Skilled Workers in Industry, Construction, and Craftsmen",Male,No,No,Yes,No,Yes,No,0,12,12,12,14.83333333333335,0
18,0.6,2.02,Single,1st phase,Tourism,Daytime,Secondary education,Portuguese,Secondary Education,Secondary Education,Administrative staff,Intermediate Level Technicians and Professions,Male,Yes,No,Yes,No,No,No,0,12,14,12,12.9047619047619,0
18,0.3,-0.92,Single,2nd phase,Journalism and Communication,Daytime,Secondary education,Angolan,Specialized course,Basic education or less,Administrative staff,Unskilled Workers,Male,No,No,Yes,No,Yes,No,0,12,15,12,11.841269841269833,0
19,-0.8,-3.12,Single,2nd phase,Journalism and Communication,Daytime,Secondary education,Angolan,Specialized course,Basic education or less,Other,Administrative staff,Male,Yes,No,Yes,No,No,No,0,12,12,0,0.0,1
19,-0.8,-3.12,Single,2nd phase,Equiniculture,Daytime,Secondary education,Angolan,Specialized course,Basic education or less,Administrative staff,"Skilled Workers in Industry, Construction, and Craftsmen",Male,No,No,Yes,No,No,No,0,10,20,9,12.27,0
33,3.7,-1.7,Single,Over 23 years old,Management,Evening,Secondary education,Santomean,Specialized course,Basic education or less,Unskilled Workers,"Personal Services, Security and Safety Workers, and Sellers",Male,Yes,No,Yes,Yes,No,No,0,10,20,4,12.05,1
21,1.4,3.51,Single,Change in institution/course,Design and Multimedia,Daytime,Secondary education,Other,Higher education,Secondary Education,Intermediate Level Technicians and Professions,Intermediate Level Technicians and Professions,Male,Yes,No,Yes,No,No,No,10,23,28,23,13.2857142857143,0
25,2.8,-4.06,Married,Over 23 years old,Agronomy,Daytime,Secondary education,Santomean,Secondary Education,Basic education or less,Administrative staff,Administrative staff,Male,No,No,No,Yes,No,No,0,12,30,2,8.216666666666667,1
20,0.5,1.79,Single,1st phase,Veterinary Nursing,Daytime,Secondary education,Portuguese,Secondary Education,Secondary Education,Administrative staff,Unskilled Workers,Male,Yes,No,Yes,No,Yes,No,0,12,18,4,7.333333333333333,1
22,1.4,3.51,Single,Specialized diploma,Veterinary Nursing,Daytime,Specialized course,Other,Secondary Education,Secondary Education,Unskilled Workers,Administrative staff,Male,Yes,No,Yes,No,Yes,No,5,15,25,10,13.64133333333335,1
39,1.4,1.74,Other,Over 23 years old,Journalism and Communication,Daytime,Basic education 3rd cycle (9th/10th/11th year) or equivalent,Santomean,Specialized course,Basic education or less,Unskilled Workers,Other,Female,No,No,Yes,No,No,No,0,12,16,10,11.281249999999988,0
21,1.4,3.51,Single,1st phase,Advertising and Marketing Management,Daytime,Secondary education,Portuguese,Higher education,Secondary Education,Specialists in Intellectual and Scientific Activities,"Farmers and Skilled Workers in Agriculture, Fisheries, and Forestry",Male,Yes,No,Yes,No,Yes,No,0,12,15,12,14.822222222222226,0
19,0.3,-0.92,Single,2nd phase,Tourism,Daytime,Secondary education,Angolan,Secondary Education,Secondary Education,Unskilled Workers,Unskilled Workers,Female,No,No,Yes,No,Yes,No,0,12,15,10,12.208888888888907,0
26,2.6,0.32,Single,Over 23 years old,Nursing,Daytime,Basic education 3rd cycle (9th/10th/11th year) or equivalent,Santomean,Specialized course,Basic education or less,Unskilled Workers,"Skilled Workers in Industry, Construction, and Craftsmen",Female,No,No,Yes,No,Yes,No,0,14,16,12,10.9833333333333,0
19,2.8,-4.06,Single,3rd phase,Social Service,Daytime,Secondary education,Cape Verdean,Specialized course,Secondary Education,Administrative staff,Intermediate Level Technicians and Professions,Female,Yes,No,Yes,No,Yes,No,0,12,19,9,11.18421052631579,0
20,1.4,3.51,Single,Specialized diploma,Veterinary Nursing,Daytime,Specialized course,Other,Secondary Education,Higher education,Administrative staff,Other,Female,Yes,No,No,No,Yes,No,11,21,28,18,13.802982731554177,0
24,0.3,-0.92,Single,Change in institution/course,Social Service,Evening,Secondary education,Brazilian,Specialized course,Basic education or less,Other,"Personal Services, Security and Safety Workers, and Sellers",Male,No,No,Yes,No,No,No,0,12,19,0,0.0,1
20,2.6,0.32,Single,2nd phase,Informatics Engineering,Daytime,Secondary education,Angolan,Specialized course,Basic education or less,Administrative staff,Other,Male,Yes,No,Yes,No,No,No,0,10,16,9,14.031249999999982,0
29,-0.3,0.79,Married,Over 23 years old,Agronomy,Daytime,Secondary education,Santomean,Specialized course,Basic education or less,Unskilled Workers,Unskilled Workers,Male,No,No,Yes,No,No,No,0,12,16,12,14.968749999999993,0
20,0.3,-0.92,Single,1st phase,Journalism and Communication,Daytime,Secondary education,Portuguese,Secondary Education,Higher education,Unskilled Workers,Unskilled Workers,Male,No,No,Yes,No,No,No,0,12,16,12,11.25,0
20,-0.3,0.79,Single,Specialized diploma,Equiniculture,Daytime,Specialized course,Romanian,Higher education,Higher education,Specialists in Intellectual and Scientific Activities,Other,Male,Yes,No,Yes,No,No,No,0,12,27,6,10.63888888888889,1
24,0.6,2.02,Single,Over 23 years old,Advertising and Marketing Management,Daytime,Basic education 3rd cycle (9th/10th/11th year) or equivalent,Santomean,Specialized course,Secondary Education,"Personal Services, Security and Safety Workers, and Sellers",Installation and Machine Operators and Assembly Workers,Male,Yes,No,Yes,No,Yes,No,0,12,18,9,12.222222222222221,0
24,0.3,-0.92,Single,Over 23 years old,Nursing,Daytime,Basic education 3rd cycle (9th/10th/11th year) or equivalent,Santomean,Secondary Education,Higher education,Specialists in Intellectual and Scientific Activities,Other,Male,No,No,Yes,Yes,No,No,0,14,28,0,0.0,1
23,0.6,2.02,Single,Holders of other higher courses,Informatics Engineering,Daytime,Higher education,Italian,Higher education,Secondary Education,Specialists in Intellectual and Scientific Activities,"Personal Services, Security and Safety Workers, and Sellers",Male,No,No,Yes,No,No,No,0,10,12,10,13.999999999999977,0
20,2.8,-4.06,Single,Change in institution/course,Oral Hygiene,Daytime,Secondary education,Brazilian,Secondary Education,Basic education or less,"Personal Services, Security and Safety Workers, and Sellers","Personal Services, Security and Safety Workers, and Sellers",Male,Yes,No,Yes,No,No,No,0,15,16,15,14.13660714285715,0
19,2.8,-4.06,Single,2nd phase,Advertising and Marketing Management,Daytime,Secondary education,Angolan,Secondary Education,Secondary Education,Administrative staff,Armed Forces Professions,Male,Yes,No,Yes,No,No,No,0,12,16,11,13.42857142857145,0
20,-0.3,0.79,Single,Specialized diploma,Agronomy,Daytime,Specialized course,Romanian,Secondary Education,Basic education or less,Administrative staff,Administrative staff,Male,Yes,No,Yes,No,Yes,No,0,12,18,11,13.022222222222199,0
18,1.4,3.51,Single,1st phase,Design and Multimedia,Daytime,Secondary education,Portuguese,Specialized course,Basic education or less,Intermediate Level Technicians and Professions,Intermediate Level Technicians and Professions,Male,No,No,Yes,No,No,No,0,12,13,12,13.923076923076945,0
20,1.4,1.74,Single,1st phase,Advertising and Marketing Management,Daytime,Secondary education,Portuguese,Secondary Education,Secondary Education,Other,Other,Male,Yes,No,Yes,Yes,No,No,0,12,10,1,12.0,1
33,1.4,1.74,Married,Over 23 years old,Management,Evening,Secondary education,Santomean,Specialized course,Basic education or less,"Personal Services, Security and Safety Workers, and Sellers",Intermediate Level Technicians and Professions,Male,Yes,No,Yes,No,No,No,0,10,11,10,13.999999999999982,0
19,-0.8,-3.12,Single,2nd phase,Journalism and Communication,Daytime,Secondary education,Angolan,Specialized course,Basic education or less,"Skilled Workers in Industry, Construction, and Craftsmen","Skilled Workers in Industry, Construction, and Craftsmen",Female,Yes,No,No,No,No,No,0,12,24,6,11.5,1
22,2.8,-4.06,Single,Change in institution/course,Design and Multimedia,Daytime,Secondary education,Brazilian,Specialized course,Basic education or less,"Skilled Workers in Industry, Construction, and Craftsmen","Skilled Workers in Industry, Construction, and Craftsmen",Male,Yes,No,Yes,No,No,No,16,25,26,25,13.5,0
39,3.7,-1.7,Single,Change in institution/course,Nursing,Daytime,Secondary education,Brazilian,Secondary Education,Secondary Education,Other,"Farmers and Skilled Workers in Agriculture, Fisheries, and Forestry",Female,No,No,Yes,No,No,Yes,0,15,0,0,0.0,1
22,0.5,1.79,Single,2nd phase,Tourism,Daytime,Secondary education,Angolan,Secondary Education,Secondary Education,Administrative staff,Installation and Machine Operators and Assembly Workers,Male,Yes,No,No,No,No,No,0,7,1,0,0.0,1
19,0.5,1.79,Single,Other,Tourism,Daytime,Secondary education,Other,Higher education,Secondary Education,Unskilled Workers,Unskilled Workers,Female,Yes,No,Yes,No,No,Yes,0,12,12,12,13.91666666666665,0
19,2.8,-4.06,Single,2nd phase,Nursing,Daytime,Secondary education,Angolan,Specialized course,Basic education or less,Unskilled Workers,Unskilled Workers,Female,Yes,No,Yes,No,No,No,0,15,0,0,0.0,1
21,0.6,2.02,Single,1st phase,Design and Multimedia,Daytime,Secondary education,Portuguese,Specialized course,Basic education or less,Unskilled Workers,"Skilled Workers in Industry, Construction, and Craftsmen",Female,Yes,No,Yes,No,Yes,No,30,34,36,34,14.138888888888902,0
39,0.5,1.79,Single,Holders of other higher courses,Nursing,Daytime,Higher education,Italian,Specialized course,Secondary Education,Administrative staff,Other,Female,Yes,No,No,No,No,No,0,15,0,0,0.0,1
19,1.4,3.51,Single,2nd phase,Design and Multimedia,Daytime,Secondary education,Angolan,Specialized course,Secondary Education,Administrative staff,Other,Male,Yes,No,Yes,No,No,No,10,23,24,23,13.5833333333333,0
24,3.7,-1.7,Single,Over 23 years old,Management,Daytime,Other,Santomean,Secondary Education,Secondary Education,Unskilled Workers,Administrative staff,Male,Yes,No,No,Yes,No,No,0,10,10,0,0.0,1
27,3.7,-1.7,Single,Over 23 years old,Management,Evening,Secondary education,Santomean,Specialized course,Basic education or less,Unskilled Workers,Unskilled Workers,Male,Yes,No,Yes,No,No,No,0,10,14,1,6.428571428571429,1
29,0.6,2.02,Married,Over 23 years old,Management,Evening,Secondary education,Santomean,Specialized course,Basic education or less,Unskilled Workers,Unskilled Workers,Male,No,No,Yes,No,No,No,0,10,10,10,15.2,0
20,0.5,1.79,Single,2nd phase,Veterinary Nursing,Daytime,Secondary education,Angolan,Specialized course,Secondary Education,Unskilled Workers,Administrative staff,Male,Yes,No,Yes,No,No,No,0,12,29,4,5.296551724137932,1
21,-0.8,-3.12,Single,1st phase,Advertising and Marketing Management,Daytime,Secondary education,Portuguese,Specialized course,Secondary Education,"Skilled Workers in Industry, Construction, and Craftsmen",Administrative staff,Male,No,No,Yes,No,No,No,0,10,12,9,11.097222222222243,1
19,3.7,-1.7,Single,1st phase,Nursing,Daytime,Secondary education,Portuguese,Secondary Education,Secondary Education,Administrative staff,Intermediate Level Technicians and Professions,Male,No,No,Yes,No,No,No,0,16,18,14,12.8285714285714,0
19,2.8,-4.06,Single,2nd phase,Journalism and Communication,Daytime,Secondary education,Angolan,Secondary Education,Secondary Education,"Personal Services, Security and Safety Workers, and Sellers",Other,Male,No,No,No,Yes,No,No,0,12,16,10,12.5625,1
28,0.5,1.79,Single,Over 23 years old,Informatics Engineering,Daytime,Secondary education,Santomean,Specialized course,Basic education or less,Unskilled Workers,Unskilled Workers,Male,No,No,Yes,No,Yes,No,0,10,22,6,11.090909090909092,0
21,-0.3,0.79,Single,Other,Tourism,Daytime,Secondary education,Other,Specialized course,Secondary Education,Unskilled Workers,"Skilled Workers in Industry, Construction, and Craftsmen",Female,Yes,No,No,No,No,Yes,0,12,16,10,12.59375,0
23,3.7,-1.7,Single,Other,Nursing,Daytime,Secondary education,Other,Higher education,Higher education,Specialists in Intellectual and Scientific Activities,Unskilled Workers,Female,Yes,No,No,Yes,No,Yes,0,16,22,14,11.3285714285714,1
18,2.6,0.32,Single,2nd phase,Nursing,Daytime,Secondary education,Angolan,Specialized course,Secondary Education,Unskilled Workers,"Personal Services, Security and Safety Workers, and Sellers",Female,Yes,No,Yes,No,No,No,0,14,14,12,13.0333333333333,0
59,0.6,2.02,Married,Other,Journalism and Communication,Daytime,Secondary education,Other,Specialized course,Basic education or less,Unskilled Workers,"Farmers and Skilled Workers in Agriculture, Fisheries, and Forestry",Female,No,No,Yes,No,No,Yes,0,12,15,10,11.97222222222224,0
18,3.7,-1.7,Single,1st phase,Veterinary Nursing,Daytime,Secondary education,Portuguese,Secondary Education,Basic education or less,Unskilled Workers,Unskilled Workers,Female,Yes,No,Yes,No,No,No,0,10,12,10,14.066666666666668,0
27,0.6,2.02,Single,Over 23 years old,Nursing,Daytime,Secondary education,Santomean,Specialized course,Basic education or less,Unskilled Workers,Installation and Machine Operators and Assembly Workers,Female,Yes,No,Yes,No,No,No,0,14,28,0,0.0,1
18,-0.8,-3.12,Single,1st phase,Social Service,Daytime,Secondary education,Portuguese,Specialized course,Basic education or less,Unskilled Workers,Armed Forces Professions,Female,Yes,No,Yes,No,Yes,No,0,12,12,12,12.33333333333335,0
20,1.4,1.74,Single,3rd phase,Other,Daytime,Secondary education,Cape Verdean,Specialized course,Basic education or less,"Skilled Workers in Industry, Construction, and Craftsmen","Skilled Workers in Industry, Construction, and Craftsmen",Female,Yes,No,No,Yes,No,No,0,12,28,5,11.833333333333352,1
32,3.7,-1.7,Married,Over 23 years old,Informatics Engineering,Daytime,Higher education,Santomean,Specialized course,Basic education or less,Administrative staff,"Skilled Workers in Industry, Construction, and Craftsmen",Female,No,No,No,No,No,No,0,10,11,0,0.0,1
19,-0.8,-3.12,Single,2nd phase,Management,Daytime,Secondary education,Angolan,Specialized course,Basic education or less,Intermediate Level Technicians and Professions,"Personal Services, Security and Safety Workers, and Sellers",Female,Yes,No,Yes,No,No,No,0,10,15,7,11.0888888888889,1
41,0.3,-0.92,Married,Over 23 years old,Other,Daytime,Other,Santomean,Specialized course,Basic education or less,"Skilled Workers in Industry, Construction, and Craftsmen",Installation and Machine Operators and Assembly Workers,Female,No,No,Yes,No,No,No,0,12,0,0,0.0,1
38,1.4,1.74,Other,2nd phase,Social Service,Evening,Secondary education,Angolan,Specialized course,Basic education or less,Other,Other,Female,No,No,Yes,No,No,No,0,10,22,1,5.454545454545454,1
35,1.4,3.51,Single,Holders of other higher courses,Equiniculture,Daytime,Higher education,Italian,Basic education or less,Secondary Education,Administrative staff,Unskilled Workers,Male,No,No,Yes,No,No,Yes,0,13,17,0,0.0,1
27,2.6,0.32,Single,Over 23 years old,Social Service,Evening,Secondary education,Santomean,Some High School,Unknown,Other,Other,Female,Yes,No,Yes,No,No,No,0,12,27,7,12.101851851851851,1
19,2.6,0.32,Single,2nd phase,Design and Multimedia,Daytime,Secondary education,Angolan,Secondary Education,Basic education or less,Administrative staff,Unskilled Workers,Female,Yes,No,Yes,No,No,No,0,12,16,10,12.1875,0
39,2.6,0.32,Married,Over 23 years old,Management,Evening,Other,Santomean,Some High School,Unknown,Other,Other,Female,No,No,No,No,No,No,0,10,10,0,0.0,1
37,1.4,1.74,Married,Holders of other higher courses,Tourism,Daytime,Higher education,Italian,Specialized course,Basic education or less,Unskilled Workers,Unskilled Workers,Female,No,No,No,No,No,No,0,10,15,0,0.0,1
37,3.7,-1.7,Married,Over 23 years old,Nursing,Daytime,Secondary education,Santomean,Specialized course,Basic education or less,Unskilled Workers,Unskilled Workers,Female,No,No,No,No,No,No,0,16,16,0,0.0,1
35,-0.8,-3.12,Married,Change in institution/course,Social Service,Evening,Secondary education,Brazilian,Some High School,Unknown,Other,Other,Female,No,No,Yes,No,Yes,No,22,29,29,29,12.379310344827585,0
49,3.7,-1.7,Single,Change in institution/course,Management,Daytime,Secondary education,Brazilian,Specialized course,Basic education or less,Unskilled Workers,Unskilled Workers,Female,No,No,Yes,No,No,No,13,22,40,16,10.520000000000016,0
52,-0.3,0.79,Single,Holders of other higher courses,Management,Daytime,Higher education,Italian,Specialized course,Basic education or less,Unskilled Workers,Unskilled Workers,Female,No,No,Yes,No,No,No,20,27,42,26,10.640537240537252,0
18,-0.8,-3.12,Single,1st phase,Veterinary Nursing,Daytime,Secondary education,Portuguese,Secondary Education,Basic education or less,"Personal Services, Security and Safety Workers, and Sellers","Personal Services, Security and Safety Workers, and Sellers",Female,Yes,No,Yes,No,No,No,0,10,18,10,13.740740740740723,0
30,1.4,1.74,Single,Over 23 years old,Social Service,Evening,Secondary education,Santomean,Specialized course,Basic education or less,Unskilled Workers,Unskilled Workers,Female,No,No,Yes,No,Yes,No,0,13,14,12,14.5,0
21,0.6,2.02,Single,1st phase,Nursing,Daytime,Secondary education,Portuguese,Secondary Education,Basic education or less,Specialists in Intellectual and Scientific Activities,"Skilled Workers in Industry, Construction, and Craftsmen",Female,Yes,No,Yes,No,No,No,0,15,15,15,13.580000000000007,0
20,-0.8,-3.12,Single,1st phase,Informatics Engineering,Daytime,Secondary education,Portuguese,Specialized course,Basic education or less,Unskilled Workers,"Personal Services, Security and Safety Workers, and Sellers",Male,Yes,No,Yes,No,No,No,0,10,5,0,0.0,1
18,-0.8,-3.12,Single,1st phase,Nursing,Daytime,Secondary education,Portuguese,Higher education,Basic education or less,Specialists in Intellectual and Scientific Activities,Armed Forces Professions,Male,Yes,No,Yes,No,No,No,0,16,16,16,13.24875,0
22,0.6,2.02,Single,1st phase,Management,Daytime,Secondary education,Portuguese,Secondary Education,Secondary Education,Intermediate Level Technicians and Professions,Administrative staff,Female,Yes,No,Yes,No,Yes,No,0,10,14,8,13.085714285714285,0
19,3.7,-1.7,Single,2nd phase,Social Service,Daytime,Secondary education,Angolan,Secondary Education,Basic education or less,"Skilled Workers in Industry, Construction, and Craftsmen","Skilled Workers in Industry, Construction, and Craftsmen",Female,Yes,No,Yes,No,Yes,No,0,12,15,12,12.94444444444446,0
18,-0.3,0.79,Single,2nd phase,Nursing,Daytime,Secondary education,Angolan,Specialized course,Basic education or less,Unskilled Workers,"Personal Services, Security and Safety Workers, and Sellers",Female,Yes,No,Yes,No,Yes,No,0,15,17,15,15.252941176470582,0
21,0.6,2.02,Single,1st phase,Management,Daytime,Secondary education,Portuguese,Secondary Education,Basic education or less,Administrative staff,Administrative staff,Male,Yes,No,Yes,No,No,No,0,10,15,9,11.01,0
37,-0.3,0.79,Single,Change in institution/course,Equiniculture,Daytime,Secondary education,Brazilian,Specialized course,Basic education or less,Unskilled Workers,"Farmers and Skilled Workers in Agriculture, Fisheries, and Forestry",Female,No,No,Yes,No,No,Yes,0,12,0,0,0.0,1
38,0.3,-0.92,Single,Over 23 years old,Agronomy,Daytime,Basic education 3rd cycle (9th/10th/11th year) or equivalent,Santomean,Specialized course,Basic education or less,Unskilled Workers,Armed Forces Professions,Male,No,No,No,Yes,No,No,0,12,18,0,0.0,1
55,2.6,0.32,Other,Over 23 years old,Management,Evening,Other,Santomean,Specialized course,Basic education or less,Other,Other,Male,Yes,No,No,No,No,No,0,10,10,0,0.0,1
28,-0.3,0.79,Married,Over 23 years old,Agronomy,Daytime,Secondary education,Santomean,Specialized course,Basic education or less,Unskilled Workers,"Skilled Workers in Industry, Construction, and Craftsmen",Female,No,No,No,Yes,No,No,0,12,28,9,12.508928571428571,1
46,1.4,3.51,Married,Holders of other higher courses,Management,Evening,Higher education,Italian,Specialized course,Basic education or less,Other,"Farmers and Skilled Workers in Agriculture, Fisheries, and Forestry",Female,No,No,Yes,No,No,No,10,17,23,13,12.38695652173913,0
46,0.5,1.79,Married,Over 23 years old,Advertising and Marketing Management,Daytime,Basic education 3rd cycle (9th/10th/11th year) or equivalent,Santomean,Specialized course,Basic education or less,Unskilled Workers,Unskilled Workers,Female,No,No,Yes,No,No,No,0,12,19,9,12.513157894736842,1
18,2.6,0.32,Single,1st phase,Veterinary Nursing,Daytime,Secondary education,Portuguese,Specialized course,Basic education or less,Unskilled Workers,Installation and Machine Operators and Assembly Workers,Female,Yes,No,No,Yes,No,No,0,10,15,6,12.466666666666667,1
21,3.7,-1.7,Single,1st phase,Journalism and Communication,Daytime,Secondary education,Portuguese,Specialized course,Basic education or less,Unskilled Workers,"Skilled Workers in Industry, Construction, and Craftsmen",Male,Yes,No,Yes,No,Yes,No,0,12,12,12,13.83333333333335,0
34,-0.3,0.79,Single,Change in institution/course,Management,Evening,Secondary education,Brazilian,Specialized course,Basic education or less,Intermediate Level Technicians and Professions,Unskilled Workers,Female,No,No,Yes,No,No,No,0,10,19,1,5.7894736842105265,1
21,1.4,1.74,Single,2nd phase,Other,Daytime,Secondary education,Angolan,Specialized course,Basic education or less,Unskilled Workers,Unskilled Workers,Female,Yes,No,Yes,No,Yes,No,0,12,17,10,11.623529411764705,1
18,2.8,-4.06,Single,1st phase,Journalism and Communication,Daytime,Secondary education,Portuguese,Specialized course,Basic education or less,Unskilled Workers,Unskilled Workers,Female,Yes,No,Yes,No,Yes,No,0,12,15,11,13.0,0
19,1.4,1.74,Single,2nd phase,Tourism,Daytime,Secondary education,Angolan,Specialized course,Basic education or less,"Personal Services, Security and Safety Workers, and Sellers",Administrative staff,Male,Yes,No,Yes,No,No,No,0,12,24,3,11.1875,1
22,2.6,0.32,Single,2nd phase,Social Service,Evening,Secondary education,Angolan,Secondary Education,Basic education or less,Administrative staff,Other,Male,Yes,No,Yes,No,No,No,0,12,13,12,12.435897435897468,0
23,2.8,-4.06,Single,Specialized diploma,Agronomy,Daytime,Specialized course,Romanian,Secondary Education,Basic education or less,Administrative staff,"Skilled Workers in Industry, Construction, and Craftsmen",Male,No,No,Yes,No,No,No,1,12,14,1,4.714285714285714,1
18,-0.3,0.79,Single,1st phase,Journalism and Communication,Daytime,Secondary education,Portuguese,Specialized course,Secondary Education,Unskilled Workers,Unskilled Workers,Male,No,No,Yes,No,Yes,No,0,12,14,12,15.857142857142849,0
18,-0.8,-3.12,Single,2nd phase,Social Service,Daytime,Secondary education,Angolan,Specialized course,Basic education or less,"Skilled Workers in Industry, Construction, and Craftsmen","Skilled Workers in Industry, Construction, and Craftsmen",Male,Yes,No,Yes,No,No,No,0,12,17,9,11.917647058823531,1
19,0.3,-0.92,Single,2nd phase,Journalism and Communication,Daytime,Secondary education,Angolan,Specialized course,Basic education or less,Unskilled Workers,Unskilled Workers,Male,No,No,Yes,Yes,No,No,0,12,12,7,11.29166666666665,1
19,0.5,1.79,Single,Specialized diploma,Agronomy,Daytime,Specialized course,Romanian,Specialized course,Basic education or less,Other,"Farmers and Skilled Workers in Agriculture, Fisheries, and Forestry",Male,Yes,No,Yes,No,No,No,0,12,19,11,12.986466165413516,0
27,1.4,3.51,Single,Over 23 years old,Agronomy,Daytime,Basic education 3rd cycle (9th/10th/11th year) or equivalent,Santomean,Secondary Education,Basic education or less,Unskilled Workers,Installation and Machine Operators and Assembly Workers,Male,No,No,No,Yes,No,No,0,12,18,2,7.027777777777778,1
20,0.5,1.79,Single,1st phase,Tourism,Daytime,Secondary education,Portuguese,Higher education,Basic education or less,Intermediate Level Technicians and Professions,Unskilled Workers,Male,Yes,No,Yes,No,No,No,0,12,16,10,13.0,0
18,-0.8,-3.12,Single,1st phase,Nursing,Daytime,Secondary education,Portuguese,Higher education,Higher education,Specialists in Intellectual and Scientific Activities,Other,Male,Yes,No,Yes,No,No,No,0,16,18,16,12.8875,0
18,1.4,3.51,Single,1st phase,Design and Multimedia,Daytime,Secondary education,Portuguese,Specialized course,Basic education or less,"Skilled Workers in Industry, Construction, and Craftsmen","Skilled Workers in Industry, Construction, and Craftsmen",Male,Yes,No,Yes,No,No,No,0,12,14,12,12.70238095238095,0
18,-0.8,-3.12,Single,1st phase,Management,Daytime,Secondary education,Portuguese,Secondary Education,Basic education or less,Administrative staff,"Skilled Workers in Industry, Construction, and Craftsmen",Male,Yes,No,Yes,No,No,No,0,10,21,5,11.626984126984143,1
18,0.3,-0.92,Single,2nd phase,Nursing,Daytime,Secondary education,Angolan,Specialized course,Basic education or less,"Personal Services, Security and Safety Workers, and Sellers","Personal Services, Security and Safety Workers, and Sellers",Female,Yes,No,Yes,No,No,No,0,15,23,14,12.138768115942012,0
37,-0.8,-3.12,Single,Over 23 years old,Social Service,Evening,Other,Santomean,Some High School,Unknown,Other,Other,Female,Yes,No,No,No,No,No,0,10,14,0,0.0,1
36,1.4,1.74,Married,Over 23 years old,Social Service,Evening,Secondary education,Santomean,Specialized course,Basic education or less,"Personal Services, Security and Safety Workers, and Sellers",Intermediate Level Technicians and Professions,Female,No,No,Yes,No,Yes,No,0,12,12,12,11.66666666666665,0
26,2.8,-4.06,Married,Over 23 years old,Veterinary Nursing,Daytime,Basic education 3rd cycle (9th/10th/11th year) or equivalent,Santomean,Specialized course,Basic education or less,Unskilled Workers,"Personal Services, Security and Safety Workers, and Sellers",Female,Yes,No,Yes,No,No,No,0,12,36,5,11.972222222222241,1
19,2.6,0.32,Single,1st phase,Veterinary Nursing,Daytime,Secondary education,Portuguese,Specialized course,Basic education or less,Other,Unskilled Workers,Female,No,No,Yes,No,No,No,0,10,17,8,14.102941176470589,0
24,2.8,-4.06,Single,Over 23 years old,Social Service,Evening,Secondary education,Santomean,Specialized course,Secondary Education,"Skilled Workers in Industry, Construction, and Craftsmen",Administrative staff,Female,Yes,No,Yes,No,No,No,0,12,16,10,11.600000000000001,1
19,0.6,2.02,Single,1st phase,Journalism and Communication,Daytime,Secondary education,Portuguese,Specialized course,Secondary Education,Unskilled Workers,Unskilled Workers,Female,Yes,No,Yes,No,Yes,Yes,0,12,14,12,13.095238095238114,1
20,3.7,-1.7,Single,Change in institution/course,Advertising and Marketing Management,Daytime,Secondary education,Other,Secondary Education,Secondary Education,Unskilled Workers,Armed Forces Professions,Female,Yes,No,Yes,No,Yes,No,5,15,18,11,12.374074074074056,0
19,0.6,2.02,Single,3rd phase,Advertising and Marketing Management,Daytime,Secondary education,Cape Verdean,Specialized course,Higher education,Unskilled Workers,"Skilled Workers in Industry, Construction, and Craftsmen",Female,Yes,No,Yes,No,No,No,0,12,18,11,14.333333333333334,0
21,1.4,1.74,Single,1st phase,Veterinary Nursing,Daytime,Secondary education,Portuguese,Specialized course,Basic education or less,Unskilled Workers,Unskilled Workers,Female,Yes,No,Yes,No,No,No,0,10,15,8,12.111111111111134,0
50,3.7,-1.7,Married,Over 23 years old,Oral Hygiene,Daytime,Secondary education,Santomean,Specialized course,Basic education or less,Unskilled Workers,Administrative staff,Female,No,No,No,No,No,No,0,14,32,10,10.6875,1
47,3.7,-1.7,Married,Over 23 years old,Oral Hygiene,Daytime,Secondary education,Santomean,Specialized course,Basic education or less,Unskilled Workers,Unskilled Workers,Female,No,No,Yes,No,No,No,1,14,31,10,12.14447004608294,1
24,0.3,-0.92,Single,Change in institution/course,Other,Daytime,Secondary education,Other,Secondary Education,Basic education or less,Administrative staff,"Skilled Workers in Industry, Construction, and Craftsmen",Female,No,No,Yes,No,No,No,16,26,35,19,10.957142857142834,1
48,2.8,-4.06,Single,Over 23 years old,Management,Evening,Secondary education,Santomean,Specialized course,Basic education or less,"Skilled Workers in Industry, Construction, and Craftsmen",Armed Forces Professions,Female,No,No,No,No,No,No,0,10,10,1,5.0,1
18,0.5,1.79,Single,1st phase,Veterinary Nursing,Daytime,Secondary education,Portuguese,Specialized course,Higher education,Unskilled Workers,Administrative staff,Female,Yes,No,Yes,No,Yes,No,0,12,24,11,13.634259259259272,0
32,-0.8,-3.12,Single,Specialized diploma,Management,Evening,Specialized course,Romanian,Specialized course,Basic education or less,"Personal Services, Security and Safety Workers, and Sellers","Personal Services, Security and Safety Workers, and Sellers",Male,Yes,No,Yes,No,No,No,5,13,16,8,11.84375,1
20,2.6,0.32,Single,1st phase,Advertising and Marketing Management,Daytime,Secondary education,Portuguese,Specialized course,Higher education,Administrative staff,Other,Male,Yes,No,No,No,No,No,0,10,11,7,12.340909090909092,1
24,0.3,-0.92,Single,Over 23 years old,Informatics Engineering,Daytime,Secondary education,Santomean,Specialized course,Basic education or less,Unskilled Workers,Installation and Machine Operators and Assembly Workers,Male,No,No,Yes,Yes,No,No,0,10,16,0,0.0,1
53,-0.8,-3.12,Married,Over 23 years old,Equiniculture,Daytime,Basic education 3rd cycle (9th/10th/11th year) or equivalent,Santomean,Specialized course,Basic education or less,Unskilled Workers,Unskilled Workers,Male,No,No,Yes,No,No,No,0,10,17,8,12.014705882352942,0
42,-0.3,0.79,Married,Over 23 years old,Journalism and Communication,Daytime,Basic education 3rd cycle (9th/10th/11th year) or equivalent,Santomean,Specialized course,Basic education or less,Unskilled Workers,Administrative staff,Male,No,No,No,Yes,No,No,0,8,9,0,0.0,1
52,2.6,0.32,Married,Over 23 years old,Management,Evening,Other,Santomean,Specialized course,Basic education or less,Unskilled Workers,Unskilled Workers,Male,Yes,No,Yes,No,No,No,0,10,10,10,13.9,0
49,2.8,-4.06,Married,Over 23 years old,Management,Evening,Secondary education,Santomean,Specialized course,Basic education or less,Unskilled Workers,Armed Forces Professions,Male,No,No,Yes,No,No,No,0,10,15,10,11.959999999999999,0
18,0.3,-0.92,Single,2nd phase,Advertising and Marketing Management,Daytime,Secondary education,Angolan,Specialized course,Basic education or less,"Skilled Workers in Industry, Construction, and Craftsmen","Personal Services, Security and Safety Workers, and Sellers",Male,No,No,Yes,No,Yes,No,0,12,14,12,12.8095238095238,0
37,1.4,1.74,Married,Over 23 years old,Equiniculture,Daytime,Secondary education,Santomean,Secondary Education,Basic education or less,Other,"Farmers and Skilled Workers in Agriculture, Fisheries, and Forestry",Male,Yes,No,Yes,No,No,No,2,10,20,7,12.4,0
21,0.5,1.79,Single,1st phase,Nursing,Daytime,Secondary education,Portuguese,Secondary Education,Secondary Education,Administrative staff,Administrative staff,Male,No,No,Yes,No,Yes,No,0,15,19,13,12.4518796992481,0
26,-0.8,-3.12,Single,Over 23 years old,Advertising and Marketing Management,Daytime,Other,Santomean,Specialized course,Basic education or less,"Personal Services, Security and Safety Workers, and Sellers",Intermediate Level Technicians and Professions,Male,No,No,Yes,Yes,No,No,0,10,10,0,0.0,1
20,0.3,-0.92,Single,1st phase,Design and Multimedia,Daytime,Secondary education,Portuguese,Higher education,Secondary Education,Specialists in Intellectual and Scientific Activities,Intermediate Level Technicians and Professions,Male,Yes,No,Yes,No,No,No,10,24,24,22,14.545454545454552,0
19,0.5,1.79,Single,1st phase,Nursing,Daytime,Secondary education,Portuguese,Secondary Education,Basic education or less,Administrative staff,Intermediate Level Technicians and Professions,Female,Yes,No,Yes,No,Yes,No,0,15,18,15,12.52430555555555,0
18,-0.8,-3.12,Single,1st phase,Design and Multimedia,Daytime,Secondary education,Portuguese,Specialized course,Basic education or less,Unskilled Workers,"Skilled Workers in Industry, Construction, and Craftsmen",Female,Yes,No,Yes,No,No,No,0,12,14,12,14.5119047619048,0
18,0.5,1.79,Single,2nd phase,Nursing,Daytime,Secondary education,Angolan,Secondary Education,Secondary Education,Administrative staff,Administrative staff,Female,Yes,No,Yes,No,No,No,0,15,16,15,14.162500000000012,0
20,1.4,1.74,Single,2nd phase,Social Service,Evening,Secondary education,Angolan,Specialized course,Basic education or less,Unskilled Workers,Unskilled Workers,Female,No,No,Yes,No,No,No,0,12,16,11,11.5,0
20,1.4,1.74,Single,2nd phase,Tourism,Daytime,Secondary education,Angolan,Higher education,Higher education,Intermediate Level Technicians and Professions,Intermediate Level Technicians and Professions,Female,Yes,No,Yes,No,No,No,0,11,16,6,11.125,1
22,1.4,3.51,Single,1st phase,Design and Multimedia,Daytime,Secondary education,Portuguese,Secondary Education,Basic education or less,Intermediate Level Technicians and Professions,Intermediate Level Technicians and Professions,Female,Yes,No,Yes,No,No,No,10,23,28,23,13.821428571428585,0
18,-0.3,0.79,Single,Change in institution/course,Nursing,Daytime,Secondary education,Brazilian,Secondary Education,Basic education or less,Administrative staff,"Skilled Workers in Industry, Construction, and Craftsmen",Female,No,No,Yes,No,Yes,No,0,15,16,15,14.0125,0
18,2.8,-4.06,Single,1st phase,Nursing,Daytime,Secondary education,Portuguese,Specialized course,Basic education or less,Unskilled Workers,"Skilled Workers in Industry, Construction, and Craftsmen",Female,Yes,No,Yes,No,No,No,0,15,25,14,12.44571428571426,1
19,1.4,1.74,Single,1st phase,Nursing,Daytime,Secondary education,Portuguese,Secondary Education,Basic education or less,Administrative staff,Unskilled Workers,Female,Yes,No,Yes,No,Yes,No,0,16,16,14,14.36,0
18,1.4,1.74,Single,1st phase,Nursing,Daytime,Secondary education,Portuguese,Secondary Education,Secondary Education,Administrative staff,"Skilled Workers in Industry, Construction, and Craftsmen",Female,Yes,No,Yes,No,No,No,0,16,16,14,14.7,0
20,0.5,1.79,Single,1st phase,Oral Hygiene,Daytime,Secondary education,Portuguese,Specialized course,Basic education or less,Intermediate Level Technicians and Professions,Armed Forces Professions,Female,Yes,No,Yes,No,Yes,No,0,15,15,15,14.1,0
20,3.7,-1.7,Single,1st phase,Other,Daytime,Secondary education,Portuguese,Secondary Education,Secondary Education,Specialists in Intellectual and Scientific Activities,Unskilled Workers,Female,Yes,No,Yes,No,No,No,0,12,12,6,6.75,1
20,-0.8,-3.12,Single,1st phase,Veterinary Nursing,Daytime,Secondary education,Portuguese,Specialized course,Secondary Education,Unskilled Workers,Intermediate Level Technicians and Professions,Female,Yes,No,Yes,No,No,No,0,10,18,10,12.437037037037015,0
19,0.3,-0.92,Single,1st phase,Management,Daytime,Secondary education,Portuguese,Higher education,Basic education or less,Other,Administrative staff,Female,No,No,Yes,No,No,No,0,10,12,10,13.200000000000001,0
27,1.4,3.51,Single,Specialized diploma,Veterinary Nursing,Daytime,Specialized course,Other,Secondary Education,Basic education or less,Administrative staff,"Farmers and Skilled Workers in Agriculture, Fisheries, and Forestry",Female,Yes,No,Yes,No,No,No,11,21,27,18,14.510822510822479,0
18,-0.3,0.79,Single,1st phase,Veterinary Nursing,Daytime,Secondary education,Portuguese,Higher education,Higher education,"Personal Services, Security and Safety Workers, and Sellers",Other,Female,Yes,No,Yes,No,No,No,0,12,13,12,16.153846153846185,0
18,2.8,-4.06,Single,1st phase,Nursing,Daytime,Secondary education,Portuguese,Specialized course,Secondary Education,Administrative staff,Administrative staff,Female,No,No,Yes,No,No,No,0,15,18,15,15.410555555555554,0
18,-0.3,0.79,Single,2nd phase,Nursing,Daytime,Secondary education,Angolan,Secondary Education,Basic education or less,Unskilled Workers,"Skilled Workers in Industry, Construction, and Craftsmen",Female,No,No,Yes,No,Yes,No,0,15,15,15,14.313333333333313,0
20,-0.8,-3.12,Single,1st phase,Veterinary Nursing,Daytime,Secondary education,Portuguese,Specialized course,Basic education or less,Unskilled Workers,Other,Female,No,No,Yes,No,No,No,0,10,14,9,13.1309523809524,0
20,1.4,1.74,Single,2nd phase,Social Service,Daytime,Secondary education,Angolan,Secondary Education,Secondary Education,"Personal Services, Security and Safety Workers, and Sellers","Farmers and Skilled Workers in Agriculture, Fisheries, and Forestry",Female,No,No,Yes,No,Yes,No,0,12,15,12,11.733333333333299,0
18,-0.8,-3.12,Single,1st phase,Nursing,Daytime,Secondary education,Portuguese,Higher education,Basic education or less,Other,"Personal Services, Security and Safety Workers, and Sellers",Female,Yes,No,Yes,No,No,No,0,16,16,16,13.76125,0
22,0.5,1.79,Single,Specialized diploma,Design and Multimedia,Daytime,Specialized course,Romanian,Secondary Education,Basic education or less,Administrative staff,"Farmers and Skilled Workers in Agriculture, Fisheries, and Forestry",Female,No,No,No,Yes,No,No,7,16,18,10,10.799999999999999,1
22,-0.3,0.79,Single,2nd phase,Social Service,Evening,Secondary education,Angolan,Specialized course,Basic education or less,"Personal Services, Security and Safety Workers, and Sellers",Installation and Machine Operators and Assembly Workers,Female,No,No,Yes,Yes,Yes,No,2,12,15,9,12.883333333333333,0
19,2.8,-4.06,Single,1st phase,Veterinary Nursing,Daytime,Secondary education,Portuguese,Specialized course,Higher education,Administrative staff,Other,Female,No,No,Yes,No,No,No,0,12,22,12,14.772727272727268,0
21,0.3,-0.92,Single,Specialized diploma,Equiniculture,Daytime,Specialized course,Romanian,Higher education,Secondary Education,Administrative staff,Other,Female,Yes,No,No,No,No,No,1,12,22,9,12.70129870129871,1
27,0.3,-0.92,Single,Over 23 years old,Nursing,Daytime,Higher education,Santomean,Secondary Education,Secondary Education,Administrative staff,Administrative staff,Female,Yes,No,Yes,No,No,No,2,15,16,15,14.375000000000032,0
18,2.6,0.32,Single,2nd phase,Nursing,Daytime,Secondary education,Angolan,Secondary Education,Secondary Education,Administrative staff,Unskilled Workers,Female,Yes,No,Yes,No,No,No,0,14,14,12,12.7666666666667,0
18,1.4,1.74,Single,2nd phase,Tourism,Daytime,Secondary education,Angolan,Secondary Education,Secondary Education,Administrative staff,Administrative staff,Female,No,No,No,No,No,No,0,11,18,5,2.888888888888889,1
19,0.6,2.02,Single,2nd phase,Oral Hygiene,Daytime,Secondary education,Angolan,Higher education,Higher education,Other,"Skilled Workers in Industry, Construction, and Craftsmen",Male,Yes,No,Yes,No,No,No,0,14,0,0,0.0,1
35,1.4,3.51,Married,Over 23 years old,Management,Evening,Secondary education,Santomean,Secondary Education,Secondary Education,Intermediate Level Technicians and Professions,Intermediate Level Technicians and Professions,Male,No,No,Yes,No,Yes,No,0,10,16,9,11.2875,0
23,2.6,0.32,Single,2nd phase,Veterinary Nursing,Daytime,Secondary education,Angolan,Specialized course,Basic education or less,Administrative staff,Other,Male,No,No,Yes,No,No,No,0,10,12,9,13.825000000000001,0
28,0.3,-0.92,Single,Over 23 years old,Nursing,Daytime,Secondary education,Santomean,Secondary Education,Basic education or less,Unskilled Workers,Unskilled Workers,Male,No,No,Yes,No,No,No,0,14,28,3,4.681547619047633,1
20,-0.8,-3.12,Single,1st phase,Advertising and Marketing Management,Daytime,Secondary education,Portuguese,Specialized course,Secondary Education,Unskilled Workers,Administrative staff,Male,Yes,No,Yes,Yes,No,No,0,10,11,9,11.781818181818181,1
21,2.6,0.32,Single,1st phase,Advertising and Marketing Management,Daytime,Secondary education,Portuguese,Higher education,Higher education,Intermediate Level Technicians and Professions,Intermediate Level Technicians and Professions,Male,Yes,No,Yes,No,No,No,0,10,12,7,11.729166666666666,1
18,1.4,1.74,Single,2nd phase,Design and Multimedia,Daytime,Secondary education,Angolan,Specialized course,Basic education or less,"Personal Services, Security and Safety Workers, and Sellers","Personal Services, Security and Safety Workers, and Sellers",Male,Yes,No,Yes,No,No,No,0,12,14,11,13.500000000000014,0
22,-0.8,-3.12,Single,1st phase,Design and Multimedia,Daytime,Secondary education,Portuguese,Higher education,Higher education,Specialists in Intellectual and Scientific Activities,Other,Male,Yes,No,Yes,No,No,No,0,12,12,12,14.83333333333335,0
21,1.4,1.74,Single,2nd phase,Veterinary Nursing,Daytime,Secondary education,Angolan,Specialized course,Secondary Education,Unskilled Workers,Unskilled Workers,Male,Yes,No,Yes,No,No,No,0,10,21,5,5.850340136054429,0
38,-0.3,0.79,Single,Holders of other higher courses,Oral Hygiene,Daytime,Higher education,Italian,Higher education,Higher education,Specialists in Intellectual and Scientific Activities,Other,Male,No,No,No,Yes,No,No,0,12,13,3,7.794871794871815,1
24,2.6,0.32,Single,Holders of other higher courses,Informatics Engineering,Daytime,Secondary education,Italian,Some High School,Unknown,Other,Other,Male,No,No,Yes,No,No,No,0,10,0,0,0.0,1
19,3.7,-1.7,Single,3rd phase,Design and Multimedia,Daytime,Secondary education,Cape Verdean,Secondary Education,Basic education or less,Administrative staff,"Skilled Workers in Industry, Construction, and Craftsmen",Male,Yes,No,No,No,No,No,0,12,0,0,0.0,1
19,0.3,-0.92,Single,1st phase,Nursing,Daytime,Secondary education,Portuguese,Specialized course,Basic education or less,Unskilled Workers,Unskilled Workers,Male,Yes,No,Yes,No,Yes,No,0,15,16,15,13.881249999999987,0
31,1.4,1.74,Single,Over 23 years old,Informatics Engineering,Daytime,Higher education,Santomean,Higher education,Higher education,Intermediate Level Technicians and Professions,Armed Forces Professions,Male,No,No,Yes,No,No,No,0,10,0,0,0.0,1
19,1.4,3.51,Single,2nd phase,Advertising and Marketing Management,Daytime,Secondary education,Angolan,Specialized course,Basic education or less,Unskilled Workers,Installation and Machine Operators and Assembly Workers,Male,Yes,No,Yes,No,Yes,No,0,12,13,12,13.3076923076923,0
22,2.6,0.32,Single,2nd phase,Design and Multimedia,Daytime,Secondary education,Angolan,Specialized course,Basic education or less,Administrative staff,"Personal Services, Security and Safety Workers, and Sellers",Male,Yes,No,Yes,No,No,No,0,12,13,11,11.753846153846167,0
25,2.6,0.32,Single,Over 23 years old,Veterinary Nursing,Daytime,Secondary education,Santomean,Some High School,Secondary Education,Other,Other,Male,No,No,Yes,No,No,No,0,10,10,0,0.0,1
18,0.3,-0.92,Single,1st phase,Nursing,Daytime,Secondary education,Portuguese,Secondary Education,Secondary Education,"Personal Services, Security and Safety Workers, and Sellers","Personal Services, Security and Safety Workers, and Sellers",Male,Yes,No,Yes,No,No,No,0,15,16,7,7.062499999999981,1
30,-0.8,-3.12,Single,Holders of other higher courses,Nursing,Daytime,Higher education,Italian,Specialized course,Basic education or less,Other,Other,Male,Yes,No,Yes,No,No,No,0,16,16,0,0.0,1
18,-0.8,-3.12,Single,1st phase,Nursing,Daytime,Secondary education,Portuguese,Specialized course,Basic education or less,Unskilled Workers,Unskilled Workers,Male,No,No,Yes,No,Yes,No,0,16,16,16,15.63375,0
18,3.7,-1.7,Single,1st phase,Journalism and Communication,Daytime,Secondary education,Portuguese,Secondary Education,Secondary Education,"Personal Services, Security and Safety Workers, and Sellers","Personal Services, Security and Safety Workers, and Sellers",Male,Yes,No,Yes,No,No,No,0,12,12,12,14.08333333333335,0
18,2.6,0.32,Single,2nd phase,Journalism and Communication,Daytime,Secondary education,Angolan,Some High School,Unknown,Other,Other,Male,No,No,Yes,No,No,No,0,12,0,0,0.0,1
18,1.4,1.74,Single,1st phase,Social Service,Daytime,Secondary education,Portuguese,Specialized course,Basic education or less,"Skilled Workers in Industry, Construction, and Craftsmen","Skilled Workers in Industry, Construction, and Craftsmen",Male,Yes,No,Yes,No,No,No,0,12,15,12,12.033333333333333,0
25,2.8,-4.06,Single,Over 23 years old,Advertising and Marketing Management,Daytime,Secondary education,Santomean,Secondary Education,Basic education or less,Administrative staff,Unskilled Workers,Male,No,No,Yes,No,Yes,No,0,12,14,12,12.591836734693885,0
25,2.8,-4.06,Single,Over 23 years old,Oral Hygiene,Daytime,Basic education 3rd cycle (9th/10th/11th year) or equivalent,Santomean,Specialized course,Secondary Education,"Skilled Workers in Industry, Construction, and Craftsmen",Armed Forces Professions,Male,No,No,Yes,No,No,No,0,14,25,8,13.026999999999997,1
19,2.6,0.32,Single,1st phase,Nursing,Daytime,Secondary education,Portuguese,Specialized course,Basic education or less,Unskilled Workers,"Personal Services, Security and Safety Workers, and Sellers",Female,Yes,No,Yes,No,No,No,0,14,14,12,12.45,0
20,-0.8,-3.12,Single,1st phase,Nursing,Daytime,Secondary education,Portuguese,Specialized course,Basic education or less,"Personal Services, Security and Safety Workers, and Sellers",Administrative staff,Female,Yes,No,Yes,No,Yes,No,0,16,16,16,13.38125,0
33,0.5,1.79,Single,Change in institution/course,Nursing,Daytime,Secondary education,Other,Higher education,Secondary Education,Intermediate Level Technicians and Professions,Armed Forces Professions,Female,Yes,No,No,No,No,Yes,1,13,17,10,11.82235294117647,1
18,3.7,-1.7,Single,2nd phase,Social Service,Daytime,Secondary education,Angolan,Specialized course,Basic education or less,Unskilled Workers,Unskilled Workers,Female,Yes,No,Yes,No,Yes,No,0,12,18,12,12.425925925925945,0
19,-0.8,-3.12,Single,2nd phase,Nursing,Daytime,Secondary education,Angolan,Secondary Education,Basic education or less,Administrative staff,Armed Forces Professions,Female,Yes,No,Yes,No,No,No,0,16,16,16,13.3425,0
20,2.8,-4.06,Single,1st phase,Nursing,Daytime,Secondary education,Portuguese,Specialized course,Basic education or less,"Skilled Workers in Industry, Construction, and Craftsmen","Skilled Workers in Industry, Construction, and Craftsmen",Female,Yes,No,Yes,No,Yes,No,0,15,24,13,13.5078125,0
24,2.6,0.32,Single,Over 23 years old,Informatics Engineering,Daytime,Secondary education,Santomean,Specialized course,Basic education or less,"Skilled Workers in Industry, Construction, and Craftsmen","Skilled Workers in Industry, Construction, and Craftsmen",Male,No,No,Yes,No,No,No,0,10,17,2,6.823529411764706,1
24,0.3,-0.92,Single,Over 23 years old,Management,Evening,Basic education 3rd cycle (9th/10th/11th year) or equivalent,Santomean,Higher education,Secondary Education,Specialists in Intellectual and Scientific Activities,Administrative staff,Male,No,No,Yes,No,No,No,0,10,14,0,0.0,1
18,1.4,1.74,Single,2nd phase,Veterinary Nursing,Daytime,Secondary education,Angolan,Specialized course,Basic education or less,Unskilled Workers,Unskilled Workers,Male,Yes,No,Yes,No,No,No,0,10,14,10,12.0816326530612,0
18,0.3,-0.92,Single,1st phase,Tourism,Daytime,Secondary education,Portuguese,Specialized course,Basic education or less,Unskilled Workers,Unskilled Workers,Female,Yes,No,Yes,No,Yes,No,0,12,17,11,11.01008403361346,0
22,1.4,3.51,Single,Change in institution/course,Veterinary Nursing,Daytime,Secondary education,Other,Higher education,Higher education,Specialists in Intellectual and Scientific Activities,Installation and Machine Operators and Assembly Workers,Female,Yes,No,Yes,No,No,No,9,24,39,23,14.807551422936045,0
18,1.4,1.74,Single,1st phase,Journalism and Communication,Daytime,Secondary education,Portuguese,Higher education,Secondary Education,Unskilled Workers,Unskilled Workers,Female,Yes,Yes,Yes,No,Yes,No,0,12,20,11,11.845000000000017,0
21,0.6,2.02,Single,1st phase,Design and Multimedia,Daytime,Secondary education,Portuguese,Specialized course,Basic education or less,Intermediate Level Technicians and Professions,Armed Forces Professions,Female,Yes,No,Yes,No,No,No,27,34,38,34,12.315789473684225,0
38,-0.8,-3.12,Married,Over 23 years old,Management,Evening,Secondary education,Santomean,Specialized course,Basic education or less,"Personal Services, Security and Safety Workers, and Sellers",Other,Female,Yes,No,Yes,No,No,No,0,10,20,7,11.633333333333315,1
29,-0.8,-3.12,Single,Change in institution/course,Social Service,Daytime,Secondary education,Brazilian,Some High School,Unknown,Other,Other,Female,No,No,Yes,No,Yes,No,19,29,31,29,12.935483870967735,0
18,3.7,-1.7,Single,2nd phase,Tourism,Daytime,Secondary education,Angolan,Specialized course,Basic education or less,Administrative staff,Unskilled Workers,Female,Yes,No,No,No,No,No,0,12,0,0,0.0,1
37,-0.8,-3.12,Married,Change in institution/course,Management,Evening,Secondary education,Brazilian,Specialized course,Basic education or less,Unskilled Workers,Unskilled Workers,Male,No,No,Yes,No,No,No,15,25,26,25,12.548076923076902,0
20,0.5,1.79,Single,1st phase,Management,Daytime,Secondary education,Portuguese,Higher education,Higher education,"Personal Services, Security and Safety Workers, and Sellers",Armed Forces Professions,Male,No,No,Yes,No,No,No,0,10,12,10,12.1,0
20,1.4,1.74,Single,1st phase,Equiniculture,Daytime,Secondary education,Portuguese,Specialized course,Basic education or less,Other,Installation and Machine Operators and Assembly Workers,Male,Yes,No,No,No,No,No,0,10,18,7,12.38888888888889,1
40,0.3,-0.92,Married,Over 23 years old,Informatics Engineering,Daytime,Secondary education,Santomean,Specialized course,Basic education or less,Unskilled Workers,Armed Forces Professions,Male,No,No,Yes,Yes,No,No,0,10,16,5,11.239583333333357,1
21,1.4,1.74,Single,1st phase,Management,Daytime,Secondary education,Portuguese,Secondary Education,Secondary Education,Unskilled Workers,Unskilled Workers,Male,No,No,No,No,No,No,0,10,16,5,11.241071428571413,1
21,0.3,-0.92,Single,Specialized diploma,Design and Multimedia,Daytime,Specialized course,Romanian,Higher education,Basic education or less,Intermediate Level Technicians and Professions,Installation and Machine Operators and Assembly Workers,Male,No,No,Yes,No,No,No,7,16,19,14,13.28477443609021,0
18,-0.8,-3.12,Single,1st phase,Nursing,Daytime,Secondary education,Portuguese,Higher education,Secondary Education,Specialists in Intellectual and Scientific Activities,Other,Male,Yes,No,Yes,No,No,No,0,16,20,16,13.053750000000003,0
27,0.6,2.02,Single,Over 23 years old,Agronomy,Daytime,Secondary education,Santomean,Higher education,Secondary Education,"Personal Services, Security and Safety Workers, and Sellers",Unskilled Workers,Male,No,No,Yes,No,No,No,0,12,13,12,13.987179487179485,0
38,1.4,1.74,Married,Over 23 years old,Design and Multimedia,Daytime,Basic education 3rd cycle (9th/10th/11th year) or equivalent,Santomean,Specialized course,Basic education or less,Unskilled Workers,Armed Forces Professions,Male,No,No,No,No,No,No,0,12,14,0,0.0,1
18,-0.3,0.79,Single,3rd phase,Equiniculture,Daytime,Secondary education,Cape Verdean,Higher education,Higher education,"Personal Services, Security and Safety Workers, and Sellers",Other,Male,No,No,Yes,No,No,No,0,12,24,8,13.094444444444463,1
18,2.8,-4.06,Single,1st phase,Equiniculture,Daytime,Secondary education,Portuguese,Higher education,Basic education or less,Specialists in Intellectual and Scientific Activities,Unskilled Workers,Male,Yes,No,Yes,No,No,No,0,12,15,11,13.536507936507913,1
19,0.3,-0.92,Single,Change in institution/course,Journalism and Communication,Daytime,Secondary education,Brazilian,Secondary Education,Secondary Education,Unskilled Workers,"Farmers and Skilled Workers in Agriculture, Fisheries, and Forestry",Male,No,No,No,Yes,No,No,0,12,21,5,10.793650793650809,1
44,3.7,-1.7,Single,Over 23 years old,Advertising and Marketing Management,Daytime,Secondary education,Santomean,Specialized course,Basic education or less,Other,Other,Male,No,No,No,Yes,No,No,0,12,15,1,8.4,1
26,2.8,-4.06,Single,Specialized diploma,Veterinary Nursing,Daytime,Specialized course,Romanian,Secondary Education,Secondary Education,Administrative staff,Administrative staff,Male,Yes,Yes,Yes,No,No,No,3,12,36,7,11.38888888888889,1
24,2.8,-4.06,Single,Change in institution/course,Equiniculture,Daytime,Secondary education,Brazilian,Specialized course,Secondary Education,Unskilled Workers,Administrative staff,Male,No,No,No,Yes,No,No,0,12,22,9,11.66666666666665,1
27,2.8,-4.06,Single,Over 23 years old,Agronomy,Daytime,Secondary education,Santomean,Specialized course,Secondary Education,Unskilled Workers,"Farmers and Skilled Workers in Agriculture, Fisheries, and Forestry",Male,Yes,No,No,No,No,No,0,12,14,0,0.0,1
27,-0.3,0.79,Single,Over 23 years old,Agronomy,Daytime,Secondary education,Santomean,Secondary Education,Secondary Education,Unskilled Workers,Administrative staff,Male,No,No,No,Yes,No,No,0,12,0,0,0.0,1
25,3.7,-1.7,Single,Change in institution/course,Design and Multimedia,Daytime,Secondary education,Brazilian,Specialized course,Basic education or less,"Skilled Workers in Industry, Construction, and Craftsmen","Skilled Workers in Industry, Construction, and Craftsmen",Male,Yes,No,Yes,No,No,No,21,32,33,23,11.930069930069909,1
20,1.4,3.51,Single,2nd phase,Informatics Engineering,Daytime,Secondary education,Angolan,Higher education,Secondary Education,Specialists in Intellectual and Scientific Activities,Unskilled Workers,Male,Yes,No,No,Yes,No,No,0,10,10,0,0.0,1
22,2.8,-4.06,Single,Specialized diploma,Equiniculture,Daytime,Specialized course,Romanian,Secondary Education,Basic education or less,Administrative staff,Installation and Machine Operators and Assembly Workers,Female,Yes,No,No,No,No,No,1,12,17,3,7.4509803921568825,1
19,0.3,-0.92,Single,1st phase,Advertising and Marketing Management,Daytime,Secondary education,Portuguese,Higher education,Basic education or less,Specialists in Intellectual and Scientific Activities,"Personal Services, Security and Safety Workers, and Sellers",Female,Yes,No,Yes,No,No,No,0,12,15,12,14.73333333333332,0
18,0.6,2.02,Single,1st phase,Nursing,Daytime,Secondary education,Portuguese,Secondary Education,Secondary Education,Administrative staff,"Skilled Workers in Industry, Construction, and Craftsmen",Female,Yes,No,Yes,No,Yes,No,0,15,16,14,12.82625000000002,0
20,1.4,3.51,Single,1st phase,Social Service,Daytime,Secondary education,Portuguese,Specialized course,Basic education or less,Other,Other,Female,Yes,No,Yes,Yes,No,No,0,12,14,12,12.25,0
36,1.4,1.74,Single,Over 23 years old,Journalism and Communication,Daytime,Secondary education,Santomean,Secondary Education,Basic education or less,Other,Intermediate Level Technicians and Professions,Male,No,No,Yes,No,No,No,0,12,13,12,15.846153846153856,0
19,0.5,1.79,Single,Other,Management,Daytime,Secondary education,Other,Specialized course,Higher education,Other,Administrative staff,Male,No,No,Yes,Yes,No,Yes,0,10,20,7,10.8,0
21,1.4,3.51,Single,Specialized diploma,Management,Daytime,Specialized course,Other,Secondary Education,Secondary Education,Other,"Farmers and Skilled Workers in Agriculture, Fisheries, and Forestry",Male,No,No,Yes,No,Yes,No,9,20,22,20,12.618181818181798,0
26,2.8,-4.06,Single,1st phase,Management,Daytime,Secondary education,Portuguese,Specialized course,Basic education or less,Unskilled Workers,Unskilled Workers,Female,Yes,No,Yes,No,No,No,0,10,6,0,0.0,1
29,2.8,-4.06,Single,Over 23 years old,Agronomy,Daytime,Secondary education,Santomean,Secondary Education,Secondary Education,Unskilled Workers,Unskilled Workers,Female,No,No,No,Yes,No,Yes,4,16,17,4,14.176470588235278,1
27,0.5,1.79,Single,Holders of other higher courses,Nursing,Daytime,Higher education,Italian,Higher education,Basic education or less,Specialists in Intellectual and Scientific Activities,"Farmers and Skilled Workers in Agriculture, Fisheries, and Forestry",Male,No,No,Yes,No,No,No,0,15,0,0,0.0,1
19,0.3,-0.92,Single,1st phase,Journalism and Communication,Daytime,Secondary education,Portuguese,Secondary Education,Secondary Education,Unskilled Workers,Unskilled Workers,Female,Yes,No,Yes,No,Yes,No,0,12,14,12,13.9642857142857,0
20,1.4,1.74,Single,1st phase,Journalism and Communication,Daytime,Secondary education,Portuguese,Secondary Education,Higher education,Other,Other,Male,No,No,No,No,No,No,0,8,12,0,0.0,1
33,3.7,-1.7,Married,1st phase,Tourism,Daytime,Secondary education,Portuguese,Specialized course,Basic education or less,Administrative staff,"Skilled Workers in Industry, Construction, and Craftsmen",Male,No,No,Yes,No,No,No,5,16,20,16,12.18285714285713,0
35,-0.8,-3.12,Married,Over 23 years old,Management,Evening,Secondary education,Santomean,Specialized course,Some High School,Unskilled Workers,Unskilled Workers,Male,No,No,Yes,Yes,No,No,0,10,13,10,11.446153846153846,1
23,0.6,2.02,Single,1st phase,Management,Daytime,Secondary education,Portuguese,Specialized course,Basic education or less,"Skilled Workers in Industry, Construction, and Craftsmen","Skilled Workers in Industry, Construction, and Craftsmen",Male,Yes,No,Yes,No,No,No,0,10,15,8,11.213333333333333,0
19,0.6,2.02,Single,1st phase,Nursing,Daytime,Secondary education,Portuguese,Specialized course,Basic education or less,Unskilled Workers,Unskilled Workers,Male,Yes,No,Yes,No,No,No,0,15,15,15,14.138666666666673,0
21,0.6,2.02,Single,1st phase,Design and Multimedia,Daytime,Secondary education,Portuguese,Secondary Education,Basic education or less,Intermediate Level Technicians and Professions,Intermediate Level Technicians and Professions,Male,Yes,No,Yes,No,Yes,No,0,12,12,12,12.33333333333335,0
27,1.4,1.74,Single,Over 23 years old,Nursing,Daytime,Secondary education,Santomean,Specialized course,Basic education or less,Intermediate Level Technicians and Professions,"Skilled Workers in Industry, Construction, and Craftsmen",Male,No,No,Yes,No,No,No,0,16,16,14,15.57,1
28,0.3,-0.92,Single,Holders of other higher courses,Nursing,Daytime,Higher education,Italian,Specialized course,Basic education or less,Unskilled Workers,Unskilled Workers,Male,No,No,Yes,No,No,No,0,15,16,15,15.124999999999988,1
42,2.8,-4.06,Married,Over 23 years old,Social Service,Daytime,Basic education 3rd cycle (9th/10th/11th year) or equivalent,Santomean,Specialized course,Basic education or less,Unskilled Workers,Administrative staff,Male,No,No,Yes,No,No,No,0,12,0,0,0.0,1
27,2.6,0.32,Single,Holders of other higher courses,Management,Evening,Higher education,Italian,Specialized course,Basic education or less,Unskilled Workers,Unskilled Workers,Male,No,No,Yes,No,No,No,0,10,12,8,13.625,0
23,2.6,0.32,Single,1st phase,Design and Multimedia,Daytime,Secondary education,Portuguese,Higher education,Higher education,Other,Other,Male,Yes,No,Yes,No,No,No,0,12,19,4,5.328947368421052,1
18,1.4,3.51,Single,2nd phase,Tourism,Daytime,Secondary education,Angolan,Specialized course,Secondary Education,Administrative staff,Administrative staff,Male,Yes,No,Yes,No,Yes,No,0,12,15,12,11.711111111111075,0
26,1.4,1.74,Married,Over 23 years old,Nursing,Daytime,Secondary education,Santomean,Specialized course,Basic education or less,Unskilled Workers,Administrative staff,Male,No,No,Yes,No,No,No,0,16,16,14,13.0757142857143,0
18,1.4,3.51,Single,1st phase,Management,Daytime,Secondary education,Portuguese,Higher education,Secondary Education,Intermediate Level Technicians and Professions,Armed Forces Professions,Male,No,No,Yes,No,No,No,0,10,0,0,0.0,1
29,3.7,-1.7,Single,Over 23 years old,Management,Evening,Secondary education,Santomean,Higher education,Higher education,Specialists in Intellectual and Scientific Activities,Other,Male,No,No,Yes,Yes,No,No,1,10,20,5,12.375,1
22,0.3,-0.92,Single,2nd phase,Veterinary Nursing,Daytime,Secondary education,Angolan,Secondary Education,Secondary Education,Administrative staff,"Skilled Workers in Industry, Construction, and Craftsmen",Male,Yes,No,Yes,No,No,No,0,12,23,0,0.0,1
19,1.4,1.74,Single,1st phase,Nursing,Daytime,Secondary education,Portuguese,Specialized course,Basic education or less,"Skilled Workers in Industry, Construction, and Craftsmen",Unskilled Workers,Female,Yes,No,Yes,No,Yes,No,0,16,16,14,13.5128571428571,0
18,1.4,1.74,Single,1st phase,Social Service,Daytime,Secondary education,Portuguese,Specialized course,Basic education or less,Unskilled Workers,"Skilled Workers in Industry, Construction, and Craftsmen",Female,Yes,No,Yes,No,Yes,No,0,12,13,12,12.525641025641024,0
18,-0.8,-3.12,Single,1st phase,Veterinary Nursing,Daytime,Secondary education,Portuguese,Specialized course,Secondary Education,Unskilled Workers,Unskilled Workers,Female,Yes,No,Yes,No,Yes,No,0,10,17,6,13.235294117647076,1
40,0.6,2.02,Single,Over 23 years old,Agronomy,Daytime,Basic education 3rd cycle (9th/10th/11th year) or equivalent,Santomean,Specialized course,Basic education or less,Administrative staff,Unskilled Workers,Female,No,No,No,Yes,No,No,0,12,28,8,13.104761904761887,1
20,1.4,1.74,Single,2nd phase,Tourism,Daytime,Secondary education,Angolan,Specialized course,Higher education,Unskilled Workers,Intermediate Level Technicians and Professions,Female,Yes,No,No,Yes,No,Yes,0,12,30,3,5.75555555555554,1
18,1.4,1.74,Single,1st phase,Nursing,Daytime,Secondary education,Portuguese,Higher education,Secondary Education,Administrative staff,Other,Male,Yes,No,Yes,No,No,No,0,16,30,10,12.288,1
31,2.6,0.32,Single,Change in institution/course,Social Service,Evening,Higher education,Brazilian,Some High School,Unknown,Other,Other,Male,No,No,Yes,No,No,No,14,22,34,19,12.697478991596624,0
18,0.5,1.79,Single,1st phase,Management,Daytime,Secondary education,Portuguese,Secondary Education,Secondary Education,Unskilled Workers,Unskilled Workers,Male,No,No,Yes,No,Yes,No,0,10,14,9,11.964285714285714,0
22,1.4,1.74,Single,Change in institution/course,Advertising and Marketing Management,Daytime,Secondary education,Brazilian,Specialized course,Secondary Education,Administrative staff,Administrative staff,Male,Yes,No,Yes,No,No,No,4,12,17,10,11.3865546218487,1
38,1.4,3.51,Single,Change in institution/course,Management,Daytime,Basic education 3rd cycle (9th/10th/11th year) or equivalent,Other,Specialized course,Basic education or less,Unskilled Workers,"Personal Services, Security and Safety Workers, and Sellers",Male,No,No,No,Yes,No,No,0,10,10,0,0.0,1
33,3.7,-1.7,Single,Change in institution/course,Management,Evening,Higher education,Brazilian,Higher education,Secondary Education,Specialists in Intellectual and Scientific Activities,Unskilled Workers,Male,No,No,Yes,No,No,No,0,10,10,0,0.0,1
18,2.8,-4.06,Single,2nd phase,Advertising and Marketing Management,Daytime,Secondary education,Angolan,Higher education,Higher education,Other,Other,Male,No,No,Yes,No,No,No,0,12,0,0,0.0,1
27,0.6,2.02,Single,Change in institution/course,Management,Evening,Secondary education,Other,Secondary Education,Secondary Education,"Personal Services, Security and Safety Workers, and Sellers",Intermediate Level Technicians and Professions,Male,Yes,No,Yes,No,No,No,2,11,11,11,12.636363636363619,0
26,2.6,0.32,Single,Over 23 years old,Tourism,Daytime,Secondary education,Santomean,Specialized course,Basic education or less,Unskilled Workers,Unskilled Workers,Male,No,No,Yes,No,No,No,0,12,13,12,12.615384615384585,0
19,0.5,1.79,Single,1st phase,Nursing,Daytime,Secondary education,Portuguese,Secondary Education,Basic education or less,Intermediate Level Technicians and Professions,Intermediate Level Technicians and Professions,Female,Yes,No,Yes,No,Yes,No,0,15,16,15,13.203749999999982,0
44,0.6,2.02,Married,Change in institution/course,Nursing,Daytime,Secondary education,Other,Specialized course,Basic education or less,"Personal Services, Security and Safety Workers, and Sellers","Personal Services, Security and Safety Workers, and Sellers",Male,No,No,Yes,No,No,No,0,14,21,10,12.338095238095239,1
19,-0.3,0.79,Single,1st phase,Management,Daytime,Secondary education,Portuguese,Specialized course,Basic education or less,Unskilled Workers,Unskilled Workers,Male,Yes,No,Yes,No,No,No,0,10,19,10,11.763157894736842,0
20,-0.8,-3.12,Single,3rd phase,Design and Multimedia,Daytime,Secondary education,Cape Verdean,Secondary Education,Basic education or less,Administrative staff,"Skilled Workers in Industry, Construction, and Craftsmen",Male,Yes,No,Yes,No,No,No,0,12,12,0,0.0,1
31,-0.8,-3.12,Other,Change in institution/course,Management,Evening,Secondary education,Brazilian,Specialized course,Basic education or less,Other,"Farmers and Skilled Workers in Agriculture, Fisheries, and Forestry",Female,No,No,Yes,No,No,No,16,28,33,26,11.629870129870156,0
25,-0.8,-3.12,Single,Change in institution/course,Design and Multimedia,Daytime,Secondary education,Brazilian,Specialized course,Basic education or less,Unskilled Workers,Unskilled Workers,Female,Yes,No,Yes,No,No,No,0,12,12,12,13.0,0
19,1.4,3.51,Single,2nd phase,Journalism and Communication,Daytime,Secondary education,Angolan,Higher education,Basic education or less,Unskilled Workers,Unskilled Workers,Female,Yes,No,No,Yes,No,No,0,12,6,0,0.0,1
18,0.6,2.02,Single,2nd phase,Nursing,Daytime,Secondary education,Angolan,Higher education,Higher education,Intermediate Level Technicians and Professions,Intermediate Level Technicians and Professions,Female,Yes,No,Yes,No,No,No,0,15,16,15,14.371249999999993,1
24,0.3,-0.92,Single,Over 23 years old,Advertising and Marketing Management,Daytime,Secondary education,Santomean,Secondary Education,Secondary Education,Administrative staff,Administrative staff,Female,No,No,Yes,No,No,No,0,12,32,4,10.937500000000012,1
20,0.5,1.79,Single,1st phase,Social Service,Daytime,Secondary education,Portuguese,Higher education,Higher education,Intermediate Level Technicians and Professions,Intermediate Level Technicians and Professions,Female,No,No,Yes,No,No,No,0,12,12,12,13.58333333333335,0
18,3.7,-1.7,Single,2nd phase,Tourism,Daytime,Secondary education,Angolan,Specialized course,Basic education or less,"Personal Services, Security and Safety Workers, and Sellers",Intermediate Level Technicians and Professions,Female,No,No,Yes,No,No,No,0,12,14,12,14.4404761904762,0
18,0.5,1.79,Single,1st phase,Social Service,Daytime,Secondary education,Portuguese,Specialized course,Secondary Education,"Personal Services, Security and Safety Workers, and Sellers","Skilled Workers in Industry, Construction, and Craftsmen",Female,No,No,Yes,No,Yes,No,0,12,13,12,13.769230769230761,0
28,-0.3,0.79,Single,Holders of other higher courses,Nursing,Daytime,Higher education,Italian,Specialized course,Basic education or less,Administrative staff,"Personal Services, Security and Safety Workers, and Sellers",Female,No,No,No,Yes,No,No,0,14,14,0,0.0,1
18,3.7,-1.7,Single,1st phase,Other,Daytime,Secondary education,Portuguese,Specialized course,Basic education or less,Unskilled Workers,Installation and Machine Operators and Assembly Workers,Female,No,No,Yes,Yes,No,No,0,12,20,9,12.25,1
18,0.6,2.02,Single,1st phase,Social Service,Daytime,Secondary education,Portuguese,Secondary Education,Secondary Education,Administrative staff,Administrative staff,Female,No,No,Yes,No,Yes,No,0,12,20,11,12.875,0
18,0.3,-0.92,Single,2nd phase,Management,Daytime,Secondary education,Angolan,Specialized course,Basic education or less,Unskilled Workers,Installation and Machine Operators and Assembly Workers,Female,Yes,No,Yes,No,Yes,No,0,10,18,10,11.68888888888889,0
19,1.4,1.74,Single,1st phase,Management,Daytime,Secondary education,Portuguese,Specialized course,Basic education or less,Unskilled Workers,Unskilled Workers,Female,Yes,No,No,No,Yes,No,0,10,17,6,11.619047619047642,1
19,2.8,-4.06,Single,2nd phase,Nursing,Daytime,Secondary education,Angolan,Specialized course,Basic education or less,Intermediate Level Technicians and Professions,Unskilled Workers,Female,No,No,Yes,No,Yes,No,0,15,20,14,14.327124999999977,0
20,1.4,3.51,Single,1st phase,Social Service,Daytime,Secondary education,Portuguese,Specialized course,Basic education or less,Other,Other,Female,No,No,Yes,Yes,Yes,No,0,12,16,11,11.45625,0
34,-0.8,-3.12,Married,Change in institution/course,Social Service,Evening,Secondary education,Brazilian,Specialized course,Basic education or less,Unskilled Workers,Intermediate Level Technicians and Professions,Female,No,No,Yes,No,No,No,12,18,29,16,12.254515599343149,0
19,-0.8,-3.12,Single,2nd phase,Nursing,Daytime,Secondary education,Angolan,Higher education,Basic education or less,Specialists in Intellectual and Scientific Activities,"Personal Services, Security and Safety Workers, and Sellers",Female,Yes,No,Yes,No,No,No,0,16,16,16,13.4275,0
24,2.8,-4.06,Single,Over 23 years old,Design and Multimedia,Daytime,Secondary education,Santomean,Secondary Education,Basic education or less,Administrative staff,Administrative staff,Female,Yes,No,Yes,No,No,No,0,12,12,8,15.33333333333335,0
18,-0.8,-3.12,Single,Other,Journalism and Communication,Daytime,Secondary education,Other,Specialized course,Basic education or less,Other,"Personal Services, Security and Safety Workers, and Sellers",Female,Yes,No,Yes,No,No,Yes,0,12,12,0,0.0,1
19,1.4,1.74,Single,2nd phase,Equiniculture,Daytime,Secondary education,Angolan,Specialized course,Basic education or less,Intermediate Level Technicians and Professions,Armed Forces Professions,Male,Yes,No,Yes,No,No,No,0,10,20,2,5.775,1
18,-0.8,-3.12,Single,1st phase,Management,Daytime,Secondary education,Portuguese,Secondary Education,Basic education or less,Intermediate Level Technicians and Professions,"Farmers and Skilled Workers in Agriculture, Fisheries, and Forestry",Male,No,No,Yes,No,Yes,No,0,10,13,8,11.307692307692308,0
19,0.5,1.79,Single,1st phase,Nursing,Daytime,Secondary education,Portuguese,Secondary Education,Secondary Education,Unskilled Workers,Unskilled Workers,Male,Yes,Yes,Yes,Yes,No,No,3,15,19,15,12.661695906432742,0
19,0.6,2.02,Single,1st phase,Equiniculture,Daytime,Secondary education,Portuguese,Higher education,Basic education or less,Specialists in Intellectual and Scientific Activities,Administrative staff,Male,Yes,No,Yes,No,No,No,0,12,22,6,12.490909090909092,1
19,-0.3,0.79,Single,2nd phase,Agronomy,Daytime,Secondary education,Angolan,Specialized course,Higher education,"Personal Services, Security and Safety Workers, and Sellers",Other,Male,No,No,Yes,No,No,No,0,12,20,10,12.958333333333348,1
41,-0.8,-3.12,Married,Over 23 years old,Management,Evening,Secondary education,Santomean,Basic education or less,Some High School,Unskilled Workers,Armed Forces Professions,Male,Yes,No,Yes,No,No,No,0,10,16,6,10.421875,1
19,0.5,1.79,Single,1st phase,Nursing,Daytime,Secondary education,Portuguese,Higher education,Higher education,Specialists in Intellectual and Scientific Activities,Other,Male,No,No,Yes,No,No,No,0,15,19,14,13.112030075187953,0
23,3.7,-1.7,Single,Holders of other higher courses,Nursing,Daytime,Higher education,Italian,Secondary Education,Secondary Education,"Skilled Workers in Industry, Construction, and Craftsmen",Armed Forces Professions,Male,Yes,No,No,No,No,No,0,15,0,0,0.0,1
18,0.5,1.79,Single,1st phase,Informatics Engineering,Daytime,Secondary education,Portuguese,Specialized course,Basic education or less,Unskilled Workers,"Skilled Workers in Industry, Construction, and Craftsmen",Male,No,No,Yes,No,No,No,0,10,28,10,14.151020408163273,1
19,0.3,-0.92,Single,1st phase,Management,Daytime,Secondary education,Portuguese,Higher education,Basic education or less,Intermediate Level Technicians and Professions,Intermediate Level Technicians and Professions,Male,No,No,Yes,No,No,No,0,10,19,10,12.052631578947368,0
20,0.5,1.79,Single,Specialized diploma,Agronomy,Daytime,Specialized course,Romanian,Higher education,Higher education,Specialists in Intellectual and Scientific Activities,Armed Forces Professions,Male,Yes,No,Yes,No,No,No,0,12,14,12,14.333333333333352,0
35,2.6,0.32,Single,Over 23 years old,Veterinary Nursing,Daytime,Secondary education,Santomean,Specialized course,Basic education or less,Other,Other,Male,No,No,No,Yes,No,No,0,10,15,4,10.966666666666667,1
34,1.4,1.74,Other,Over 23 years old,Advertising and Marketing Management,Daytime,Basic education 3rd cycle (9th/10th/11th year) or equivalent,Santomean,Specialized course,Secondary Education,Other,Other,Male,No,No,No,No,No,No,0,12,15,0,0.0,1
19,1.4,1.74,Single,1st phase,Design and Multimedia,Daytime,Secondary education,Portuguese,Higher education,Higher education,Unskilled Workers,Unskilled Workers,Female,Yes,No,No,Yes,Yes,No,0,12,14,12,12.428571428571415,0
22,-0.3,0.79,Single,Other,Social Service,Daytime,Secondary education,Other,Specialized course,Secondary Education,Unskilled Workers,Unskilled Workers,Male,Yes,No,No,Yes,No,Yes,0,12,18,10,11.899999999999999,0
20,0.6,2.02,Single,2nd phase,Design and Multimedia,Daytime,Secondary education,Angolan,Secondary Education,Higher education,Administrative staff,Other,Male,No,No,Yes,No,No,No,0,12,14,12,13.119047619047615,0
30,2.6,0.32,Married,Over 23 years old,Informatics Engineering,Daytime,Secondary education,Santomean,Specialized course,Basic education or less,Other,"Personal Services, Security and Safety Workers, and Sellers",Male,No,No,Yes,Yes,No,No,0,10,10,0,0.0,1
20,1.4,1.74,Single,1st phase,Tourism,Daytime,Secondary education,Portuguese,Secondary Education,Secondary Education,"Personal Services, Security and Safety Workers, and Sellers",Administrative staff,Male,Yes,No,No,No,No,No,0,12,30,2,4.9,1
18,2.6,0.32,Single,2nd phase,Design and Multimedia,Daytime,Secondary education,Angolan,Specialized course,Basic education or less,Unskilled Workers,"Personal Services, Security and Safety Workers, and Sellers",Male,Yes,No,Yes,No,No,No,0,12,12,12,12.5,0
26,2.6,0.32,Single,1st phase,Equiniculture,Daytime,Secondary education,Portuguese,Some High School,Basic education or less,Administrative staff,Administrative staff,Male,No,No,Yes,No,Yes,No,0,10,15,0,0.0,1
26,2.8,-4.06,Single,Over 23 years old,Management,Evening,Secondary education,Santomean,Secondary Education,Secondary Education,Intermediate Level Technicians and Professions,"Skilled Workers in Industry, Construction, and Craftsmen",Male,No,No,Yes,No,No,No,0,10,10,10,12.4,0
26,1.4,1.74,Single,Over 23 years old,Management,Daytime,Secondary education,Santomean,Specialized course,Basic education or less,"Personal Services, Security and Safety Workers, and Sellers",Unskilled Workers,Male,No,No,No,No,No,No,0,10,14,2,3.75,1
31,0.5,1.79,Single,Over 23 years old,Management,Evening,Secondary education,Santomean,Specialized course,Basic education or less,Unskilled Workers,"Farmers and Skilled Workers in Agriculture, Fisheries, and Forestry",Male,No,No,No,Yes,No,No,0,10,15,0,0.0,1
20,1.4,3.51,Single,1st phase,Design and Multimedia,Daytime,Secondary education,Portuguese,Specialized course,Basic education or less,Unskilled Workers,Installation and Machine Operators and Assembly Workers,Male,Yes,No,Yes,No,Yes,No,10,23,26,23,14.448717948717917,0
19,2.6,0.32,Single,1st phase,Journalism and Communication,Daytime,Secondary education,Portuguese,Specialized course,Basic education or less,Other,Other,Male,Yes,No,Yes,No,No,No,0,12,16,9,12.2916666666667,0
23,2.6,0.32,Single,2nd phase,Advertising and Marketing Management,Daytime,Secondary education,Angolan,Some High School,Higher education,"Skilled Workers in Industry, Construction, and Craftsmen",Other,Male,Yes,No,No,Yes,No,No,0,10,10,0,0.0,1
20,0.6,2.02,Single,1st phase,Nursing,Daytime,Secondary education,Portuguese,Secondary Education,Secondary Education,Administrative staff,Administrative staff,Male,Yes,No,Yes,No,Yes,No,0,14,29,1,6.275862068965517,1
20,0.6,2.02,Single,Change in institution/course,Nursing,Daytime,Secondary education,Other,Secondary Education,Secondary Education,Administrative staff,Armed Forces Professions,Male,No,No,Yes,No,No,No,7,17,18,16,15.263456790123449,0
29,2.6,0.32,Single,Over 23 years old,Social Service,Evening,Secondary education,Santomean,Some High School,Unknown,Other,Other,Male,Yes,No,Yes,No,No,No,0,11,20,0,0.0,1
20,-0.8,-3.12,Single,1st phase,Journalism and Communication,Daytime,Secondary education,Portuguese,Specialized course,Basic education or less,"Skilled Workers in Industry, Construction, and Craftsmen","Skilled Workers in Industry, Construction, and Craftsmen",Male,Yes,No,Yes,No,Yes,No,0,12,14,10,12.500000000000014,0
24,2.6,0.32,Single,1st phase,Nursing,Daytime,Secondary education,Portuguese,Specialized course,Basic education or less,Unskilled Workers,Unskilled Workers,Male,No,No,Yes,No,No,No,0,14,14,12,13.3,0
37,0.6,2.02,Single,Over 23 years old,Oral Hygiene,Daytime,Basic education 3rd cycle (9th/10th/11th year) or equivalent,Santomean,Basic education or less,Secondary Education,Intermediate Level Technicians and Professions,"Skilled Workers in Industry, Construction, and Craftsmen",Male,No,No,Yes,No,No,No,0,14,28,0,0.0,1
18,2.6,0.32,Single,1st phase,Nursing,Daytime,Secondary education,Portuguese,Specialized course,Basic education or less,Administrative staff,Administrative staff,Male,Yes,No,Yes,No,No,No,0,15,0,0,0.0,1
18,3.7,-1.7,Single,2nd phase,Nursing,Daytime,Secondary education,Angolan,Specialized course,Higher education,Administrative staff,Unskilled Workers,Male,No,No,Yes,No,No,No,0,16,16,14,13.5571428571429,0
35,-0.3,0.79,Single,Over 23 years old,Agronomy,Daytime,Secondary education,Santomean,Specialized course,Basic education or less,Unskilled Workers,Administrative staff,Male,No,No,Yes,No,No,No,0,12,27,7,11.320987654320973,1
19,1.4,3.51,Single,2nd phase,Tourism,Daytime,Secondary education,Angolan,Specialized course,Basic education or less,Unskilled Workers,Unskilled Workers,Female,No,No,Yes,No,No,No,0,11,5,0,0.0,1
19,2.6,0.32,Single,1st phase,Nursing,Daytime,Secondary education,Portuguese,Specialized course,Higher education,Unskilled Workers,Intermediate Level Technicians and Professions,Female,Yes,No,Yes,No,No,No,0,14,14,12,12.1833333333333,0
30,2.8,-4.06,Single,Specialized diploma,Agronomy,Daytime,Specialized course,Romanian,Specialized course,Basic education or less,Unskilled Workers,"Skilled Workers in Industry, Construction, and Craftsmen",Male,Yes,No,No,No,No,No,5,17,39,10,11.38461538461537,1
51,3.7,-1.7,Married,Change in institution/course,Journalism and Communication,Daytime,Secondary education,Brazilian,Specialized course,Basic education or less,"Personal Services, Security and Safety Workers, and Sellers",Other,Male,No,No,No,Yes,No,No,0,8,8,0,0.0,1
18,0.6,2.02,Single,Other,Veterinary Nursing,Daytime,Secondary education,Other,Higher education,Basic education or less,Specialists in Intellectual and Scientific Activities,Installation and Machine Operators and Assembly Workers,Female,No,No,Yes,No,No,Yes,0,12,18,11,14.629629629629612,0
18,-0.8,-3.12,Single,1st phase,Nursing,Daytime,Secondary education,Portuguese,Specialized course,Basic education or less,"Skilled Workers in Industry, Construction, and Craftsmen","Skilled Workers in Industry, Construction, and Craftsmen",Female,Yes,No,Yes,No,Yes,No,0,16,16,16,13.435,0
18,1.4,1.74,Single,1st phase,Equiniculture,Daytime,Secondary education,Portuguese,Higher education,Specialized course,Administrative staff,Intermediate Level Technicians and Professions,Female,Yes,No,Yes,No,No,No,0,10,17,4,6.352941176470588,1
23,0.5,1.79,Single,3rd phase,Design and Multimedia,Daytime,Secondary education,Cape Verdean,Secondary Education,Secondary Education,Administrative staff,Intermediate Level Technicians and Professions,Female,Yes,No,Yes,No,No,No,31,34,35,34,11.828571428571431,0
18,0.6,2.02,Single,1st phase,Journalism and Communication,Daytime,Secondary education,Portuguese,Higher education,Higher education,Specialists in Intellectual and Scientific Activities,Other,Female,Yes,No,No,Yes,No,No,0,12,18,9,11.77222222222222,1
21,1.4,3.51,Single,Specialized diploma,Veterinary Nursing,Daytime,Specialized course,Other,Higher education,Secondary Education,Specialists in Intellectual and Scientific Activities,Installation and Machine Operators and Assembly Workers,Female,Yes,No,Yes,No,No,No,11,20,30,18,14.25,0
20,0.5,1.79,Single,Change in institution/course,Journalism and Communication,Daytime,Secondary education,Brazilian,Secondary Education,Basic education or less,Intermediate Level Technicians and Professions,Other,Female,No,No,Yes,Yes,No,No,0,12,15,12,12.97777777777778,0
24,-0.8,-3.12,Single,Change in institution/course,Veterinary Nursing,Daytime,Secondary education,Other,Secondary Education,Some High School,Administrative staff,Administrative staff,Female,No,No,Yes,No,No,No,9,21,50,18,12.233333333333354,0
18,-0.3,0.79,Single,1st phase,Equiniculture,Daytime,Secondary education,Portuguese,Secondary Education,Secondary Education,Administrative staff,Administrative staff,Female,Yes,No,Yes,No,No,No,0,12,18,12,14.5625,0
18,2.6,0.32,Single,2nd phase,Nursing,Daytime,Secondary education,Angolan,Specialized course,Secondary Education,Administrative staff,Armed Forces Professions,Female,Yes,No,Yes,No,No,No,0,14,14,12,13.1166666666667,0
19,0.6,2.02,Single,1st phase,Journalism and Communication,Daytime,Secondary education,Portuguese,Specialized course,Secondary Education,"Skilled Workers in Industry, Construction, and Craftsmen",Unskilled Workers,Female,Yes,No,Yes,No,No,No,0,12,14,12,12.25,0
20,-0.3,0.79,Single,Specialized diploma,Social Service,Daytime,Specialized course,Romanian,Secondary Education,Basic education or less,Administrative staff,Installation and Machine Operators and Assembly Workers,Female,Yes,No,Yes,No,Yes,No,5,12,12,12,13.75,0
18,0.5,1.79,Single,1st phase,Nursing,Daytime,Secondary education,Portuguese,Higher education,Some High School,"Personal Services, Security and Safety Workers, and Sellers",Unskilled Workers,Female,Yes,No,Yes,No,No,No,0,15,15,15,14.829333333333352,0
18,1.4,1.74,Single,1st phase,Nursing,Daytime,Secondary education,Portuguese,Specialized course,Secondary Education,Unskilled Workers,Armed Forces Professions,Female,Yes,No,Yes,No,No,No,0,16,16,14,12.9442857142857,0
19,2.6,0.32,Single,1st phase,Nursing,Daytime,Secondary education,Portuguese,Higher education,Higher education,Specialists in Intellectual and Scientific Activities,Other,Female,Yes,No,Yes,No,No,No,0,14,14,12,14.2666666666667,0
18,-0.3,0.79,Single,1st phase,Advertising and Marketing Management,Daytime,Secondary education,Portuguese,Higher education,Basic education or less,Administrative staff,"Personal Services, Security and Safety Workers, and Sellers",Female,Yes,No,Yes,No,No,No,0,12,16,10,13.5,0
20,-0.8,-3.12,Single,1st phase,Nursing,Daytime,Secondary education,Portuguese,Specialized course,Basic education or less,"Personal Services, Security and Safety Workers, and Sellers","Skilled Workers in Industry, Construction, and Craftsmen",Female,Yes,No,Yes,No,No,No,0,16,16,16,12.48375,0
18,0.3,-0.92,Single,1st phase,Oral Hygiene,Daytime,Secondary education,Portuguese,Specialized course,Secondary Education,Unskilled Workers,Intermediate Level Technicians and Professions,Female,Yes,No,Yes,No,No,No,0,15,16,15,14.370535714285701,0
18,2.6,0.32,Married,2nd phase,Social Service,Evening,Secondary education,Angolan,Specialized course,Basic education or less,Intermediate Level Technicians and Professions,Intermediate Level Technicians and Professions,Female,No,No,No,Yes,No,No,0,12,21,3,4.571428571428585,1
18,2.6,0.32,Single,1st phase,Other,Daytime,Secondary education,Portuguese,Some High School,Some High School,Unskilled Workers,Administrative staff,Female,Yes,No,Yes,No,No,No,0,12,15,10,13.906666666666666,0
18,2.6,0.32,Single,1st phase,Nursing,Daytime,Secondary education,Portuguese,Secondary Education,Basic education or less,Administrative staff,Installation and Machine Operators and Assembly Workers,Female,Yes,No,Yes,No,No,No,0,14,14,12,13.45,0
18,2.6,0.32,Single,2nd phase,Nursing,Daytime,Secondary education,Angolan,Specialized course,Basic education or less,"Personal Services, Security and Safety Workers, and Sellers",Installation and Machine Operators and Assembly Workers,Female,Yes,No,Yes,No,Yes,No,0,14,14,12,12.6,0
20,0.3,-0.92,Single,1st phase,Nursing,Daytime,Secondary education,Portuguese,Specialized course,Basic education or less,Unskilled Workers,Armed Forces Professions,Female,Yes,No,Yes,No,No,No,0,15,19,15,12.771052631578952,0
22,3.7,-1.7,Single,1st phase,Design and Multimedia,Daytime,Secondary education,Portuguese,Specialized course,Basic education or less,Unskilled Workers,Unskilled Workers,Female,Yes,No,Yes,No,Yes,No,0,12,17,10,11.623529411764707,0
18,-0.8,-3.12,Single,1st phase,Social Service,Daytime,Secondary education,Portuguese,Specialized course,Basic education or less,Unskilled Workers,Installation and Machine Operators and Assembly Workers,Female,Yes,No,Yes,No,No,No,0,12,13,12,13.910256410256391,0
18,-0.8,-3.12,Single,2nd phase,Management,Daytime,Secondary education,Angolan,Specialized course,Basic education or less,"Personal Services, Security and Safety Workers, and Sellers",Other,Female,No,No,Yes,No,No,No,0,10,11,9,12.818181818181818,0
18,2.8,-4.06,Single,2nd phase,Advertising and Marketing Management,Daytime,Secondary education,Angolan,Secondary Education,Basic education or less,Administrative staff,"Skilled Workers in Industry, Construction, and Craftsmen",Female,No,No,Yes,Yes,Yes,No,0,12,13,1,7.538461538461538,1
19,0.6,2.02,Single,2nd phase,Social Service,Daytime,Secondary education,Angolan,Secondary Education,Secondary Education,Administrative staff,Armed Forces Professions,Female,No,No,Yes,No,No,No,5,14,16,13,13.9375,0
19,1.4,1.74,Single,1st phase,Veterinary Nursing,Daytime,Secondary education,Portuguese,Specialized course,Basic education or less,Unskilled Workers,Administrative staff,Female,Yes,No,Yes,No,Yes,No,0,10,15,10,12.614285714285707,0
18,-0.3,0.79,Single,2nd phase,Journalism and Communication,Daytime,Secondary education,Angolan,Specialized course,Basic education or less,Unskilled Workers,Unskilled Workers,Female,No,No,Yes,No,Yes,No,0,12,13,12,12.999999999999984,0
18,0.6,2.02,Single,2nd phase,Nursing,Daytime,Secondary education,Angolan,Secondary Education,Secondary Education,Unskilled Workers,Unskilled Workers,Female,Yes,No,Yes,No,Yes,No,0,15,16,15,15.004999999999981,0
18,2.8,-4.06,Single,1st phase,Nursing,Daytime,Secondary education,Portuguese,Specialized course,Secondary Education,Other,Other,Female,Yes,No,Yes,No,No,No,0,15,18,15,13.113888888888887,0
19,0.5,1.79,Single,2nd phase,Advertising and Marketing Management,Daytime,Secondary education,Angolan,Specialized course,Basic education or less,"Personal Services, Security and Safety Workers, and Sellers","Skilled Workers in Industry, Construction, and Craftsmen",Female,Yes,No,Yes,No,No,No,0,12,14,12,13.45238095238095,0
18,1.4,3.51,Single,2nd phase,Social Service,Daytime,Secondary education,Angolan,Specialized course,Basic education or less,Intermediate Level Technicians and Professions,Intermediate Level Technicians and Professions,Female,Yes,No,Yes,No,No,No,0,12,18,9,11.125,0
25,-0.8,-3.12,Single,Over 23 years old,Nursing,Daytime,Basic education 3rd cycle (9th/10th/11th year) or equivalent,Santomean,Specialized course,Basic education or less,Unskilled Workers,Administrative staff,Female,No,No,Yes,No,Yes,No,0,16,16,16,13.3675,0
19,0.5,1.79,Single,1st phase,Nursing,Daytime,Secondary education,Portuguese,Specialized course,Basic education or less,Unskilled Workers,Unskilled Workers,Female,Yes,No,Yes,No,Yes,No,0,15,18,13,12.818955026455022,0
18,0.6,2.02,Single,2nd phase,Nursing,Daytime,Secondary education,Angolan,Secondary Education,Basic education or less,Intermediate Level Technicians and Professions,Intermediate Level Technicians and Professions,Female,Yes,No,Yes,No,No,No,0,15,16,15,13.901093749999987,0
19,-0.3,0.79,Single,2nd phase,Equiniculture,Daytime,Secondary education,Angolan,Higher education,Secondary Education,Specialists in Intellectual and Scientific Activities,Armed Forces Professions,Female,Yes,No,Yes,No,No,No,0,12,17,10,12.894117647058822,0
18,2.6,0.32,Married,1st phase,Nursing,Daytime,Secondary education,Portuguese,Specialized course,Basic education or less,Administrative staff,"Personal Services, Security and Safety Workers, and Sellers",Female,No,No,Yes,No,No,No,0,14,14,12,13.6833333333333,0
24,-0.3,0.79,Single,Over 23 years old,Veterinary Nursing,Daytime,Secondary education,Santomean,Specialized course,Basic education or less,Administrative staff,Armed Forces Professions,Female,No,No,Yes,No,No,No,2,12,23,6,12.478260869565217,1
21,0.6,2.02,Single,1st phase,Journalism and Communication,Daytime,Secondary education,Portuguese,Higher education,Higher education,Intermediate Level Technicians and Professions,Administrative staff,Female,Yes,No,Yes,No,No,No,0,12,15,10,12.053333333333335,0
18,1.4,3.51,Single,1st phase,Tourism,Daytime,Secondary education,Portuguese,Secondary Education,Secondary Education,Unskilled Workers,Administrative staff,Female,Yes,No,Yes,No,Yes,No,0,12,15,12,13.00952380952384,0
18,1.4,3.51,Single,1st phase,Social Service,Daytime,Secondary education,Portuguese,Specialized course,Basic education or less,Unskilled Workers,"Farmers and Skilled Workers in Agriculture, Fisheries, and Forestry",Female,Yes,No,Yes,No,No,No,0,12,12,12,13.1666666666667,0
20,0.6,2.02,Married,1st phase,Design and Multimedia,Daytime,Secondary education,Portuguese,Some High School,Basic education or less,Unskilled Workers,Unskilled Workers,Female,No,No,Yes,No,Yes,No,0,12,12,12,14.75,0
19,0.5,1.79,Single,1st phase,Design and Multimedia,Daytime,Secondary education,Portuguese,Higher education,Basic education or less,Intermediate Level Technicians and Professions,"Personal Services, Security and Safety Workers, and Sellers",Female,Yes,No,Yes,No,No,No,0,12,14,11,11.942857142857159,0
19,-0.3,0.79,Single,1st phase,Journalism and Communication,Daytime,Secondary education,Portuguese,Secondary Education,Basic education or less,Administrative staff,"Skilled Workers in Industry, Construction, and Craftsmen",Female,Yes,No,Yes,No,Yes,No,0,12,14,12,13.5,1
30,0.5,1.79,Single,1st phase,Nursing,Daytime,Secondary education,Portuguese,Specialized course,Basic education or less,Unskilled Workers,Unskilled Workers,Female,Yes,No,Yes,No,No,No,0,15,15,15,14.836666666666648,0
18,-0.8,-3.12,Single,1st phase,Nursing,Daytime,Secondary education,Portuguese,Specialized course,Basic education or less,"Personal Services, Security and Safety Workers, and Sellers",Intermediate Level Technicians and Professions,Female,No,No,Yes,No,No,No,0,16,16,16,14.035,0
18,3.7,-1.7,Single,2nd phase,Veterinary Nursing,Daytime,Secondary education,Angolan,Secondary Education,Basic education or less,Administrative staff,Armed Forces Professions,Female,Yes,No,Yes,No,No,No,0,10,16,7,12.5,0
18,-0.8,-3.12,Single,1st phase,Journalism and Communication,Daytime,Secondary education,Portuguese,Specialized course,Basic education or less,Unskilled Workers,Unskilled Workers,Female,Yes,No,Yes,No,Yes,No,0,12,12,12,13.3333333333333,0
20,2.8,-4.06,Single,3rd phase,Nursing,Daytime,Secondary education,Cape Verdean,Specialized course,Basic education or less,"Personal Services, Security and Safety Workers, and Sellers","Personal Services, Security and Safety Workers, and Sellers",Female,No,No,Yes,No,No,No,0,15,22,13,12.000568181818183,0
19,0.6,2.02,Single,1st phase,Tourism,Daytime,Secondary education,Portuguese,Specialized course,Basic education or less,Administrative staff,"Skilled Workers in Industry, Construction, and Craftsmen",Female,No,No,Yes,No,No,No,0,12,0,0,0.0,1
19,1.4,1.74,Single,Change in institution/course,Tourism,Daytime,Secondary education,Brazilian,Specialized course,Basic education or less,Unskilled Workers,Unskilled Workers,Female,Yes,No,Yes,No,No,No,0,12,12,0,0.0,1
18,1.4,3.51,Single,1st phase,Tourism,Daytime,Secondary education,Portuguese,Secondary Education,Basic education or less,"Personal Services, Security and Safety Workers, and Sellers","Farmers and Skilled Workers in Agriculture, Fisheries, and Forestry",Female,Yes,No,Yes,No,Yes,No,0,12,13,12,12.153846153846162,0
19,0.5,1.79,Single,3rd phase,Other,Daytime,Secondary education,Cape Verdean,Specialized course,Basic education or less,Administrative staff,Other,Female,Yes,No,Yes,No,No,No,0,14,19,12,12.640350877193017,0
25,1.4,1.74,Single,Holders of other higher courses,Nursing,Daytime,Higher education,Italian,Specialized course,Basic education or less,Administrative staff,Administrative staff,Female,No,No,Yes,No,No,No,0,16,16,14,14.8057142857143,0
19,0.6,2.02,Single,1st phase,Social Service,Daytime,Secondary education,Portuguese,Some High School,Basic education or less,Administrative staff,Unskilled Workers,Female,Yes,No,Yes,No,No,No,0,12,21,11,11.130612244897952,1
19,-0.8,-3.12,Single,1st phase,Social Service,Daytime,Secondary education,Portuguese,Secondary Education,Secondary Education,Administrative staff,Unskilled Workers,Female,Yes,No,Yes,Yes,Yes,No,0,12,12,12,12.75,0
20,0.5,1.79,Single,1st phase,Advertising and Marketing Management,Daytime,Secondary education,Portuguese,Secondary Education,Secondary Education,"Personal Services, Security and Safety Workers, and Sellers",Administrative staff,Female,Yes,No,Yes,No,Yes,No,0,12,15,10,13.32,0
20,-0.3,0.79,Single,1st phase,Nursing,Daytime,Secondary education,Portuguese,Secondary Education,Secondary Education,Administrative staff,Administrative staff,Female,Yes,No,Yes,No,Yes,No,0,15,16,15,13.21875,0
19,3.7,-1.7,Single,2nd phase,Veterinary Nursing,Daytime,Secondary education,Angolan,Secondary Education,Higher education,Administrative staff,Other,Female,Yes,No,Yes,No,No,No,0,10,20,7,10.79166666666665,0
31,2.8,-4.06,Single,Holders of other higher courses,Agronomy,Daytime,Higher education,Italian,Higher education,Secondary Education,Specialists in Intellectual and Scientific Activities,Administrative staff,Female,Yes,No,Yes,No,No,No,12,24,28,23,13.614385614385629,0
20,-0.8,-3.12,Single,1st phase,Veterinary Nursing,Daytime,Secondary education,Portuguese,Secondary Education,Basic education or less,Intermediate Level Technicians and Professions,Administrative staff,Female,No,No,Yes,No,No,No,0,10,20,6,12.59999999999998,0
18,-0.3,0.79,Single,1st phase,Advertising and Marketing Management,Daytime,Secondary education,Portuguese,Secondary Education,Higher education,Administrative staff,"Skilled Workers in Industry, Construction, and Craftsmen",Female,Yes,No,Yes,No,No,No,0,12,16,11,14.64166666666668,0
20,1.4,3.51,Single,2nd phase,Veterinary Nursing,Daytime,Secondary education,Angolan,Higher education,Basic education or less,Specialists in Intellectual and Scientific Activities,Administrative staff,Female,Yes,No,Yes,No,Yes,No,0,12,14,12,13.2959183673469,0
19,1.4,1.74,Single,2nd phase,Advertising and Marketing Management,Daytime,Secondary education,Angolan,Specialized course,Basic education or less,"Personal Services, Security and Safety Workers, and Sellers",Administrative staff,Female,No,No,Yes,No,Yes,No,0,12,17,10,12.332352941176469,1
21,3.7,-1.7,Single,2nd phase,Management,Daytime,Secondary education,Angolan,Specialized course,Basic education or less,Administrative staff,"Farmers and Skilled Workers in Agriculture, Fisheries, and Forestry",Female,No,No,Yes,No,Yes,No,0,10,12,10,11.799999999999999,0
18,0.5,1.79,Single,1st phase,Nursing,Daytime,Secondary education,Portuguese,Secondary Education,Some High School,Intermediate Level Technicians and Professions,Armed Forces Professions,Female,Yes,No,Yes,No,No,No,0,15,17,15,13.192941176470564,0
21,0.6,2.02,Single,Change in institution/course,Design and Multimedia,Daytime,Secondary education,Other,Secondary Education,Secondary Education,Administrative staff,Administrative staff,Female,Yes,No,Yes,No,No,No,8,21,21,20,12.161904761904761,1
20,-0.3,0.79,Single,Specialized diploma,Social Service,Daytime,Specialized course,Romanian,Secondary Education,Basic education or less,Other,Other,Female,No,No,Yes,No,No,No,5,12,15,11,12.9,0
18,0.5,1.79,Single,1st phase,Advertising and Marketing Management,Daytime,Secondary education,Portuguese,Some High School,Secondary Education,Unskilled Workers,Unskilled Workers,Female,Yes,No,Yes,No,Yes,No,0,12,14,11,13.928571428571429,0
18,0.5,1.79,Single,1st phase,Management,Daytime,Secondary education,Portuguese,Specialized course,Basic education or less,Unskilled Workers,Unskilled Workers,Female,Yes,No,Yes,No,Yes,No,0,10,13,9,11.615384615384615,0
18,1.4,3.51,Single,2nd phase,Social Service,Daytime,Secondary education,Angolan,Specialized course,Basic education or less,"Skilled Workers in Industry, Construction, and Craftsmen","Skilled Workers in Industry, Construction, and Craftsmen",Female,Yes,No,Yes,No,Yes,No,0,12,18,12,11.5833333333333,0
21,1.4,1.74,Single,Change in institution/course,Veterinary Nursing,Daytime,Specialized course,Brazilian,Specialized course,Basic education or less,Other,"Farmers and Skilled Workers in Agriculture, Fisheries, and Forestry",Female,Yes,No,Yes,No,Yes,No,3,12,27,8,13.126984126984134,0
18,2.6,0.32,Single,1st phase,Nursing,Daytime,Secondary education,Portuguese,Specialized course,Basic education or less,"Personal Services, Security and Safety Workers, and Sellers",Installation and Machine Operators and Assembly Workers,Female,No,No,Yes,No,No,No,0,14,14,12,13.9666666666667,0
18,-0.8,-3.12,Single,1st phase,Nursing,Daytime,Secondary education,Portuguese,Specialized course,Secondary Education,"Personal Services, Security and Safety Workers, and Sellers","Personal Services, Security and Safety Workers, and Sellers",Female,Yes,No,Yes,No,Yes,No,0,16,16,16,14.14125,0
20,3.7,-1.7,Single,2nd phase,Tourism,Daytime,Secondary education,Angolan,Specialized course,Basic education or less,Unskilled Workers,"Skilled Workers in Industry, Construction, and Craftsmen",Female,Yes,No,Yes,No,Yes,No,0,12,20,8,11.675,0
32,-0.8,-3.12,Married,Change in institution/course,Nursing,Daytime,Higher education,Other,Specialized course,Basic education or less,Unskilled Workers,Unskilled Workers,Female,No,No,Yes,No,Yes,No,0,16,16,16,14.6625,0
23,0.6,2.02,Single,1st phase,Nursing,Daytime,Secondary education,Portuguese,Specialized course,Basic education or less,Intermediate Level Technicians and Professions,Intermediate Level Technicians and Professions,Female,Yes,No,Yes,No,Yes,No,0,15,17,14,12.821495098039199,0
18,1.4,1.74,Single,2nd phase,Social Service,Evening,Secondary education,Angolan,Specialized course,Basic education or less,"Personal Services, Security and Safety Workers, and Sellers","Personal Services, Security and Safety Workers, and Sellers",Female,No,No,Yes,No,No,No,0,12,18,10,12.533333333333333,0
21,0.6,2.02,Single,1st phase,Management,Daytime,Secondary education,Portuguese,Specialized course,Basic education or less,Other,Other,Female,No,No,Yes,No,No,No,0,10,14,10,12.0,0
20,2.6,0.32,Single,1st phase,Tourism,Daytime,Secondary education,Portuguese,Specialized course,Some High School,Other,Other,Female,Yes,No,Yes,No,Yes,No,0,12,24,0,0.0,1
18,2.6,0.32,Single,1st phase,Social Service,Daytime,Secondary education,Portuguese,Basic education or less,Basic education or less,Other,Other,Female,Yes,No,Yes,No,No,No,0,12,14,12,11.476190476190471,0
18,0.5,1.79,Single,2nd phase,Veterinary Nursing,Daytime,Secondary education,Angolan,Higher education,Basic education or less,Administrative staff,Installation and Machine Operators and Assembly Workers,Female,Yes,No,Yes,No,No,No,0,12,23,12,13.363354037267097,0
18,-0.3,0.79,Single,2nd phase,Journalism and Communication,Daytime,Secondary education,Angolan,Specialized course,Basic education or less,Unskilled Workers,Unskilled Workers,Female,No,No,Yes,No,No,No,0,12,13,12,13.076923076923086,0
24,-0.8,-3.12,Single,Over 23 years old,Social Service,Evening,Secondary education,Santomean,Specialized course,Basic education or less,Administrative staff,"Skilled Workers in Industry, Construction, and Craftsmen",Female,Yes,No,Yes,No,No,No,0,12,22,1,4.545454545454546,1
32,0.3,-0.92,Single,Change in institution/course,Management,Daytime,Secondary education,Other,Specialized course,Basic education or less,Unskilled Workers,"Skilled Workers in Industry, Construction, and Craftsmen",Female,No,No,No,Yes,No,No,27,28,30,27,10.72142857142857,0
24,1.4,3.51,Single,Over 23 years old,Tourism,Daytime,Secondary education,Santomean,Secondary Education,Secondary Education,Unskilled Workers,"Farmers and Skilled Workers in Agriculture, Fisheries, and Forestry",Female,Yes,No,No,Yes,No,No,0,12,30,9,10.777777777777768,1
18,2.8,-4.06,Single,1st phase,Social Service,Daytime,Secondary education,Portuguese,Specialized course,Basic education or less,Unskilled Workers,"Personal Services, Security and Safety Workers, and Sellers",Female,No,No,Yes,No,Yes,No,0,12,13,6,6.384615384615369,1
28,1.4,3.51,Single,Change in institution/course,Tourism,Daytime,Secondary education,Other,Specialized course,Basic education or less,Unskilled Workers,Unskilled Workers,Female,No,No,Yes,No,No,No,0,12,16,11,12.728571428571449,0
18,1.4,1.74,Single,2nd phase,Other,Daytime,Secondary education,Angolan,Specialized course,Basic education or less,Administrative staff,Installation and Machine Operators and Assembly Workers,Female,Yes,No,Yes,No,Yes,No,0,12,17,10,11.843137254901976,1
24,-0.8,-3.12,Single,Holders of other higher courses,Other,Daytime,Higher education,Italian,Some High School,Unknown,Other,Other,Female,Yes,No,No,No,No,No,0,11,22,0,0.0,1
19,2.6,0.32,Single,1st phase,Veterinary Nursing,Daytime,Secondary education,Portuguese,Secondary Education,Basic education or less,Administrative staff,Armed Forces Professions,Female,No,No,Yes,No,No,No,0,10,13,10,13.846153846153847,0
44,1.4,1.74,Married,Over 23 years old,Social Service,Evening,Secondary education,Santomean,Specialized course,Basic education or less,Unskilled Workers,Installation and Machine Operators and Assembly Workers,Female,No,No,Yes,No,No,No,0,12,12,12,14.5,0
18,2.8,-4.06,Single,1st phase,Veterinary Nursing,Daytime,Secondary education,Other,Specialized course,Basic education or less,Unskilled Workers,Other,Female,Yes,No,Yes,No,Yes,No,0,12,23,12,13.420289855072442,0
22,2.6,0.32,Single,1st phase,Journalism and Communication,Daytime,Secondary education,Portuguese,Secondary Education,Secondary Education,Other,Other,Female,No,No,Yes,No,No,No,0,12,0,0,0.0,1
18,0.6,2.02,Single,3rd phase,Other,Daytime,Secondary education,Cape Verdean,Specialized course,Basic education or less,Unskilled Workers,"Personal Services, Security and Safety Workers, and Sellers",Female,No,No,Yes,No,Yes,No,0,14,16,12,12.479166666666663,0
44,2.8,-4.06,Married,Over 23 years old,Management,Evening,Secondary education,Santomean,Specialized course,Basic education or less,Unskilled Workers,Administrative staff,Female,No,No,Yes,No,No,No,0,10,10,10,12.1,0
33,2.6,0.32,Married,Over 23 years old,Other,Daytime,Basic education 3rd cycle (9th/10th/11th year) or equivalent,Santomean,Specialized course,Secondary Education,"Personal Services, Security and Safety Workers, and Sellers",Intermediate Level Technicians and Professions,Female,No,No,Yes,Yes,No,No,0,12,14,10,11.9,1
32,1.4,1.74,Married,Over 23 years old,Other,Daytime,Secondary education,Santomean,Specialized course,Basic education or less,Unskilled Workers,Unskilled Workers,Female,No,No,No,Yes,No,No,0,11,16,0,0.0,1
35,2.8,-4.06,Married,Over 23 years old,Agronomy,Daytime,Secondary education,Santomean,Specialized course,Basic education or less,Administrative staff,Administrative staff,Female,No,No,No,No,No,No,0,12,0,0,0.0,1
20,0.6,2.02,Single,1st phase,Social Service,Daytime,Secondary education,Portuguese,Specialized course,Basic education or less,Other,"Farmers and Skilled Workers in Agriculture, Fisheries, and Forestry",Female,Yes,No,Yes,No,No,No,0,12,13,12,12.46153846153847,0
24,-0.8,-3.12,Single,Over 23 years old,Tourism,Daytime,Secondary education,Santomean,Higher education,Secondary Education,Other,"Farmers and Skilled Workers in Agriculture, Fisheries, and Forestry",Female,Yes,No,Yes,No,No,No,0,12,15,10,12.413333333333332,0
19,0.3,-0.92,Single,1st phase,Nursing,Daytime,Secondary education,Portuguese,Specialized course,Secondary Education,Unskilled Workers,Armed Forces Professions,Female,No,No,Yes,No,No,No,0,15,16,15,13.924999999999969,0
19,3.7,-1.7,Single,1st phase,Journalism and Communication,Daytime,Secondary education,Portuguese,Secondary Education,Secondary Education,Administrative staff,Unskilled Workers,Male,Yes,No,Yes,No,Yes,No,0,12,13,12,13.743589743589745,0
27,2.8,-4.06,Single,Change in institution/course,Agronomy,Daytime,Secondary education,Other,Specialized course,Secondary Education,Unskilled Workers,"Personal Services, Security and Safety Workers, and Sellers",Male,Yes,No,No,No,No,No,0,12,18,0,0.0,1
30,3.7,-1.7,Single,Over 23 years old,Other,Daytime,Secondary education,Santomean,Specialized course,Secondary Education,Unskilled Workers,Administrative staff,Female,No,No,No,No,No,No,0,12,0,0,0.0,1
19,1.4,3.51,Single,1st phase,Design and Multimedia,Daytime,Secondary education,Portuguese,Secondary Education,Some High School,"Personal Services, Security and Safety Workers, and Sellers",Installation and Machine Operators and Assembly Workers,Male,Yes,No,Yes,No,No,No,0,12,14,12,11.948979591836743,0
18,-0.3,0.79,Single,Change in institution/course,Nursing,Daytime,Secondary education,Brazilian,Higher education,Basic education or less,Administrative staff,Armed Forces Professions,Male,No,No,Yes,No,No,No,0,15,17,14,12.466176470588223,0
19,2.6,0.32,Single,1st phase,Nursing,Daytime,Secondary education,Portuguese,Specialized course,Basic education or less,Administrative staff,Unskilled Workers,Female,Yes,No,Yes,No,Yes,No,0,14,14,12,12.9666666666667,0
18,3.7,-1.7,Single,1st phase,Journalism and Communication,Daytime,Secondary education,Portuguese,Specialized course,Basic education or less,Unskilled Workers,"Farmers and Skilled Workers in Agriculture, Fisheries, and Forestry",Male,Yes,No,Yes,No,No,No,0,12,12,12,13.75,0
19,0.6,2.02,Single,2nd phase,Nursing,Daytime,Secondary education,Angolan,Specialized course,Basic education or less,Unskilled Workers,Armed Forces Professions,Female,Yes,No,Yes,No,No,No,0,15,15,15,14.25533333333334,0
45,3.7,-1.7,Other,Over 23 years old,Tourism,Daytime,Secondary education,Santomean,Specialized course,Basic education or less,Unskilled Workers,Unskilled Workers,Female,No,No,Yes,Yes,No,No,6,18,20,5,7.30000000000002,1
26,2.8,-4.06,Single,Over 23 years old,Veterinary Nursing,Daytime,Secondary education,Santomean,Specialized course,Basic education or less,Unskilled Workers,"Farmers and Skilled Workers in Agriculture, Fisheries, and Forestry",Female,Yes,No,Yes,No,No,No,0,12,38,10,12.436403508771944,0
51,3.7,-1.7,Married,Over 23 years old,Management,Evening,Secondary education,Santomean,Specialized course,Basic education or less,Unskilled Workers,Unskilled Workers,Male,Yes,No,Yes,No,No,No,0,9,4,0,0.0,1
49,1.4,1.74,Married,Over 23 years old,Journalism and Communication,Daytime,Basic education 3rd cycle (9th/10th/11th year) or equivalent,Santomean,Specialized course,Basic education or less,Other,"Farmers and Skilled Workers in Agriculture, Fisheries, and Forestry",Male,No,No,Yes,Yes,Yes,No,0,12,15,12,13.163492063492088,0
22,2.6,0.32,Single,2nd phase,Management,Daytime,Secondary education,Angolan,Secondary Education,Basic education or less,"Personal Services, Security and Safety Workers, and Sellers",Unskilled Workers,Male,Yes,No,Yes,No,No,No,0,10,15,3,10.0,1
33,-0.8,-3.12,Married,Holders of other higher courses,Equiniculture,Daytime,Higher education,Italian,Higher education,Higher education,Other,Other,Female,No,No,Yes,No,No,No,2,10,19,4,11.710526315789474,1
20,-0.8,-3.12,Single,Other,Advertising and Marketing Management,Daytime,Secondary education,Other,Specialized course,Basic education or less,Unskilled Workers,Unskilled Workers,Female,No,No,Yes,No,No,Yes,0,10,12,9,11.549999999999999,0
18,1.4,1.74,Single,1st phase,Social Service,Daytime,Secondary education,Portuguese,Specialized course,Basic education or less,"Skilled Workers in Industry, Construction, and Craftsmen","Skilled Workers in Industry, Construction, and Craftsmen",Female,Yes,No,Yes,No,Yes,No,0,12,12,12,12.08333333333335,0
20,1.4,1.74,Single,1st phase,Other,Daytime,Secondary education,Portuguese,Specialized course,Basic education or less,Unskilled Workers,Unskilled Workers,Female,Yes,No,No,Yes,No,No,0,12,19,5,11.315789473684225,1
37,1.4,3.51,Married,Other,Management,Evening,Secondary education,Other,Specialized course,Basic education or less,Administrative staff,"Farmers and Skilled Workers in Agriculture, Fisheries, and Forestry",Female,No,No,Yes,No,No,Yes,10,20,22,17,12.5142857142857,0
18,2.6,0.32,Single,1st phase,Tourism,Daytime,Secondary education,Portuguese,Specialized course,Secondary Education,Unskilled Workers,Intermediate Level Technicians and Professions,Male,Yes,No,Yes,No,No,Yes,0,12,12,12,13.58333333333335,0
19,0.5,1.79,Single,1st phase,Tourism,Daytime,Secondary education,Portuguese,Secondary Education,Basic education or less,Unskilled Workers,Unskilled Workers,Female,Yes,No,Yes,No,No,No,0,12,12,12,12.33333333333335,0
21,0.5,1.79,Single,Specialized diploma,Veterinary Nursing,Daytime,Specialized course,Romanian,Secondary Education,Basic education or less,Intermediate Level Technicians and Professions,Intermediate Level Technicians and Professions,Female,Yes,No,Yes,No,No,No,3,12,22,10,12.863636363636363,0
20,-0.3,0.79,Single,1st phase,Nursing,Daytime,Secondary education,Portuguese,Specialized course,Secondary Education,Unskilled Workers,Other,Female,No,No,Yes,No,No,No,0,15,18,13,12.813095238095201,0
19,-0.3,0.79,Single,1st phase,Nursing,Daytime,Secondary education,Portuguese,Specialized course,Secondary Education,"Skilled Workers in Industry, Construction, and Craftsmen","Skilled Workers in Industry, Construction, and Craftsmen",Female,Yes,No,Yes,No,No,No,0,15,0,0,0.0,1
20,0.6,2.02,Single,2nd phase,Oral Hygiene,Daytime,Secondary education,Angolan,Specialized course,Basic education or less,"Skilled Workers in Industry, Construction, and Craftsmen","Skilled Workers in Industry, Construction, and Craftsmen",Female,Yes,No,Yes,No,No,No,0,14,24,8,12.457291666666668,1
18,-0.3,0.79,Single,2nd phase,Nursing,Daytime,Secondary education,Angolan,Higher education,Secondary Education,Specialists in Intellectual and Scientific Activities,"Personal Services, Security and Safety Workers, and Sellers",Female,Yes,No,Yes,No,No,No,0,15,15,15,14.346666666666687,0
19,3.7,-1.7,Single,1st phase,Nursing,Daytime,Secondary education,Portuguese,Secondary Education,Basic education or less,Unskilled Workers,"Skilled Workers in Industry, Construction, and Craftsmen",Female,Yes,No,Yes,No,No,No,0,16,16,14,13.4428571428571,0
18,2.8,-4.06,Single,1st phase,Social Service,Daytime,Secondary education,Portuguese,Specialized course,Basic education or less,Unskilled Workers,Intermediate Level Technicians and Professions,Female,No,No,Yes,No,No,No,0,12,25,9,10.919999999999984,0
18,2.8,-4.06,Single,2nd phase,Social Service,Daytime,Secondary education,Angolan,Specialized course,Basic education or less,"Skilled Workers in Industry, Construction, and Craftsmen","Skilled Workers in Industry, Construction, and Craftsmen",Female,Yes,No,Yes,No,Yes,No,0,12,13,12,11.846153846153838,0
18,3.7,-1.7,Single,1st phase,Journalism and Communication,Daytime,Secondary education,Portuguese,Secondary Education,Basic education or less,Administrative staff,"Personal Services, Security and Safety Workers, and Sellers",Female,Yes,No,Yes,No,No,No,0,6,8,2,8.75,1
18,0.3,-0.92,Single,1st phase,Oral Hygiene,Daytime,Secondary education,Portuguese,Secondary Education,Basic education or less,Administrative staff,"Personal Services, Security and Safety Workers, and Sellers",Female,Yes,No,Yes,No,Yes,No,0,15,16,15,13.13839285714285,0
19,0.6,2.02,Single,1st phase,Design and Multimedia,Daytime,Secondary education,Portuguese,Specialized course,Basic education or less,Unskilled Workers,Installation and Machine Operators and Assembly Workers,Female,Yes,No,Yes,No,Yes,Yes,0,12,12,12,13.83333333333335,0
24,1.4,3.51,Single,Specialized diploma,Agronomy,Daytime,Specialized course,Other,Secondary Education,Basic education or less,Unskilled Workers,"Skilled Workers in Industry, Construction, and Craftsmen",Female,No,No,Yes,Yes,Yes,No,12,23,26,23,12.7412587412587,0
21,-0.8,-3.12,Single,1st phase,Management,Daytime,Secondary education,Portuguese,Secondary Education,Basic education or less,"Personal Services, Security and Safety Workers, and Sellers","Skilled Workers in Industry, Construction, and Craftsmen",Female,Yes,No,Yes,No,Yes,No,0,10,13,9,11.965384615384616,0
20,0.3,-0.92,Single,Specialized diploma,Veterinary Nursing,Daytime,Specialized course,Romanian,Specialized course,Basic education or less,Administrative staff,Armed Forces Professions,Female,No,No,No,Yes,No,No,2,12,24,9,12.541666666666666,1
19,0.3,-0.92,Single,2nd phase,Nursing,Daytime,Secondary education,Angolan,Specialized course,Basic education or less,Intermediate Level Technicians and Professions,Unskilled Workers,Female,Yes,No,Yes,No,Yes,No,0,15,16,15,13.537500000000032,0
19,1.4,1.74,Single,2nd phase,Oral Hygiene,Daytime,Secondary education,Angolan,Specialized course,Basic education or less,Unskilled Workers,Installation and Machine Operators and Assembly Workers,Female,Yes,No,Yes,No,Yes,No,0,15,16,15,13.38660714285715,0
18,3.7,-1.7,Single,1st phase,Nursing,Daytime,Secondary education,Portuguese,Secondary Education,Secondary Education,Unskilled Workers,Unskilled Workers,Female,Yes,No,Yes,No,No,No,0,16,16,14,13.3285714285714,0
19,0.3,-0.92,Single,1st phase,Veterinary Nursing,Daytime,Secondary education,Portuguese,Specialized course,Basic education or less,Administrative staff,"Skilled Workers in Industry, Construction, and Craftsmen",Female,Yes,No,Yes,No,No,No,0,12,26,10,12.384615384615385,0
21,1.4,3.51,Single,2nd phase,Management,Daytime,Secondary education,Angolan,Specialized course,Basic education or less,Unskilled Workers,Unskilled Workers,Female,Yes,No,Yes,No,No,No,0,10,10,10,12.9,0
19,2.8,-4.06,Single,1st phase,Other,Daytime,Secondary education,Portuguese,Secondary Education,Basic education or less,Unskilled Workers,Installation and Machine Operators and Assembly Workers,Female,Yes,No,Yes,No,Yes,No,0,12,13,12,14.461538461538462,0
18,1.4,3.51,Single,1st phase,Tourism,Daytime,Secondary education,Portuguese,Specialized course,Secondary Education,"Skilled Workers in Industry, Construction, and Craftsmen",Armed Forces Professions,Female,Yes,No,Yes,No,Yes,No,0,12,13,12,13.076923076923077,0
17,2.8,-4.06,Single,2nd phase,Design and Multimedia,Daytime,Secondary education,Angolan,Higher education,Secondary Education,Administrative staff,Administrative staff,Female,Yes,Yes,Yes,No,Yes,No,0,12,12,12,12.75,0
23,-0.8,-3.12,Single,2nd phase,Management,Daytime,Secondary education,Angolan,Specialized course,Secondary Education,Unskilled Workers,"Skilled Workers in Industry, Construction, and Craftsmen",Male,Yes,No,No,No,No,No,0,10,18,6,11.16666666666665,1
19,1.4,3.51,Single,1st phase,Advertising and Marketing Management,Daytime,Secondary education,Portuguese,Secondary Education,Basic education or less,Other,Armed Forces Professions,Female,Yes,No,Yes,No,No,No,0,12,17,12,12.212418300653594,0
18,2.6,0.32,Single,1st phase,Nursing,Daytime,Secondary education,Portuguese,Specialized course,Higher education,Unskilled Workers,Administrative staff,Female,Yes,No,Yes,No,No,No,0,14,14,12,12.9166666666667,0
20,2.8,-4.06,Single,1st phase,Advertising and Marketing Management,Daytime,Secondary education,Portuguese,Specialized course,Basic education or less,"Personal Services, Security and Safety Workers, and Sellers",Unskilled Workers,Female,Yes,No,Yes,No,No,No,0,12,17,11,13.527731092436982,0
19,1.4,1.74,Single,1st phase,Veterinary Nursing,Daytime,Secondary education,Portuguese,Secondary Education,Basic education or less,Unskilled Workers,Unskilled Workers,Female,Yes,No,Yes,No,Yes,No,0,10,11,10,14.236363636363636,0
18,0.5,1.79,Single,1st phase,Social Service,Daytime,Secondary education,Portuguese,Specialized course,Basic education or less,Intermediate Level Technicians and Professions,Unskilled Workers,Female,Yes,No,Yes,No,Yes,No,0,12,12,12,13.83333333333335,0
19,-0.3,0.79,Single,2nd phase,Social Service,Daytime,Secondary education,Angolan,Specialized course,Basic education or less,Unskilled Workers,Administrative staff,Female,No,No,Yes,No,Yes,No,0,12,13,12,14.538461538461517,0
19,1.4,1.74,Single,1st phase,Social Service,Daytime,Secondary education,Portuguese,Specialized course,Secondary Education,Administrative staff,Armed Forces Professions,Female,Yes,No,Yes,No,No,No,0,12,14,12,11.952380952380958,0
18,-0.8,-3.12,Single,2nd phase,Nursing,Daytime,Secondary education,Angolan,Specialized course,Basic education or less,Administrative staff,Installation and Machine Operators and Assembly Workers,Female,Yes,No,Yes,No,No,No,0,16,18,16,14.377500000000001,0
18,-0.3,0.79,Single,2nd phase,Nursing,Daytime,Secondary education,Angolan,Higher education,Higher education,Intermediate Level Technicians and Professions,"Farmers and Skilled Workers in Agriculture, Fisheries, and Forestry",Female,Yes,No,Yes,No,No,No,0,15,17,14,12.787394957983171,0
19,2.6,0.32,Single,1st phase,Nursing,Daytime,Secondary education,Portuguese,Specialized course,Basic education or less,"Skilled Workers in Industry, Construction, and Craftsmen","Skilled Workers in Industry, Construction, and Craftsmen",Female,Yes,No,Yes,No,Yes,No,0,14,14,12,14.15,0
19,3.7,-1.7,Single,1st phase,Nursing,Daytime,Secondary education,Portuguese,Specialized course,Basic education or less,Unskilled Workers,Unskilled Workers,Female,No,No,Yes,No,Yes,No,0,16,24,14,12.471428571428598,0
19,2.6,0.32,Single,1st phase,Nursing,Daytime,Secondary education,Portuguese,Higher education,Higher education,Specialists in Intellectual and Scientific Activities,Other,Female,No,No,Yes,No,No,No,0,14,14,12,14.15,0
21,2.8,-4.06,Single,1st phase,Nursing,Daytime,Secondary education,Portuguese,Specialized course,Basic education or less,Unskilled Workers,Installation and Machine Operators and Assembly Workers,Female,Yes,No,Yes,No,No,No,0,15,19,15,14.061812865497062,0
18,-0.3,0.79,Single,1st phase,Journalism and Communication,Daytime,Secondary education,Portuguese,Higher education,Secondary Education,Specialists in Intellectual and Scientific Activities,Intermediate Level Technicians and Professions,Female,Yes,No,Yes,No,No,No,0,12,13,12,14.76923076923081,0
19,0.6,2.02,Single,1st phase,Journalism and Communication,Daytime,Secondary education,Portuguese,Specialized course,Basic education or less,Unskilled Workers,Unskilled Workers,Female,No,No,Yes,No,Yes,No,0,12,13,12,13.769230769230791,0
18,3.7,-1.7,Single,1st phase,Journalism and Communication,Daytime,Secondary education,Portuguese,Specialized course,Basic education or less,Other,Other,Female,No,No,No,No,No,No,0,8,8,0,0.0,1
30,1.4,1.74,Single,Holders of other higher courses,Social Service,Evening,Higher education,Italian,Secondary Education,Secondary Education,Administrative staff,Administrative staff,Female,No,No,Yes,No,No,No,0,12,0,0,0.0,1
18,-0.3,0.79,Single,2nd phase,Equiniculture,Daytime,Secondary education,Angolan,Higher education,Higher education,Intermediate Level Technicians and Professions,"Farmers and Skilled Workers in Agriculture, Fisheries, and Forestry",Female,Yes,No,Yes,No,No,No,0,12,16,11,15.08333333333335,1
20,2.6,0.32,Single,1st phase,Nursing,Daytime,Secondary education,Portuguese,Specialized course,Basic education or less,Administrative staff,Installation and Machine Operators and Assembly Workers,Female,Yes,No,Yes,No,Yes,No,0,14,14,12,12.6333333333333,0
25,-0.8,-3.12,Single,Over 23 years old,Advertising and Marketing Management,Daytime,Basic education 3rd cycle (9th/10th/11th year) or equivalent,Santomean,Secondary Education,Secondary Education,Administrative staff,"Skilled Workers in Industry, Construction, and Craftsmen",Female,No,No,No,Yes,No,No,0,10,10,10,11.9,1
18,2.6,0.32,Single,1st phase,Nursing,Daytime,Secondary education,Portuguese,Specialized course,Basic education or less,"Personal Services, Security and Safety Workers, and Sellers","Skilled Workers in Industry, Construction, and Craftsmen",Female,Yes,No,Yes,No,No,No,0,14,14,12,14.2333333333333,0
18,3.7,-1.7,Single,1st phase,Nursing,Daytime,Secondary education,Portuguese,Higher education,Higher education,Specialists in Intellectual and Scientific Activities,Other,Female,No,No,Yes,No,No,No,0,16,16,14,15.7,0
18,2.6,0.32,Single,1st phase,Nursing,Daytime,Secondary education,Portuguese,Specialized course,Basic education or less,Unskilled Workers,Unskilled Workers,Female,Yes,No,Yes,No,No,No,0,14,14,12,15.2,0
29,3.7,-1.7,Single,2nd phase,Other,Daytime,Secondary education,Angolan,Higher education,Higher education,Specialists in Intellectual and Scientific Activities,Other,Female,Yes,No,No,No,No,No,0,12,17,11,15.988235294117631,1
20,2.8,-4.06,Single,Change in institution/course,Equiniculture,Daytime,Secondary education,Brazilian,Higher education,Higher education,Specialists in Intellectual and Scientific Activities,Other,Female,No,No,Yes,No,No,No,17,29,53,26,12.695923180593011,0
26,-0.3,0.79,Single,Holders of other higher courses,Nursing,Daytime,Higher education,Italian,Higher education,Secondary Education,Administrative staff,Administrative staff,Female,No,No,Yes,No,No,No,0,15,0,0,0.0,1
21,0.5,1.79,Single,1st phase,Social Service,Daytime,Secondary education,Portuguese,Specialized course,Secondary Education,"Skilled Workers in Industry, Construction, and Craftsmen","Skilled Workers in Industry, Construction, and Craftsmen",Female,Yes,No,Yes,No,No,No,0,12,14,11,12.228571428571428,0
19,-0.8,-3.12,Single,3rd phase,Nursing,Daytime,Secondary education,Cape Verdean,Specialized course,Basic education or less,"Personal Services, Security and Safety Workers, and Sellers","Personal Services, Security and Safety Workers, and Sellers",Female,No,No,Yes,No,Yes,No,0,16,18,16,13.78125,0
19,0.3,-0.92,Single,2nd phase,Tourism,Daytime,Secondary education,Angolan,Specialized course,Basic education or less,"Personal Services, Security and Safety Workers, and Sellers","Personal Services, Security and Safety Workers, and Sellers",Female,Yes,No,Yes,Yes,No,No,0,12,18,11,11.944444444444478,1
20,0.3,-0.92,Single,3rd phase,Social Service,Evening,Secondary education,Cape Verdean,Secondary Education,Secondary Education,Administrative staff,Intermediate Level Technicians and Professions,Female,No,No,Yes,Yes,No,No,0,12,28,8,11.442857142857141,0
18,2.8,-4.06,Single,1st phase,Nursing,Daytime,Secondary education,Portuguese,Specialized course,Basic education or less,Unskilled Workers,Installation and Machine Operators and Assembly Workers,Female,Yes,No,Yes,No,Yes,No,0,15,16,15,13.773125,0
20,2.6,0.32,Single,1st phase,Journalism and Communication,Daytime,Secondary education,Portuguese,Some High School,Basic education or less,Intermediate Level Technicians and Professions,Other,Female,Yes,No,No,No,No,No,0,12,25,7,11.20000000000002,1
20,0.3,-0.92,Single,1st phase,Social Service,Daytime,Secondary education,Portuguese,Specialized course,Basic education or less,Unskilled Workers,Unskilled Workers,Female,No,Yes,Yes,No,Yes,No,0,12,16,12,12.992187499999988,0
18,-0.8,-3.12,Single,1st phase,Journalism and Communication,Daytime,Secondary education,Portuguese,Specialized course,Basic education or less,Unskilled Workers,Unskilled Workers,Female,Yes,No,Yes,No,No,No,0,12,15,11,13.25333333333332,0
22,-0.3,0.79,Single,Specialized diploma,Veterinary Nursing,Daytime,Specialized course,Romanian,Higher education,Higher education,Specialists in Intellectual and Scientific Activities,Other,Female,Yes,No,Yes,No,No,No,3,12,16,11,13.624999999999988,0
19,0.5,1.79,Single,2nd phase,Agronomy,Daytime,Secondary education,Angolan,Specialized course,Secondary Education,Unskilled Workers,Other,Female,Yes,No,Yes,No,Yes,No,0,12,15,12,14.644444444444426,0
18,3.7,-1.7,Single,1st phase,Oral Hygiene,Daytime,Secondary education,Portuguese,Specialized course,Basic education or less,Unskilled Workers,Unskilled Workers,Female,Yes,No,Yes,No,No,No,0,15,17,15,15.929411764705906,0
20,0.6,2.02,Single,1st phase,Social Service,Daytime,Secondary education,Portuguese,Specialized course,Basic education or less,Other,Other,Female,Yes,No,Yes,Yes,No,No,0,12,15,12,11.222222222222259,0
18,1.4,1.74,Single,2nd phase,Other,Daytime,Secondary education,Angolan,Specialized course,Basic education or less,"Personal Services, Security and Safety Workers, and Sellers","Personal Services, Security and Safety Workers, and Sellers",Female,Yes,No,Yes,No,No,No,0,12,18,9,11.125,1
21,1.4,3.51,Single,2nd phase,Advertising and Marketing Management,Daytime,Secondary education,Angolan,Secondary Education,Basic education or less,"Personal Services, Security and Safety Workers, and Sellers","Personal Services, Security and Safety Workers, and Sellers",Female,Yes,No,Yes,No,No,No,0,12,0,0,0.0,1
19,0.5,1.79,Single,1st phase,Social Service,Daytime,Secondary education,Portuguese,Secondary Education,Basic education or less,Administrative staff,Administrative staff,Female,No,No,Yes,No,No,No,0,12,14,12,12.142857142857151,0
18,-0.8,-3.12,Single,1st phase,Nursing,Daytime,Secondary education,Portuguese,Specialized course,Basic education or less,Unskilled Workers,Unskilled Workers,Female,Yes,No,Yes,No,No,No,0,16,16,16,12.82875,1
18,2.6,0.32,Single,1st phase,Journalism and Communication,Daytime,Secondary education,Portuguese,Some High School,Some High School,Other,Administrative staff,Female,Yes,No,Yes,No,No,Yes,0,12,14,11,13.657142857142873,0
21,2.8,-4.06,Single,2nd phase,Veterinary Nursing,Daytime,Secondary education,Angolan,Specialized course,Basic education or less,Administrative staff,Unskilled Workers,Female,Yes,No,No,Yes,Yes,No,0,12,24,2,8.666666666666666,1
19,-0.3,0.79,Single,1st phase,Management,Daytime,Secondary education,Portuguese,Secondary Education,Basic education or less,"Personal Services, Security and Safety Workers, and Sellers","Personal Services, Security and Safety Workers, and Sellers",Female,No,No,Yes,Yes,No,No,0,10,18,9,11.552777777777777,0
19,-0.8,-3.12,Single,1st phase,Management,Daytime,Secondary education,Portuguese,Specialized course,Basic education or less,Unskilled Workers,"Skilled Workers in Industry, Construction, and Craftsmen",Female,Yes,No,Yes,No,Yes,No,0,10,13,10,12.061538461538463,0
19,0.3,-0.92,Single,2nd phase,Social Service,Daytime,Secondary education,Angolan,Secondary Education,Basic education or less,Administrative staff,Armed Forces Professions,Female,Yes,No,Yes,No,No,No,0,12,17,5,6.638655462184882,1
19,1.4,1.74,Single,Change in institution/course,Tourism,Daytime,Secondary education,Brazilian,Specialized course,Basic education or less,Unskilled Workers,Unskilled Workers,Female,No,No,Yes,No,Yes,No,0,12,11,1,10.0,1
20,0.3,-0.92,Single,2nd phase,Nursing,Daytime,Secondary education,Angolan,Specialized course,Secondary Education,"Personal Services, Security and Safety Workers, and Sellers","Skilled Workers in Industry, Construction, and Craftsmen",Female,Yes,No,Yes,No,Yes,No,0,15,18,14,13.75555555555555,1
18,-0.8,-3.12,Single,1st phase,Nursing,Daytime,Secondary education,Portuguese,Some High School,Specialized course,Other,Other,Female,Yes,No,No,No,No,No,0,16,18,12,12.7583333333333,1
18,1.4,1.74,Single,1st phase,Design and Multimedia,Daytime,Secondary education,Portuguese,Specialized course,Secondary Education,"Personal Services, Security and Safety Workers, and Sellers","Skilled Workers in Industry, Construction, and Craftsmen",Female,Yes,No,Yes,No,No,No,0,12,14,12,13.000000000000014,0
19,0.3,-0.92,Single,1st phase,Social Service,Daytime,Secondary education,Portuguese,Secondary Education,Basic education or less,"Personal Services, Security and Safety Workers, and Sellers","Skilled Workers in Industry, Construction, and Craftsmen",Female,No,No,Yes,No,Yes,No,0,12,16,12,12.125,0
20,2.6,0.32,Single,1st phase,Management,Daytime,Secondary education,Portuguese,Specialized course,Basic education or less,Administrative staff,"Personal Services, Security and Safety Workers, and Sellers",Female,Yes,No,Yes,No,No,No,0,10,16,8,11.76666666666665,0
19,0.3,-0.92,Single,2nd phase,Nursing,Daytime,Secondary education,Angolan,Secondary Education,Secondary Education,Administrative staff,"Personal Services, Security and Safety Workers, and Sellers",Female,Yes,No,Yes,No,Yes,No,0,15,21,15,13.245918367346958,0
18,3.7,-1.7,Single,1st phase,Nursing,Daytime,Secondary education,Portuguese,Specialized course,Basic education or less,Other,Other,Female,Yes,No,Yes,No,No,No,0,16,16,14,13.6142857142857,0
25,2.8,-4.06,Single,Over 23 years old,Tourism,Daytime,Secondary education,Santomean,Specialized course,Secondary Education,Administrative staff,Other,Female,No,No,Yes,Yes,No,No,0,12,12,0,0.0,1
18,2.6,0.32,Single,2nd phase,Design and Multimedia,Daytime,Secondary education,Angolan,Specialized course,Basic education or less,Unskilled Workers,Unskilled Workers,Female,Yes,No,No,No,No,No,0,12,15,10,11.76666666666668,0
19,1.4,3.51,Single,1st phase,Journalism and Communication,Daytime,Secondary education,Portuguese,Specialized course,Basic education or less,Unskilled Workers,Unskilled Workers,Female,Yes,No,Yes,No,No,No,0,12,14,12,12.416666666666648,0
19,2.8,-4.06,Single,2nd phase,Oral Hygiene,Daytime,Secondary education,Angolan,Specialized course,Basic education or less,Administrative staff,Installation and Machine Operators and Assembly Workers,Female,Yes,No,Yes,No,Yes,No,0,15,15,15,13.28666666666668,0
20,-0.8,-3.12,Single,1st phase,Management,Daytime,Secondary education,Portuguese,Specialized course,Basic education or less,"Personal Services, Security and Safety Workers, and Sellers",Installation and Machine Operators and Assembly Workers,Female,No,No,No,Yes,Yes,No,0,10,25,4,12.22,1
20,1.4,1.74,Single,2nd phase,Veterinary Nursing,Daytime,Secondary education,Angolan,Specialized course,Basic education or less,Administrative staff,Unskilled Workers,Female,Yes,No,Yes,No,No,No,0,10,24,7,12.392857142857151,0
21,0.6,2.02,Single,2nd phase,Social Service,Daytime,Secondary education,Angolan,Secondary Education,Secondary Education,Unskilled Workers,Unskilled Workers,Female,Yes,No,Yes,No,No,No,0,12,15,12,12.688888888888915,0
42,1.4,1.74,Married,Over 23 years old,Social Service,Evening,Other,Santomean,Specialized course,Basic education or less,"Skilled Workers in Industry, Construction, and Craftsmen",Unskilled Workers,Female,No,No,Yes,No,No,No,0,12,12,12,12.6666666666667,0
19,2.8,-4.06,Single,1st phase,Design and Multimedia,Daytime,Secondary education,Portuguese,Specialized course,Basic education or less,Unskilled Workers,"Farmers and Skilled Workers in Agriculture, Fisheries, and Forestry",Female,No,No,Yes,No,Yes,No,0,12,13,11,13.138461538461522,0
18,1.4,3.51,Single,1st phase,Tourism,Daytime,Secondary education,Portuguese,Specialized course,Basic education or less,Unskilled Workers,"Personal Services, Security and Safety Workers, and Sellers",Female,Yes,No,Yes,No,No,No,0,12,22,10,12.25,0
21,1.4,1.74,Single,Other,Veterinary Nursing,Daytime,Secondary education,Other,Specialized course,Basic education or less,Administrative staff,"Personal Services, Security and Safety Workers, and Sellers",Female,Yes,No,Yes,No,No,No,0,10,11,10,14.47272727272727,0
20,0.3,-0.92,Single,1st phase,Social Service,Daytime,Secondary education,Portuguese,Specialized course,Basic education or less,"Personal Services, Security and Safety Workers, and Sellers","Personal Services, Security and Safety Workers, and Sellers",Female,No,No,Yes,No,Yes,No,0,12,15,12,13.199999999999987,0
20,0.6,2.02,Single,1st phase,Other,Daytime,Secondary education,Portuguese,Secondary Education,Basic education or less,Intermediate Level Technicians and Professions,Intermediate Level Technicians and Professions,Female,Yes,No,Yes,No,No,No,0,14,14,14,13.5714285714286,0
19,2.8,-4.06,Single,1st phase,Nursing,Daytime,Secondary education,Portuguese,Specialized course,Basic education or less,"Skilled Workers in Industry, Construction, and Craftsmen","Skilled Workers in Industry, Construction, and Craftsmen",Female,Yes,No,Yes,No,No,No,0,15,18,15,13.70444444444445,0
21,2.6,0.32,Single,Change in institution/course,Social Service,Daytime,Secondary education,Other,Secondary Education,Basic education or less,Administrative staff,Unskilled Workers,Female,No,No,Yes,No,No,No,16,24,34,20,13.16844919786098,0
19,1.4,3.51,Single,1st phase,Design and Multimedia,Daytime,Secondary education,Portuguese,Specialized course,Basic education or less,Other,Other,Female,Yes,Yes,Yes,No,No,No,0,12,13,12,14.923076923076914,0
19,2.8,-4.06,Single,1st phase,Nursing,Daytime,Secondary education,Portuguese,Specialized course,Basic education or less,Unskilled Workers,Unskilled Workers,Female,No,No,Yes,No,Yes,No,0,15,20,15,15.103500000000002,0
22,0.3,-0.92,Single,Specialized diploma,Veterinary Nursing,Daytime,Specialized course,Romanian,Specialized course,Basic education or less,Unskilled Workers,Armed Forces Professions,Female,Yes,No,Yes,No,No,No,2,12,20,12,14.349999999999985,0
21,-0.8,-3.12,Single,1st phase,Other,Daytime,Secondary education,Portuguese,Higher education,Secondary Education,Intermediate Level Technicians and Professions,"Personal Services, Security and Safety Workers, and Sellers",Female,No,No,Yes,No,No,No,0,12,17,10,13.799999999999983,0
18,2.6,0.32,Single,2nd phase,Tourism,Daytime,Secondary education,Angolan,Specialized course,Basic education or less,"Personal Services, Security and Safety Workers, and Sellers",Installation and Machine Operators and Assembly Workers,Female,Yes,No,Yes,No,Yes,No,0,12,28,5,10.666666666666648,1
20,1.4,1.74,Single,1st phase,Nursing,Daytime,Secondary education,Portuguese,Secondary Education,Higher education,Other,Other,Female,No,No,Yes,No,Yes,No,0,16,16,14,14.5657142857143,0
18,2.6,0.32,Single,2nd phase,Advertising and Marketing Management,Daytime,Secondary education,Angolan,Some High School,Basic education or less,Other,Other,Female,Yes,No,No,Yes,No,No,0,10,14,7,11.464285714285714,1
20,1.4,3.51,Single,2nd phase,Social Service,Daytime,Secondary education,Angolan,Specialized course,Basic education or less,"Skilled Workers in Industry, Construction, and Craftsmen",Unskilled Workers,Female,No,No,Yes,No,No,No,0,11,11,0,0.0,1
23,0.5,1.79,Single,2nd phase,Nursing,Daytime,Secondary education,Angolan,Secondary Education,Secondary Education,Intermediate Level Technicians and Professions,Intermediate Level Technicians and Professions,Female,Yes,No,Yes,No,No,No,0,15,18,13,13.78342592592594,0
18,3.7,-1.7,Single,1st phase,Journalism and Communication,Daytime,Secondary education,Portuguese,Secondary Education,Secondary Education,Intermediate Level Technicians and Professions,Intermediate Level Technicians and Professions,Female,Yes,No,Yes,No,No,No,0,12,12,12,15.0833333333333,0
20,0.5,1.79,Single,Specialized diploma,Social Service,Daytime,Specialized course,Romanian,Secondary Education,Secondary Education,Unskilled Workers,Intermediate Level Technicians and Professions,Female,Yes,No,Yes,No,No,No,5,12,12,12,13.3333333333333,0
18,1.4,1.74,Single,2nd phase,Nursing,Daytime,Secondary education,Angolan,Specialized course,Basic education or less,"Personal Services, Security and Safety Workers, and Sellers",Unskilled Workers,Female,Yes,No,Yes,No,Yes,No,0,16,16,14,14.9628571428571,0
20,0.6,2.02,Single,1st phase,Management,Daytime,Secondary education,Portuguese,Specialized course,Basic education or less,Unskilled Workers,Unskilled Workers,Female,Yes,No,Yes,No,No,No,0,10,16,9,11.6,0
18,0.3,-0.92,Single,3rd phase,Nursing,Daytime,Secondary education,Cape Verdean,Secondary Education,Higher education,Intermediate Level Technicians and Professions,Other,Female,Yes,No,Yes,No,No,No,0,15,17,15,12.611764705882353,0
20,0.3,-0.92,Single,2nd phase,Advertising and Marketing Management,Daytime,Secondary education,Angolan,Higher education,Higher education,Specialists in Intellectual and Scientific Activities,Other,Female,Yes,No,Yes,No,No,No,0,12,13,12,16.30769230769234,0
19,3.7,-1.7,Single,1st phase,Nursing,Daytime,Secondary education,Portuguese,Secondary Education,Secondary Education,"Personal Services, Security and Safety Workers, and Sellers",Installation and Machine Operators and Assembly Workers,Female,Yes,No,Yes,No,No,No,0,16,16,14,13.7142857142857,0
21,-0.3,0.79,Single,Specialized diploma,Veterinary Nursing,Daytime,Specialized course,Romanian,Secondary Education,Basic education or less,Administrative staff,Administrative staff,Female,No,No,Yes,No,No,No,2,12,18,12,12.6547619047619,0
33,0.6,2.02,Married,Holders of other higher courses,Design and Multimedia,Daytime,Higher education,Italian,Specialized course,Secondary Education,Unskilled Workers,"Skilled Workers in Industry, Construction, and Craftsmen",Female,No,No,Yes,No,No,No,0,12,15,9,12.866666666666667,0
24,2.6,0.32,Single,1st phase,Veterinary Nursing,Daytime,Secondary education,Portuguese,Some High School,Higher education,Administrative staff,Other,Female,No,No,No,Yes,No,No,0,10,11,1,7.090909090909091,1
20,-0.3,0.79,Single,Change in institution/course,Social Service,Daytime,Secondary education,Brazilian,Secondary Education,Basic education or less,Administrative staff,Intermediate Level Technicians and Professions,Female,No,No,Yes,No,Yes,No,14,22,26,22,12.403846153846153,0
18,2.8,-4.06,Single,1st phase,Design and Multimedia,Daytime,Secondary education,Portuguese,Secondary Education,Secondary Education,"Skilled Workers in Industry, Construction, and Craftsmen",Intermediate Level Technicians and Professions,Female,Yes,No,Yes,No,No,No,0,12,12,12,14.6666666666667,0
29,2.6,0.32,Single,Change in institution/course,Social Service,Evening,Other,Brazilian,Some High School,Unknown,Other,Other,Female,No,No,Yes,Yes,No,No,2,12,22,6,11.113636363636363,1
18,0.3,-0.92,Single,2nd phase,Nursing,Daytime,Secondary education,Angolan,Secondary Education,Secondary Education,"Personal Services, Security and Safety Workers, and Sellers","Personal Services, Security and Safety Workers, and Sellers",Female,No,Yes,Yes,No,No,No,0,15,18,15,14.333333333333334,0
19,-0.8,-3.12,Single,1st phase,Journalism and Communication,Daytime,Secondary education,Portuguese,Specialized course,Basic education or less,"Personal Services, Security and Safety Workers, and Sellers","Personal Services, Security and Safety Workers, and Sellers",Female,Yes,No,Yes,No,No,No,0,12,15,12,12.688888888888899,0
18,0.5,1.79,Single,2nd phase,Social Service,Daytime,Secondary education,Angolan,Specialized course,Basic education or less,"Personal Services, Security and Safety Workers, and Sellers",Administrative staff,Female,No,No,Yes,No,Yes,No,0,12,17,11,10.641176470588235,0
19,0.3,-0.92,Single,Change in institution/course,Nursing,Daytime,Secondary education,Brazilian,Specialized course,Basic education or less,"Skilled Workers in Industry, Construction, and Craftsmen","Skilled Workers in Industry, Construction, and Craftsmen",Female,No,No,Yes,No,Yes,No,0,15,20,14,13.59750000000002,0
20,1.4,1.74,Single,Change in institution/course,Other,Daytime,Secondary education,Other,Specialized course,Basic education or less,Unskilled Workers,Intermediate Level Technicians and Professions,Female,No,No,Yes,No,No,No,11,26,40,22,12.48961538461541,1
19,-0.8,-3.12,Single,2nd phase,Tourism,Daytime,Secondary education,Angolan,Specialized course,Basic education or less,"Skilled Workers in Industry, Construction, and Craftsmen","Personal Services, Security and Safety Workers, and Sellers",Female,Yes,No,Yes,No,Yes,No,0,12,19,7,12.289473684210511,0
18,-0.8,-3.12,Single,1st phase,Nursing,Daytime,Secondary education,Portuguese,Specialized course,Basic education or less,"Personal Services, Security and Safety Workers, and Sellers","Skilled Workers in Industry, Construction, and Craftsmen",Female,Yes,No,Yes,No,Yes,No,0,16,16,16,13.40375,0
19,-0.8,-3.12,Single,2nd phase,Tourism,Daytime,Secondary education,Angolan,Higher education,Secondary Education,Specialists in Intellectual and Scientific Activities,Intermediate Level Technicians and Professions,Female,No,No,Yes,No,Yes,No,0,12,24,9,11.833333333333323,0
20,3.7,-1.7,Single,2nd phase,Journalism and Communication,Daytime,Secondary education,Angolan,Secondary Education,Secondary Education,"Personal Services, Security and Safety Workers, and Sellers","Personal Services, Security and Safety Workers, and Sellers",Male,No,No,Yes,Yes,No,No,0,12,13,11,12.261538461538446,1
18,0.3,-0.92,Single,1st phase,Nursing,Daytime,Secondary education,Portuguese,Higher education,Basic education or less,Specialists in Intellectual and Scientific Activities,Intermediate Level Technicians and Professions,Male,Yes,No,Yes,No,No,No,0,15,0,0,0.0,1
35,1.4,3.51,Single,Over 23 years old,Agronomy,Daytime,Secondary education,Santomean,Higher education,Secondary Education,Specialists in Intellectual and Scientific Activities,Administrative staff,Male,No,No,No,Yes,No,No,0,12,18,9,16.07407407407409,1
19,3.7,-1.7,Single,1st phase,Management,Daytime,Secondary education,Portuguese,Specialized course,Basic education or less,Unskilled Workers,Unskilled Workers,Male,Yes,No,Yes,No,No,No,0,10,15,5,10.533333333333333,1
24,0.6,2.02,Single,Over 23 years old,Oral Hygiene,Daytime,Secondary education,Santomean,Secondary Education,Secondary Education,Unskilled Workers,Armed Forces Professions,Male,No,No,Yes,No,No,No,0,14,31,0,0.0,1
29,0.5,1.79,Single,Over 23 years old,Social Service,Evening,Secondary education,Santomean,Specialized course,Basic education or less,Unskilled Workers,"Skilled Workers in Industry, Construction, and Craftsmen",Male,Yes,No,No,Yes,No,No,0,12,18,4,7.638888888888889,1
24,2.8,-4.06,Single,Over 23 years old,Nursing,Daytime,Secondary education,Santomean,Specialized course,Higher education,Unskilled Workers,Other,Male,No,No,Yes,No,No,No,0,15,33,9,12.1648148148148,0
19,2.8,-4.06,Single,2nd phase,Tourism,Daytime,Secondary education,Angolan,Specialized course,Basic education or less,Other,"Farmers and Skilled Workers in Agriculture, Fisheries, and Forestry",Male,Yes,No,Yes,No,No,No,0,12,19,9,11.952631578947368,0
18,0.3,-0.92,Single,1st phase,Design and Multimedia,Daytime,Secondary education,Other,Secondary Education,Secondary Education,Administrative staff,Armed Forces Professions,Male,Yes,No,Yes,No,No,No,0,12,13,10,12.553846153846154,0
18,0.6,2.02,Single,1st phase,Management,Daytime,Secondary education,Portuguese,Unknown,Specialized course,Intermediate Level Technicians and Professions,Intermediate Level Technicians and Professions,Male,Yes,No,No,No,No,No,0,10,0,0,0.0,1
18,0.6,2.02,Single,1st phase,Journalism and Communication,Daytime,Secondary education,Portuguese,Secondary Education,Basic education or less,Unskilled Workers,"Personal Services, Security and Safety Workers, and Sellers",Male,Yes,No,No,Yes,No,No,0,12,6,0,0.0,1
18,3.7,-1.7,Single,1st phase,Nursing,Daytime,Secondary education,Portuguese,Secondary Education,Secondary Education,Administrative staff,Administrative staff,Male,Yes,No,Yes,No,No,No,0,16,16,14,13.1,0
19,-0.8,-3.12,Single,1st phase,Design and Multimedia,Daytime,Secondary education,Portuguese,Specialized course,Basic education or less,Unskilled Workers,Unskilled Workers,Male,Yes,No,Yes,No,No,No,0,12,12,12,13.33333333333335,0
19,0.3,-0.92,Single,1st phase,Social Service,Daytime,Secondary education,Portuguese,Specialized course,Basic education or less,Unskilled Workers,Unskilled Workers,Male,No,No,Yes,No,No,No,0,12,20,8,12.2857142857143,1
21,0.5,1.79,Single,Specialized diploma,Agronomy,Daytime,Specialized course,Romanian,Specialized course,Basic education or less,Unskilled Workers,"Skilled Workers in Industry, Construction, and Craftsmen",Male,Yes,No,Yes,Yes,No,No,0,12,13,12,15.230769230769253,0
18,1.4,3.51,Single,3rd phase,Oral Hygiene,Daytime,Secondary education,Cape Verdean,Higher education,Higher education,Specialists in Intellectual and Scientific Activities,Other,Male,No,No,Yes,No,No,No,0,14,21,10,13.512698412698395,0
19,1.4,1.74,Single,1st phase,Management,Daytime,Secondary education,Other,Specialized course,Basic education or less,Administrative staff,Unskilled Workers,Male,Yes,No,Yes,No,No,No,0,10,17,8,11.282352941176471,1
25,0.6,2.02,Single,Holders of other higher courses,Journalism and Communication,Daytime,Higher education,Italian,Specialized course,Secondary Education,Administrative staff,Installation and Machine Operators and Assembly Workers,Male,No,No,Yes,No,No,No,0,12,12,12,14.08333333333335,0
22,3.7,-1.7,Single,1st phase,Design and Multimedia,Daytime,Secondary education,Portuguese,Specialized course,Secondary Education,Unskilled Workers,Installation and Machine Operators and Assembly Workers,Male,Yes,No,Yes,No,No,No,0,12,21,12,14.6666666666667,0
24,3.7,-1.7,Single,Over 23 years old,Nursing,Daytime,Secondary education,Santomean,Secondary Education,Secondary Education,Administrative staff,Unskilled Workers,Male,No,No,Yes,No,No,No,0,16,16,14,12.7428571428571,0
19,-0.3,0.79,Single,1st phase,Nursing,Daytime,Secondary education,Portuguese,Secondary Education,Higher education,"Personal Services, Security and Safety Workers, and Sellers",Armed Forces Professions,Male,Yes,No,Yes,No,No,No,0,15,18,14,12.5517857142857,0
19,1.4,1.74,Single,1st phase,Nursing,Daytime,Secondary education,Portuguese,Specialized course,Basic education or less,Unskilled Workers,"Skilled Workers in Industry, Construction, and Craftsmen",Male,Yes,No,Yes,No,Yes,No,0,16,16,14,14.9357142857143,0
19,2.6,0.32,Single,Change in institution/course,Tourism,Daytime,Secondary education,Brazilian,Specialized course,Basic education or less,Unskilled Workers,Unskilled Workers,Male,Yes,No,Yes,No,No,No,1,12,31,6,10.258064516129032,1
19,0.5,1.79,Single,1st phase,Advertising and Marketing Management,Daytime,Secondary education,Portuguese,Higher education,Higher education,Intermediate Level Technicians and Professions,Intermediate Level Technicians and Professions,Male,Yes,No,Yes,No,No,No,0,12,15,10,13.199999999999982,0
23,2.8,-4.06,Single,Change in institution/course,Agronomy,Daytime,Secondary education,Brazilian,Specialized course,Basic education or less,Unskilled Workers,"Farmers and Skilled Workers in Agriculture, Fisheries, and Forestry",Male,No,No,Yes,Yes,No,No,0,12,14,0,0.0,1
47,3.7,-1.7,Married,Over 23 years old,Journalism and Communication,Daytime,Secondary education,Santomean,Specialized course,Basic education or less,Unskilled Workers,Intermediate Level Technicians and Professions,Male,No,No,Yes,No,No,No,0,12,25,9,13.904000000000002,1
19,0.3,-0.92,Single,1st phase,Design and Multimedia,Daytime,Secondary education,Portuguese,Secondary Education,Secondary Education,Intermediate Level Technicians and Professions,Unskilled Workers,Male,No,No,Yes,No,No,No,0,12,14,10,11.2142857142857,0
28,2.8,-4.06,Single,Change in institution/course,Management,Daytime,Secondary education,Brazilian,Secondary Education,Higher education,Other,Other,Male,No,No,Yes,No,No,No,0,10,18,2,5.0,1
20,2.6,0.32,Single,Change in institution/course,Tourism,Daytime,Other,Brazilian,Some High School,Unknown,Other,Other,Male,Yes,No,Yes,No,No,No,0,12,21,7,11.587301587301605,1
24,0.3,-0.92,Single,Over 23 years old,Tourism,Daytime,Basic education 3rd cycle (9th/10th/11th year) or equivalent,Santomean,Specialized course,Basic education or less,Administrative staff,"Personal Services, Security and Safety Workers, and Sellers",Male,No,No,No,Yes,No,No,0,12,14,0,0.0,1
28,-0.3,0.79,Single,Over 23 years old,Tourism,Daytime,Secondary education,Santomean,Higher education,Secondary Education,Intermediate Level Technicians and Professions,Administrative staff,Male,No,No,Yes,No,No,No,0,12,18,11,12.644444444444444,0
18,0.6,2.02,Single,2nd phase,Nursing,Daytime,Secondary education,Angolan,Specialized course,Basic education or less,"Personal Services, Security and Safety Workers, and Sellers","Skilled Workers in Industry, Construction, and Craftsmen",Male,Yes,No,Yes,No,Yes,No,0,15,15,15,13.699333333333312,0
48,2.6,0.32,Single,Over 23 years old,Tourism,Daytime,Basic education 3rd cycle (9th/10th/11th year) or equivalent,Santomean,Specialized course,Basic education or less,Other,Other,Male,No,No,Yes,No,No,No,0,12,28,4,10.0,1
21,1.4,3.51,Single,2nd phase,Social Service,Daytime,Secondary education,Angolan,Specialized course,Basic education or less,Unskilled Workers,Installation and Machine Operators and Assembly Workers,Male,Yes,No,Yes,No,No,No,0,12,13,12,13.051282051282053,0
23,-0.3,0.79,Single,Specialized diploma,Informatics Engineering,Daytime,Secondary education,Romanian,Specialized course,Some High School,Unskilled Workers,Installation and Machine Operators and Assembly Workers,Male,Yes,No,No,Yes,No,No,0,10,13,0,0.0,1
18,1.4,1.74,Single,1st phase,Equiniculture,Daytime,Secondary education,Portuguese,Secondary Education,Secondary Education,Administrative staff,Armed Forces Professions,Male,Yes,No,Yes,No,No,No,0,10,11,9,13.409090909090908,0
22,-0.3,0.79,Single,Specialized diploma,Social Service,Daytime,Specialized course,Romanian,Secondary Education,Secondary Education,Administrative staff,Intermediate Level Technicians and Professions,Male,No,No,Yes,No,No,No,5,12,13,8,13.102564102564084,1
25,0.5,1.79,Single,1st phase,Design and Multimedia,Daytime,Secondary education,Other,Specialized course,Basic education or less,Unskilled Workers,"Skilled Workers in Industry, Construction, and Craftsmen",Male,Yes,No,Yes,No,No,No,14,24,29,17,11.811128526645792,1
27,0.6,2.02,Single,Holders of other higher courses,Veterinary Nursing,Daytime,Higher education,Italian,Higher education,Higher education,Specialists in Intellectual and Scientific Activities,Other,Male,No,No,Yes,Yes,No,No,13,24,25,13,13.932,1
49,1.4,1.74,Single,Over 23 years old,Informatics Engineering,Daytime,Other,Santomean,Some High School,Unknown,Other,Other,Male,No,No,No,No,No,No,0,10,11,0,0.0,1
31,3.7,-1.7,Single,Over 23 years old,Management,Evening,Secondary education,Santomean,Specialized course,Basic education or less,"Personal Services, Security and Safety Workers, and Sellers","Personal Services, Security and Safety Workers, and Sellers",Male,No,No,No,No,No,No,0,10,5,2,11.0,1
54,0.3,-0.92,Single,Over 23 years old,Tourism,Daytime,Secondary education,Santomean,Specialized course,Basic education or less,Unskilled Workers,"Farmers and Skilled Workers in Agriculture, Fisheries, and Forestry",Male,No,No,Yes,No,No,No,0,12,22,11,14.080086580086554,1
25,0.6,2.02,Single,Holders of other higher courses,Other,Daytime,Higher education,Italian,Specialized course,Basic education or less,"Personal Services, Security and Safety Workers, and Sellers","Farmers and Skilled Workers in Agriculture, Fisheries, and Forestry",Male,Yes,No,No,Yes,No,No,30,37,47,33,12.312862669245668,1
28,3.7,-1.7,Single,Holders of other higher courses,Design and Multimedia,Daytime,Higher education,Italian,Higher education,Higher education,Specialists in Intellectual and Scientific Activities,Other,Male,No,No,Yes,No,No,No,0,12,19,5,12.350877192982473,1
41,3.7,-1.7,Married,Over 23 years old,Social Service,Evening,Basic education 3rd cycle (9th/10th/11th year) or equivalent,Santomean,Specialized course,Basic education or less,Unskilled Workers,"Farmers and Skilled Workers in Agriculture, Fisheries, and Forestry",Male,No,No,Yes,No,No,No,1,13,13,13,13.000000000000039,0
22,2.8,-4.06,Single,Change in institution/course,Management,Daytime,Secondary education,Brazilian,Secondary Education,Secondary Education,Administrative staff,Administrative staff,Male,No,No,Yes,No,No,No,0,10,14,2,6.571428571428571,1
34,2.8,-4.06,Single,1st phase,Tourism,Daytime,Secondary education,Portuguese,Higher education,Secondary Education,Specialists in Intellectual and Scientific Activities,Intermediate Level Technicians and Professions,Male,No,No,Yes,No,No,No,0,12,19,2,9.236842105263158,1
28,0.6,2.02,Single,Over 23 years old,Agronomy,Daytime,Secondary education,Santomean,Specialized course,Basic education or less,Unskilled Workers,Unskilled Workers,Male,No,No,No,Yes,No,No,10,21,25,21,15.050909090909096,1
50,2.8,-4.06,Single,Holders of other higher courses,Agronomy,Daytime,Higher education,Italian,Unknown,Specialized course,Unskilled Workers,Administrative staff,Male,No,No,Yes,No,No,No,3,12,17,3,13.235294117647058,1
19,0.5,1.79,Single,1st phase,Management,Daytime,Secondary education,Portuguese,Higher education,Secondary Education,Intermediate Level Technicians and Professions,Administrative staff,Male,Yes,No,Yes,No,No,No,0,10,10,0,0.0,1
18,0.3,-0.92,Single,Change in institution/course,Nursing,Daytime,Secondary education,Brazilian,Higher education,Higher education,Specialists in Intellectual and Scientific Activities,Administrative staff,Male,No,No,Yes,No,No,No,0,14,22,7,11.748484848484866,1
59,0.3,-0.92,Married,Over 23 years old,Management,Evening,Secondary education,Santomean,Specialized course,Basic education or less,Other,Other,Male,No,No,Yes,No,No,No,0,10,14,0,0.0,1
33,2.6,0.32,Married,Holders of other higher courses,Management,Evening,Higher education,Italian,Some High School,Unknown,Other,Other,Male,Yes,No,No,No,No,No,0,10,10,0,0.0,1
23,-0.8,-3.12,Single,2nd phase,Design and Multimedia,Daytime,Secondary education,Angolan,Specialized course,Basic education or less,Unskilled Workers,Armed Forces Professions,Male,Yes,No,Yes,No,Yes,No,0,12,15,11,13.084444444444427,0
44,-0.3,0.79,Married,Over 23 years old,Management,Evening,Basic education 3rd cycle (9th/10th/11th year) or equivalent,Santomean,Specialized course,Secondary Education,"Personal Services, Security and Safety Workers, and Sellers","Personal Services, Security and Safety Workers, and Sellers",Male,No,No,Yes,No,No,No,0,10,17,8,11.243697478991558,1
37,-0.8,-3.12,Married,1st phase,Social Service,Evening,Secondary education,Portuguese,Some High School,Unknown,Other,Other,Male,Yes,No,Yes,No,No,No,0,12,0,0,0.0,1
22,2.6,0.32,Single,1st phase,Management,Evening,Secondary education,Portuguese,Secondary Education,Higher education,Administrative staff,Other,Male,No,No,No,No,No,No,0,10,15,5,11.04444444444446,1
49,0.5,1.79,Married,Over 23 years old,Social Service,Evening,Basic education 3rd cycle (9th/10th/11th year) or equivalent,Santomean,Specialized course,Basic education or less,Other,"Farmers and Skilled Workers in Agriculture, Fisheries, and Forestry",Male,No,No,Yes,No,No,No,0,12,16,12,13.297619047619051,0
23,0.6,2.02,Single,Change in institution/course,Journalism and Communication,Daytime,Secondary education,Other,Secondary Education,Specialized course,"Personal Services, Security and Safety Workers, and Sellers",Intermediate Level Technicians and Professions,Male,Yes,No,Yes,No,No,No,0,12,13,10,13.064102564102544,0
47,0.3,-0.92,Married,Change in institution/course,Social Service,Evening,Secondary education,Brazilian,Specialized course,Basic education or less,"Personal Services, Security and Safety Workers, and Sellers","Personal Services, Security and Safety Workers, and Sellers",Male,No,No,Yes,No,No,No,0,12,15,6,7.28571428571426,1
28,2.8,-4.06,Single,Change in institution/course,Agronomy,Daytime,Secondary education,Brazilian,Secondary Education,Higher education,Administrative staff,Other,Male,No,No,Yes,No,No,No,15,30,51,29,12.837902581847242,0
21,1.4,3.51,Single,1st phase,Tourism,Daytime,Secondary education,Portuguese,Specialized course,Secondary Education,Unskilled Workers,Unskilled Workers,Male,No,No,No,Yes,No,No,0,12,17,10,10.970588235294102,1
21,-0.3,0.79,Single,Change in institution/course,Social Service,Daytime,Specialized course,Brazilian,Higher education,Secondary Education,Other,Other,Male,No,No,Yes,No,No,No,15,21,27,20,12.11111111111111,0
49,1.4,1.74,Married,Change in institution/course,Management,Daytime,Secondary education,Other,Specialized course,Basic education or less,Unskilled Workers,Unskilled Workers,Male,No,No,No,No,No,No,0,10,14,0,0.0,1
40,2.8,-4.06,Single,Over 23 years old,Management,Evening,Secondary education,Santomean,Specialized course,Basic education or less,Other,Installation and Machine Operators and Assembly Workers,Male,No,No,Yes,No,No,No,0,10,10,10,12.2,0
22,0.6,2.02,Single,2nd phase,Tourism,Daytime,Secondary education,Angolan,Secondary Education,Secondary Education,Intermediate Level Technicians and Professions,Intermediate Level Technicians and Professions,Male,No,No,Yes,No,Yes,No,0,12,16,12,14.026785714285701,0
31,-0.3,0.79,Single,Over 23 years old,Management,Evening,Secondary education,Santomean,Higher education,Basic education or less,Specialists in Intellectual and Scientific Activities,"Skilled Workers in Industry, Construction, and Craftsmen",Male,No,No,Yes,No,No,No,0,10,12,0,0.0,1
30,2.8,-4.06,Single,Change in institution/course,Informatics Engineering,Daytime,Secondary education,Other,Higher education,Higher education,Specialists in Intellectual and Scientific Activities,Other,Male,No,No,Yes,No,No,No,2,12,16,4,14.34375,1
19,2.6,0.32,Single,1st phase,Social Service,Daytime,Secondary education,Portuguese,Specialized course,Basic education or less,"Personal Services, Security and Safety Workers, and Sellers",Armed Forces Professions,Male,No,No,Yes,No,No,No,0,12,20,10,10.91,0
22,-0.8,-3.12,Single,3rd phase,Management,Daytime,Secondary education,Cape Verdean,Some High School,Unknown,Other,Other,Male,No,No,Yes,No,No,No,0,10,21,6,12.555555555555559,1
19,2.8,-4.06,Single,1st phase,Journalism and Communication,Daytime,Secondary education,Portuguese,Specialized course,Basic education or less,Unskilled Workers,Unskilled Workers,Male,No,No,Yes,No,No,No,0,12,16,12,13.0833333333333,0
19,0.6,2.02,Single,2nd phase,Advertising and Marketing Management,Daytime,Secondary education,Angolan,Secondary Education,Basic education or less,Administrative staff,"Skilled Workers in Industry, Construction, and Craftsmen",Male,No,No,Yes,No,No,No,0,12,15,12,14.33333333333332,0
22,0.3,-0.92,Single,Change in institution/course,Management,Daytime,Secondary education,Brazilian,Secondary Education,Basic education or less,Intermediate Level Technicians and Professions,Intermediate Level Technicians and Professions,Male,Yes,No,Yes,No,No,No,0,10,18,1,3.888888888888889,1
22,1.4,1.74,Single,1st phase,Social Service,Daytime,Secondary education,Portuguese,Higher education,Higher education,Specialists in Intellectual and Scientific Activities,Other,Male,No,No,Yes,No,No,No,0,12,18,10,11.222222222222221,0
19,-0.8,-3.12,Single,1st phase,Social Service,Daytime,Secondary education,Portuguese,Secondary Education,Secondary Education,Administrative staff,Administrative staff,Male,No,No,Yes,No,No,No,0,12,21,10,11.714285714285714,0
26,0.3,-0.92,Single,Over 23 years old,Tourism,Daytime,Specialized course,Santomean,Secondary Education,Secondary Education,"Personal Services, Security and Safety Workers, and Sellers",Armed Forces Professions,Male,No,No,No,No,No,No,0,12,0,0,0.0,1
20,0.6,2.02,Single,2nd phase,Management,Daytime,Secondary education,Angolan,Secondary Education,Basic education or less,Administrative staff,Installation and Machine Operators and Assembly Workers,Male,No,No,Yes,No,No,No,0,10,19,0,0.0,1
18,3.7,-1.7,Single,Holders of other higher courses,Equiniculture,Daytime,Higher education,Italian,Higher education,Basic education or less,Specialists in Intellectual and Scientific Activities,Intermediate Level Technicians and Professions,Male,Yes,No,No,No,No,No,2,10,12,2,7.583333333333333,1
39,1.4,1.74,Other,Change in institution/course,Management,Evening,Other,Brazilian,Higher education,Secondary Education,Specialists in Intellectual and Scientific Activities,Unskilled Workers,Male,No,No,Yes,No,No,No,0,6,9,0,0.0,1
18,1.4,1.74,Single,1st phase,Nursing,Daytime,Secondary education,Portuguese,Specialized course,Secondary Education,Other,Other,Male,No,No,Yes,No,No,No,0,16,16,0,0.0,1
18,1.4,3.51,Single,2nd phase,Informatics Engineering,Daytime,Secondary education,Angolan,Secondary Education,Basic education or less,Intermediate Level Technicians and Professions,Intermediate Level Technicians and Professions,Male,No,No,Yes,No,Yes,No,0,10,10,10,13.6,0
19,-0.3,0.79,Single,1st phase,Social Service,Daytime,Secondary education,Portuguese,Specialized course,Basic education or less,Unskilled Workers,Unskilled Workers,Male,No,No,Yes,No,Yes,No,0,12,13,12,13.923076923076945,0
18,0.5,1.79,Single,1st phase,Nursing,Daytime,Secondary education,Portuguese,Secondary Education,Basic education or less,Unskilled Workers,Unskilled Workers,Male,No,No,Yes,No,No,No,0,15,15,14,12.90944444444446,0
18,2.6,0.32,Single,1st phase,Management,Daytime,Secondary education,Portuguese,Some High School,Basic education or less,Other,Administrative staff,Male,Yes,No,Yes,No,Yes,No,0,10,12,4,7.4375,1
22,1.4,1.74,Single,Specialized diploma,Equiniculture,Daytime,Specialized course,Romanian,Specialized course,Basic education or less,Other,"Farmers and Skilled Workers in Agriculture, Fisheries, and Forestry",Male,Yes,No,Yes,No,No,No,0,10,12,9,14.541666666666666,0
19,0.5,1.79,Single,1st phase,Social Service,Daytime,Secondary education,Portuguese,Secondary Education,Secondary Education,Intermediate Level Technicians and Professions,Administrative staff,Male,No,No,Yes,No,No,No,0,12,13,12,12.166666666666698,0
18,3.7,-1.7,Single,1st phase,Equiniculture,Daytime,Secondary education,Portuguese,Specialized course,Basic education or less,Unskilled Workers,Installation and Machine Operators and Assembly Workers,Male,Yes,No,Yes,No,No,No,0,10,10,10,15.5,1
31,0.3,-0.92,Single,Over 23 years old,Informatics Engineering,Daytime,Basic education 3rd cycle (9th/10th/11th year) or equivalent,Santomean,Secondary Education,Secondary Education,Administrative staff,Intermediate Level Technicians and Professions,Male,No,No,No,Yes,No,No,0,10,18,4,14.66666666666665,1
28,3.7,-1.7,Single,Over 23 years old,Management,Evening,Secondary education,Santomean,Higher education,Secondary Education,Intermediate Level Technicians and Professions,Intermediate Level Technicians and Professions,Male,No,No,Yes,No,No,No,0,10,10,0,0.0,1
19,2.8,-4.06,Single,1st phase,Design and Multimedia,Daytime,Secondary education,Portuguese,Secondary Education,Secondary Education,Administrative staff,Installation and Machine Operators and Assembly Workers,Male,No,No,Yes,No,No,No,0,12,0,0,0.0,1
20,0.3,-0.92,Single,2nd phase,Tourism,Daytime,Secondary education,Angolan,Secondary Education,Secondary Education,Administrative staff,Installation and Machine Operators and Assembly Workers,Male,No,No,Yes,No,No,No,0,12,15,12,14.247619047619033,0
50,1.4,3.51,Other,Over 23 years old,Social Service,Daytime,Secondary education,Santomean,Specialized course,Higher education,Unskilled Workers,Other,Male,No,No,Yes,No,No,No,0,12,14,4,6.125,1
31,-0.8,-3.12,Married,Over 23 years old,Management,Evening,Secondary education,Santomean,Specialized course,Basic education or less,Unskilled Workers,Unskilled Workers,Male,Yes,No,Yes,No,No,No,0,10,13,2,11.76923076923077,1
21,3.7,-1.7,Single,3rd phase,Social Service,Daytime,Secondary education,Cape Verdean,Secondary Education,Higher education,Unskilled Workers,Other,Male,Yes,No,Yes,No,No,No,0,12,19,12,10.34210526315791,0
34,1.4,3.51,Married,Over 23 years old,Informatics Engineering,Daytime,Secondary education,Santomean,Specialized course,Basic education or less,Unskilled Workers,Unskilled Workers,Male,No,No,Yes,No,No,No,0,10,17,1,4.705882352941177,1
40,-0.8,-3.12,Married,Over 23 years old,Management,Evening,Secondary education,Santomean,Specialized course,Basic education or less,Other,Administrative staff,Male,Yes,No,No,No,No,No,0,10,15,5,10.555555555555566,1
46,2.8,-4.06,Married,Over 23 years old,Design and Multimedia,Daytime,Other,Santomean,Specialized course,Basic education or less,"Personal Services, Security and Safety Workers, and Sellers",Armed Forces Professions,Male,No,No,No,Yes,Yes,No,0,12,12,0,0.0,1
37,2.6,0.32,Single,Change in institution/course,Social Service,Evening,Secondary education,Brazilian,Some High School,Unknown,Other,Other,Male,No,No,Yes,No,No,No,0,11,22,0,0.0,1
31,0.3,-0.92,Single,Over 23 years old,Agronomy,Daytime,Secondary education,Santomean,Specialized course,Basic education or less,Unskilled Workers,"Skilled Workers in Industry, Construction, and Craftsmen",Male,Yes,No,Yes,No,No,No,0,12,18,0,0.0,1
34,0.5,1.79,Single,Over 23 years old,Agronomy,Daytime,Secondary education,Santomean,Secondary Education,Basic education or less,Administrative staff,Armed Forces Professions,Male,No,No,Yes,No,No,No,0,12,30,10,12.86666666666665,0
18,0.5,1.79,Single,1st phase,Advertising and Marketing Management,Daytime,Secondary education,Portuguese,Specialized course,Basic education or less,Unskilled Workers,Unskilled Workers,Male,No,No,Yes,No,Yes,No,0,12,13,12,13.923076923076923,0
19,0.6,2.02,Single,2nd phase,Design and Multimedia,Daytime,Secondary education,Angolan,Secondary Education,Secondary Education,Intermediate Level Technicians and Professions,Intermediate Level Technicians and Professions,Male,Yes,No,Yes,No,Yes,No,0,12,13,12,11.935897435897438,0
40,2.8,-4.06,Single,Change in institution/course,Management,Evening,Secondary education,Brazilian,Specialized course,Basic education or less,Unskilled Workers,Administrative staff,Male,No,No,Yes,No,No,No,4,13,24,9,10.9625,1
25,0.5,1.79,Single,Over 23 years old,Equiniculture,Daytime,Secondary education,Santomean,Secondary Education,Basic education or less,Unskilled Workers,Unskilled Workers,Male,No,No,Yes,No,No,No,0,12,12,0,0.0,1
20,0.6,2.02,Single,2nd phase,Informatics Engineering,Daytime,Secondary education,Angolan,Specialized course,Basic education or less,"Personal Services, Security and Safety Workers, and Sellers",Unskilled Workers,Male,Yes,No,Yes,Yes,No,No,0,11,13,7,13.782051282051262,1
43,2.8,-4.06,Single,Over 23 years old,Agronomy,Daytime,Secondary education,Santomean,Specialized course,Basic education or less,Unskilled Workers,Armed Forces Professions,Male,Yes,No,No,No,No,No,0,12,0,0,0.0,1
35,2.8,-4.06,Single,Change in institution/course,Agronomy,Daytime,Secondary education,Brazilian,Higher education,Higher education,Administrative staff,Other,Male,No,No,Yes,No,No,No,28,31,35,30,11.604761904761926,0
23,2.6,0.32,Single,2nd phase,Management,Evening,Secondary education,Angolan,Specialized course,Basic education or less,Unskilled Workers,Administrative staff,Male,No,No,Yes,No,No,No,0,10,11,9,13.0,0
19,0.5,1.79,Single,2nd phase,Nursing,Daytime,Secondary education,Angolan,Higher education,Higher education,Specialists in Intellectual and Scientific Activities,Other,Male,No,No,Yes,No,No,No,0,16,20,15,11.75232142857144,0
21,1.4,3.51,Single,Specialized diploma,Veterinary Nursing,Daytime,Specialized course,Other,Secondary Education,Basic education or less,Intermediate Level Technicians and Professions,Installation and Machine Operators and Assembly Workers,Male,Yes,No,Yes,No,Yes,No,11,20,30,16,13.986111111111102,0
20,0.5,1.79,Single,3rd phase,Informatics Engineering,Daytime,Secondary education,Cape Verdean,Secondary Education,Secondary Education,Administrative staff,Intermediate Level Technicians and Professions,Male,Yes,No,Yes,No,No,No,0,10,14,10,13.7261904761905,0
30,0.5,1.79,Single,Over 23 years old,Advertising and Marketing Management,Daytime,Secondary education,Santomean,Specialized course,Basic education or less,Intermediate Level Technicians and Professions,Intermediate Level Technicians and Professions,Male,No,Yes,Yes,No,Yes,No,0,12,0,0,0.0,1
44,0.5,1.79,Other,Over 23 years old,Tourism,Daytime,Secondary education,Santomean,Specialized course,Basic education or less,Unskilled Workers,Unskilled Workers,Male,Yes,No,Yes,No,No,No,0,12,12,12,12.08333333333335,0
19,3.7,-1.7,Single,3rd phase,Nursing,Daytime,Secondary education,Cape Verdean,Specialized course,Higher education,Administrative staff,Unskilled Workers,Male,No,No,Yes,No,No,No,0,16,16,14,13.6142857142857,0
22,0.3,-0.92,Single,Specialized diploma,Equiniculture,Daytime,Specialized course,Romanian,Higher education,Secondary Education,Intermediate Level Technicians and Professions,"Farmers and Skilled Workers in Agriculture, Fisheries, and Forestry",Male,Yes,No,Yes,No,No,No,19,30,47,22,13.317629179331336,0
18,2.6,0.32,Single,1st phase,Equiniculture,Daytime,Secondary education,Portuguese,Higher education,Higher education,Other,Other,Male,No,No,Yes,No,No,No,0,10,12,9,14.083333333333334,0
21,3.7,-1.7,Single,2nd phase,Advertising and Marketing Management,Daytime,Secondary education,Angolan,Specialized course,Basic education or less,Unskilled Workers,Unskilled Workers,Male,Yes,No,Yes,No,Yes,No,0,12,14,9,13.485714285714286,0
18,2.6,0.32,Single,1st phase,Veterinary Nursing,Daytime,Secondary education,Portuguese,Specialized course,Basic education or less,Other,Other,Male,No,No,Yes,No,No,No,0,12,0,0,0.0,1
18,0.6,2.02,Single,2nd phase,Advertising and Marketing Management,Daytime,Secondary education,Angolan,Higher education,Secondary Education,Specialists in Intellectual and Scientific Activities,Intermediate Level Technicians and Professions,Male,Yes,No,Yes,No,No,No,0,12,15,12,13.93333333333334,0
21,0.3,-0.92,Single,Specialized diploma,Agronomy,Daytime,Specialized course,Romanian,Secondary Education,Basic education or less,Other,"Farmers and Skilled Workers in Agriculture, Fisheries, and Forestry",Male,Yes,No,Yes,No,No,No,0,12,23,8,11.835869565217392,1
31,0.3,-0.92,Single,Over 23 years old,Agronomy,Daytime,Secondary education,Santomean,Higher education,Higher education,Specialists in Intellectual and Scientific Activities,Other,Male,No,No,Yes,No,No,No,0,12,18,12,14.833333333333334,0
21,-0.8,-3.12,Single,2nd phase,Tourism,Daytime,Secondary education,Angolan,Secondary Education,Secondary Education,Specialists in Intellectual and Scientific Activities,Intermediate Level Technicians and Professions,Male,Yes,No,Yes,No,No,No,0,12,20,6,11.0,1
27,-0.8,-3.12,Single,Change in institution/course,Journalism and Communication,Daytime,Secondary education,Other,Specialized course,Higher education,Administrative staff,Intermediate Level Technicians and Professions,Male,No,No,Yes,No,No,No,0,9,18,0,0.0,1
20,0.5,1.79,Single,1st phase,Management,Daytime,Secondary education,Portuguese,Specialized course,Basic education or less,Unskilled Workers,Unskilled Workers,Male,Yes,No,Yes,No,No,No,0,10,15,8,11.319999999999983,0
19,1.4,3.51,Single,3rd phase,Journalism and Communication,Daytime,Secondary education,Cape Verdean,Secondary Education,Secondary Education,Administrative staff,"Skilled Workers in Industry, Construction, and Craftsmen",Male,Yes,No,Yes,No,No,No,0,12,12,12,14.16666666666665,0
18,0.5,1.79,Single,2nd phase,Equiniculture,Daytime,Secondary education,Angolan,Some High School,Some High School,Specialists in Intellectual and Scientific Activities,Installation and Machine Operators and Assembly Workers,Male,Yes,No,Yes,No,No,No,0,12,15,12,13.82222222222224,0
29,1.4,1.74,Single,Over 23 years old,Equiniculture,Daytime,Secondary education,Santomean,Secondary Education,Basic education or less,Administrative staff,"Personal Services, Security and Safety Workers, and Sellers",Male,Yes,No,Yes,No,No,No,0,10,21,4,15.777777777777763,1
21,3.7,-1.7,Single,1st phase,Advertising and Marketing Management,Daytime,Secondary education,Portuguese,Specialized course,Basic education or less,"Personal Services, Security and Safety Workers, and Sellers",Installation and Machine Operators and Assembly Workers,Male,No,No,No,No,No,No,0,12,15,9,12.35,1
25,3.7,-1.7,Single,Over 23 years old,Management,Daytime,Secondary education,Santomean,Specialized course,Secondary Education,"Skilled Workers in Industry, Construction, and Craftsmen",Intermediate Level Technicians and Professions,Male,No,No,Yes,No,Yes,No,0,10,14,8,14.5,0
32,-0.8,-3.12,Single,Over 23 years old,Management,Daytime,Secondary education,Santomean,Specialized course,Basic education or less,Unskilled Workers,Unskilled Workers,Male,No,No,No,No,No,No,0,10,14,0,0.0,1
26,2.6,0.32,Single,Change in institution/course,Management,Evening,Secondary education,Brazilian,Higher education,Higher education,Specialists in Intellectual and Scientific Activities,Other,Male,No,No,No,No,No,No,11,20,20,11,11.28333333333332,1
18,0.5,1.79,Single,1st phase,Equiniculture,Daytime,Secondary education,Portuguese,Higher education,Basic education or less,Unskilled Workers,"Skilled Workers in Industry, Construction, and Craftsmen",Male,Yes,No,Yes,No,Yes,No,0,12,15,12,12.966666666666667,0
19,0.3,-0.92,Single,2nd phase,Tourism,Daytime,Secondary education,Angolan,Secondary Education,Basic education or less,Administrative staff,"Skilled Workers in Industry, Construction, and Craftsmen",Male,No,No,Yes,No,Yes,No,0,12,18,11,12.772486772486811,0
19,0.5,1.79,Single,1st phase,Design and Multimedia,Daytime,Secondary education,Portuguese,Specialized course,Basic education or less,"Personal Services, Security and Safety Workers, and Sellers","Skilled Workers in Industry, Construction, and Craftsmen",Male,Yes,No,Yes,No,Yes,No,0,12,12,12,13.75,0
27,0.6,2.02,Single,Holders of other higher courses,Informatics Engineering,Daytime,Higher education,Italian,Secondary Education,Secondary Education,Administrative staff,Administrative staff,Male,No,No,Yes,No,No,No,6,11,13,11,14.230769230769223,1
21,0.5,1.79,Single,Specialized diploma,Design and Multimedia,Daytime,Specialized course,Romanian,Specialized course,Basic education or less,Administrative staff,Other,Male,Yes,No,Yes,No,No,No,0,12,14,12,12.690476190476172,0
18,0.6,2.02,Single,2nd phase,Management,Daytime,Secondary education,Angolan,Specialized course,Basic education or less,"Personal Services, Security and Safety Workers, and Sellers","Personal Services, Security and Safety Workers, and Sellers",Male,Yes,No,Yes,No,Yes,No,0,10,18,6,11.744444444444445,1
28,-0.3,0.79,Single,Over 23 years old,Social Service,Daytime,Secondary education,Santomean,Specialized course,Secondary Education,"Personal Services, Security and Safety Workers, and Sellers","Personal Services, Security and Safety Workers, and Sellers",Male,No,No,Yes,No,No,No,0,10,11,0,0.0,1
25,2.8,-4.06,Married,Over 23 years old,Agronomy,Daytime,Secondary education,Santomean,Secondary Education,Basic education or less,Unskilled Workers,Other,Male,No,No,No,Yes,No,No,5,17,38,10,11.654135338345847,1
25,2.8,-4.06,Single,Change in institution/course,Agronomy,Daytime,Secondary education,Brazilian,Specialized course,Secondary Education,"Personal Services, Security and Safety Workers, and Sellers",Administrative staff,Male,No,No,Yes,No,No,No,14,27,47,18,12.059574468085106,1
26,1.4,1.74,Single,1st phase,Tourism,Daytime,Secondary education,Portuguese,Higher education,Basic education or less,Administrative staff,"Personal Services, Security and Safety Workers, and Sellers",Male,No,No,Yes,No,No,No,0,12,18,0,0.0,1
18,-0.3,0.79,Single,2nd phase,Management,Daytime,Secondary education,Angolan,Specialized course,Basic education or less,Other,"Personal Services, Security and Safety Workers, and Sellers",Male,Yes,No,Yes,No,Yes,No,0,10,15,10,12.166666666666666,0
25,0.3,-0.92,Single,Over 23 years old,Agronomy,Daytime,Secondary education,Santomean,Secondary Education,Higher education,Administrative staff,"Personal Services, Security and Safety Workers, and Sellers",Male,No,No,Yes,No,No,No,0,12,18,0,0.0,1
19,-0.3,0.79,Single,2nd phase,Journalism and Communication,Daytime,Secondary education,Angolan,Higher education,Basic education or less,Specialists in Intellectual and Scientific Activities,Intermediate Level Technicians and Professions,Male,Yes,No,Yes,No,No,No,0,12,14,12,14.5,0
19,0.3,-0.92,Single,2nd phase,Nursing,Daytime,Secondary education,Angolan,Secondary Education,Secondary Education,"Personal Services, Security and Safety Workers, and Sellers","Personal Services, Security and Safety Workers, and Sellers",Male,No,No,Yes,No,No,No,0,15,19,15,12.082142857142838,0
45,1.4,1.74,Other,Over 23 years old,Social Service,Evening,Basic education 3rd cycle (9th/10th/11th year) or equivalent,Santomean,Secondary Education,Basic education or less,Unskilled Workers,Other,Male,No,No,Yes,No,No,No,4,16,23,8,11.217391304347826,1
52,2.6,0.32,Married,Over 23 years old,Management,Evening,Secondary education,Santomean,Specialized course,Basic education or less,Unskilled Workers,Unskilled Workers,Male,No,No,Yes,No,No,No,0,10,13,10,11.938461538461537,0
20,-0.8,-3.12,Single,1st phase,Management,Daytime,Secondary education,Portuguese,Specialized course,Basic education or less,Unskilled Workers,Intermediate Level Technicians and Professions,Male,Yes,No,No,No,No,No,0,10,16,6,11.5625,1
19,1.4,1.74,Single,1st phase,Nursing,Daytime,Secondary education,Portuguese,Specialized course,Basic education or less,"Personal Services, Security and Safety Workers, and Sellers",Armed Forces Professions,Male,Yes,No,Yes,No,No,No,0,16,16,14,15.8857142857143,0
21,0.5,1.79,Single,1st phase,Nursing,Daytime,Secondary education,Portuguese,Secondary Education,Basic education or less,Unskilled Workers,Unskilled Workers,Male,No,No,No,Yes,No,No,0,14,24,8,12.26,1
35,-0.8,-3.12,Married,Over 23 years old,Social Service,Evening,Secondary education,Santomean,Specialized course,Basic education or less,Unskilled Workers,Unskilled Workers,Male,No,No,No,No,No,No,0,12,12,12,14.08333333333335,0
47,2.8,-4.06,Other,Over 23 years old,Nursing,Daytime,Basic education 3rd cycle (9th/10th/11th year) or equivalent,Santomean,Specialized course,Basic education or less,"Personal Services, Security and Safety Workers, and Sellers","Personal Services, Security and Safety Workers, and Sellers",Male,No,No,No,Yes,No,No,0,15,15,0,0.0,1
22,1.4,3.51,Single,3rd phase,Management,Evening,Secondary education,Cape Verdean,Basic education or less,Higher education,Specialists in Intellectual and Scientific Activities,Other,Male,No,No,Yes,No,No,No,0,10,0,0,0.0,1
41,2.6,0.32,Married,Over 23 years old,Management,Evening,Secondary education,Santomean,Specialized course,Basic education or less,Unskilled Workers,Unskilled Workers,Male,Yes,No,Yes,No,No,No,0,10,16,7,11.125,1
26,1.4,1.74,Single,Holders of other higher courses,Informatics Engineering,Daytime,Higher education,Italian,Some High School,Unknown,Other,Other,Male,No,No,Yes,No,No,No,0,10,11,0,0.0,1
51,1.4,1.74,Married,Over 23 years old,Social Service,Evening,Secondary education,Santomean,Some High School,Unknown,Other,Other,Female,No,No,No,No,No,No,0,12,25,4,5.85,1
41,2.6,0.32,Married,Over 23 years old,Social Service,Evening,Secondary education,Santomean,Some High School,Unknown,Other,Other,Female,Yes,No,Yes,No,No,No,1,12,19,8,11.203508771929842,0
23,2.6,0.32,Single,Change in institution/course,Management,Daytime,Secondary education,Brazilian,Some High School,Basic education or less,Unskilled Workers,Unskilled Workers,Male,Yes,No,Yes,No,No,No,9,20,35,18,11.422402597402606,0
22,-0.8,-3.12,Single,Change in institution/course,Social Service,Daytime,Secondary education,Brazilian,Some High School,Basic education or less,Other,"Personal Services, Security and Safety Workers, and Sellers",Male,Yes,No,Yes,No,No,No,0,11,21,0,0.0,1
25,3.7,-1.7,Single,2nd phase,Design and Multimedia,Daytime,Secondary education,Angolan,Specialized course,Basic education or less,Unskilled Workers,Unskilled Workers,Male,Yes,Yes,Yes,No,Yes,No,0,12,14,8,10.678571428571429,1
25,-0.8,-3.12,Single,Change in institution/course,Management,Evening,Secondary education,Brazilian,Specialized course,Basic education or less,Unskilled Workers,Unskilled Workers,Male,Yes,No,Yes,No,No,No,27,29,30,29,11.060000000000022,0
22,1.4,3.51,Single,Specialized diploma,Design and Multimedia,Daytime,Specialized course,Other,Secondary Education,Basic education or less,Unskilled Workers,Unskilled Workers,Male,Yes,No,No,No,Yes,No,9,23,31,22,12.6080156402737,0
47,0.3,-0.92,Single,Over 23 years old,Veterinary Nursing,Daytime,Higher education,Santomean,Specialized course,Basic education or less,Unskilled Workers,Armed Forces Professions,Male,No,No,Yes,No,No,No,0,12,0,0,0.0,1
41,2.6,0.32,Married,Over 23 years old,Management,Evening,Basic education 3rd cycle (9th/10th/11th year) or equivalent,Santomean,Specialized course,Basic education or less,"Personal Services, Security and Safety Workers, and Sellers","Personal Services, Security and Safety Workers, and Sellers",Male,Yes,No,Yes,No,No,No,0,10,10,0,0.0,1
43,-0.3,0.79,Single,Over 23 years old,Agronomy,Daytime,Secondary education,Santomean,Specialized course,Basic education or less,Unskilled Workers,Unskilled Workers,Male,Yes,No,Yes,No,No,No,0,12,20,11,13.360000000000008,0
29,0.3,-0.92,Single,Over 23 years old,Agronomy,Daytime,Secondary education,Santomean,Secondary Education,Basic education or less,Unskilled Workers,Installation and Machine Operators and Assembly Workers,Male,No,No,Yes,No,No,No,0,7,12,0,0.0,1
30,2.6,0.32,Single,Over 23 years old,Informatics Engineering,Daytime,Secondary education,Santomean,Specialized course,Basic education or less,"Personal Services, Security and Safety Workers, and Sellers","Personal Services, Security and Safety Workers, and Sellers",Male,No,No,Yes,No,No,No,0,4,4,0,0.0,1
26,3.7,-1.7,Single,Over 23 years old,Management,Daytime,Other,Santomean,Specialized course,Basic education or less,Unskilled Workers,Unskilled Workers,Male,No,No,No,No,No,No,0,9,4,0,0.0,1
27,2.8,-4.06,Single,Over 23 years old,Management,Evening,Secondary education,Santomean,Specialized course,Basic education or less,Unskilled Workers,Unskilled Workers,Male,No,No,No,No,No,No,0,10,15,0,0.0,1
36,-0.8,-3.12,Married,Over 23 years old,Advertising and Marketing Management,Daytime,Secondary education,Santomean,Specialized course,Basic education or less,Unskilled Workers,Unskilled Workers,Male,No,No,Yes,No,Yes,No,0,10,12,10,11.516666666666666,0
29,2.8,-4.06,Single,Over 23 years old,Agronomy,Daytime,Basic education 3rd cycle (9th/10th/11th year) or equivalent,Santomean,Secondary Education,Basic education or less,Administrative staff,Armed Forces Professions,Male,No,No,Yes,No,No,No,5,16,23,12,11.314699792960699,1
35,-0.8,-3.12,Single,Change in institution/course,Informatics Engineering,Daytime,Secondary education,Other,Some High School,Unknown,Other,Other,Male,Yes,No,Yes,No,No,No,8,18,20,12,11.97142857142858,1
18,1.4,1.74,Single,1st phase,Journalism and Communication,Daytime,Secondary education,Portuguese,Specialized course,Basic education or less,Other,Intermediate Level Technicians and Professions,Male,No,No,Yes,No,Yes,No,0,12,22,9,12.0,0
24,1.4,3.51,Single,1st phase,Management,Evening,Secondary education,Portuguese,Specialized course,Basic education or less,Unskilled Workers,Unskilled Workers,Male,No,No,Yes,No,Yes,No,0,10,10,10,16.0,0
18,1.4,1.74,Single,1st phase,Journalism and Communication,Daytime,Secondary education,Portuguese,Specialized course,Basic education or less,Unskilled Workers,"Skilled Workers in Industry, Construction, and Craftsmen",Male,Yes,No,Yes,No,Yes,No,0,12,13,12,12.589743589743609,1
21,-0.8,-3.12,Single,Change in institution/course,Informatics Engineering,Daytime,Secondary education,Other,Specialized course,Basic education or less,"Personal Services, Security and Safety Workers, and Sellers",Installation and Machine Operators and Assembly Workers,Male,Yes,No,Yes,No,No,No,0,10,20,10,12.8,0
32,2.8,-4.06,Single,Over 23 years old,Agronomy,Daytime,Secondary education,Santomean,Secondary Education,Higher education,Specialists in Intellectual and Scientific Activities,"Farmers and Skilled Workers in Agriculture, Fisheries, and Forestry",Male,No,No,Yes,No,No,No,15,30,45,25,13.06190476190474,0
22,0.6,2.02,Single,1st phase,Informatics Engineering,Daytime,Secondary education,Portuguese,Specialized course,Basic education or less,Unskilled Workers,"Personal Services, Security and Safety Workers, and Sellers",Male,Yes,No,Yes,No,Yes,No,0,11,23,6,12.43478260869564,1
32,2.8,-4.06,Single,Holders of other higher courses,Agronomy,Daytime,Higher education,Italian,Secondary Education,Basic education or less,Unskilled Workers,"Skilled Workers in Industry, Construction, and Craftsmen",Male,Yes,No,No,No,No,No,21,29,55,21,12.71537190082643,1
35,-0.8,-3.12,Single,Change in institution/course,Advertising and Marketing Management,Daytime,Other,Brazilian,Some High School,Unknown,Other,Other,Male,No,No,Yes,No,No,No,1,10,10,1,7.0,1
23,1.4,3.51,Single,3rd phase,Management,Daytime,Secondary education,Cape Verdean,Secondary Education,Basic education or less,Administrative staff,"Skilled Workers in Industry, Construction, and Craftsmen",Male,Yes,No,No,No,No,No,0,10,0,0,0.0,1
35,-0.8,-3.12,Married,Change in institution/course,Advertising and Marketing Management,Daytime,Secondary education,Brazilian,Some High School,Unknown,Other,Other,Male,No,No,Yes,No,No,No,0,10,10,1,5.0,1
32,0.3,-0.92,Married,Over 23 years old,Agronomy,Daytime,Higher education,Santomean,Higher education,Basic education or less,Administrative staff,"Farmers and Skilled Workers in Agriculture, Fisheries, and Forestry",Male,No,No,Yes,No,No,No,6,18,22,18,18.122377622377627,0
20,2.6,0.32,Single,1st phase,Other,Daytime,Secondary education,Portuguese,Some High School,Unknown,Other,Other,Male,No,No,Yes,No,No,No,0,12,24,0,0.0,1
44,1.4,3.51,Single,Holders of other higher courses,Management,Evening,Higher education,Italian,Specialized course,Basic education or less,Other,"Farmers and Skilled Workers in Agriculture, Fisheries, and Forestry",Male,Yes,No,Yes,No,No,No,3,12,15,12,14.58,1
53,0.3,-0.92,Married,Over 23 years old,Tourism,Daytime,Basic education 3rd cycle (9th/10th/11th year) or equivalent,Santomean,Specialized course,Basic education or less,Unskilled Workers,Armed Forces Professions,Male,No,No,Yes,No,No,No,11,20,22,5,12.727272727272727,0
28,0.5,1.79,Single,Over 23 years old,Informatics Engineering,Daytime,Basic education 3rd cycle (9th/10th/11th year) or equivalent,Santomean,Specialized course,Basic education or less,Unskilled Workers,Administrative staff,Male,No,No,No,Yes,No,No,0,10,17,0,0.0,1
31,3.7,-1.7,Single,Holders of other higher courses,Management,Evening,Higher education,Italian,Specialized course,Basic education or less,Unskilled Workers,Unskilled Workers,Male,No,No,Yes,No,No,No,14,14,14,14,13.7142857142857,1
44,2.8,-4.06,Single,Over 23 years old,Agronomy,Daytime,Secondary education,Santomean,Secondary Education,Higher education,Unskilled Workers,Armed Forces Professions,Male,No,No,No,Yes,No,No,2,13,30,4,5.6,1
19,3.7,-1.7,Single,1st phase,Veterinary Nursing,Daytime,Secondary education,Portuguese,Secondary Education,Secondary Education,Unskilled Workers,Unskilled Workers,Male,Yes,No,Yes,No,No,No,0,10,17,9,12.317647058823528,0
18,-0.8,-3.12,Single,3rd phase,Informatics Engineering,Daytime,Secondary education,Cape Verdean,Higher education,Basic education or less,Intermediate Level Technicians and Professions,"Personal Services, Security and Safety Workers, and Sellers",Male,No,No,Yes,No,Yes,No,0,10,10,0,0.0,1
20,0.3,-0.92,Single,Specialized diploma,Agronomy,Daytime,Specialized course,Romanian,Specialized course,Basic education or less,"Personal Services, Security and Safety Workers, and Sellers","Personal Services, Security and Safety Workers, and Sellers",Male,Yes,No,Yes,No,No,No,0,12,18,12,14.944444444444445,0
55,0.6,2.02,Single,Over 23 years old,Design and Multimedia,Daytime,Secondary education,Santomean,Specialized course,Basic education or less,"Skilled Workers in Industry, Construction, and Craftsmen","Skilled Workers in Industry, Construction, and Craftsmen",Male,No,No,Yes,No,No,No,0,12,12,12,14.0,0
19,0.5,1.79,Single,2nd phase,Informatics Engineering,Daytime,Secondary education,Angolan,Some High School,Basic education or less,"Personal Services, Security and Safety Workers, and Sellers","Personal Services, Security and Safety Workers, and Sellers",Male,No,No,Yes,No,No,No,0,10,0,0,0.0,1
18,0.5,1.79,Single,1st phase,Management,Daytime,Secondary education,Portuguese,Specialized course,Basic education or less,Unskilled Workers,Unskilled Workers,Male,No,No,Yes,No,No,No,0,10,10,10,12.4,0
43,2.8,-4.06,Married,Over 23 years old,Journalism and Communication,Daytime,Secondary education,Santomean,Specialized course,Basic education or less,"Skilled Workers in Industry, Construction, and Craftsmen",Administrative staff,Male,No,No,Yes,No,No,No,0,12,17,4,6.911764705882353,1
18,-0.3,0.79,Single,3rd phase,Tourism,Daytime,Secondary education,Cape Verdean,Specialized course,Basic education or less,Unskilled Workers,"Farmers and Skilled Workers in Agriculture, Fisheries, and Forestry",Male,Yes,No,Yes,No,No,No,0,12,0,0,0.0,1
20,1.4,3.51,Single,2nd phase,Tourism,Daytime,Secondary education,Angolan,Specialized course,Basic education or less,Unskilled Workers,Unskilled Workers,Male,Yes,No,Yes,Yes,Yes,No,0,12,13,0,0.0,1
29,1.4,1.74,Married,Over 23 years old,Management,Evening,Secondary education,Santomean,Specialized course,Basic education or less,Unskilled Workers,Unskilled Workers,Male,No,No,No,Yes,No,No,0,10,15,8,11.543333333333333,1
44,-0.3,0.79,Single,Over 23 years old,Equiniculture,Daytime,Basic education 3rd cycle (9th/10th/11th year) or equivalent,Santomean,Specialized course,Basic education or less,Unskilled Workers,Armed Forces Professions,Male,Yes,No,Yes,Yes,No,No,0,12,20,5,5.20714285714287,1
20,0.5,1.79,Single,Change in institution/course,Design and Multimedia,Daytime,Secondary education,Brazilian,Specialized course,Basic education or less,Other,"Skilled Workers in Industry, Construction, and Craftsmen",Male,Yes,No,Yes,No,No,No,6,15,18,7,12.694444444444466,1
36,1.4,1.74,Married,Over 23 years old,Management,Daytime,Secondary education,Santomean,Specialized course,Basic education or less,Unskilled Workers,Unskilled Workers,Male,Yes,No,Yes,No,No,No,0,9,13,0,0.0,1
29,3.7,-1.7,Married,Over 23 years old,Veterinary Nursing,Daytime,Basic education 3rd cycle (9th/10th/11th year) or equivalent,Santomean,Specialized course,Basic education or less,Other,Other,Male,No,No,No,No,No,No,0,10,10,0,0.0,1
18,1.4,1.74,Single,1st phase,Advertising and Marketing Management,Daytime,Secondary education,Portuguese,Secondary Education,Secondary Education,Unskilled Workers,Unskilled Workers,Male,Yes,No,Yes,No,No,No,0,12,16,7,10.677083333333313,1
24,-0.3,0.79,Single,Over 23 years old,Agronomy,Daytime,Secondary education,Santomean,Secondary Education,Secondary Education,Other,"Farmers and Skilled Workers in Agriculture, Fisheries, and Forestry",Male,No,No,No,No,No,No,0,12,0,0,0.0,1
20,2.8,-4.06,Single,1st phase,Journalism and Communication,Daytime,Secondary education,Portuguese,Higher education,Basic education or less,Specialists in Intellectual and Scientific Activities,"Personal Services, Security and Safety Workers, and Sellers",Male,No,No,Yes,No,No,No,0,12,13,12,14.692307692307677,0
45,0.3,-0.92,Married,Over 23 years old,Social Service,Evening,Basic education 3rd cycle (9th/10th/11th year) or equivalent,Santomean,Specialized course,Basic education or less,Unskilled Workers,Unskilled Workers,Male,No,No,No,Yes,No,No,0,11,12,0,0.0,1
28,2.6,0.32,Single,Change in institution/course,Nursing,Daytime,Secondary education,Brazilian,Specialized course,Basic education or less,Administrative staff,Administrative staff,Male,Yes,No,Yes,No,Yes,No,36,46,46,40,13.5,0
18,0.5,1.79,Single,1st phase,Nursing,Daytime,Secondary education,Portuguese,Secondary Education,Basic education or less,Administrative staff,"Skilled Workers in Industry, Construction, and Craftsmen",Male,Yes,No,Yes,No,No,No,0,15,18,14,11.773809523809543,0
23,-0.8,-3.12,Single,1st phase,Management,Daytime,Secondary education,Portuguese,Specialized course,Basic education or less,Unskilled Workers,Administrative staff,Male,Yes,No,Yes,No,No,No,0,10,14,6,11.0,1
22,0.5,1.79,Single,1st phase,Design and Multimedia,Daytime,Secondary education,Portuguese,Specialized course,Basic education or less,"Personal Services, Security and Safety Workers, and Sellers","Personal Services, Security and Safety Workers, and Sellers",Male,No,No,Yes,No,Yes,No,2,12,12,11,12.533333333333351,0
33,1.4,1.74,Single,Over 23 years old,Management,Evening,Other,Santomean,Specialized course,Basic education or less,"Personal Services, Security and Safety Workers, and Sellers","Personal Services, Security and Safety Workers, and Sellers",Male,No,No,Yes,No,No,No,0,10,11,10,14.090909090909072,0
21,1.4,3.51,Single,Specialized diploma,Agronomy,Daytime,Specialized course,Other,Secondary Education,Basic education or less,Unskilled Workers,"Farmers and Skilled Workers in Agriculture, Fisheries, and Forestry",Male,No,No,Yes,No,No,No,12,24,34,21,12.486631016042788,0
45,2.8,-4.06,Married,Over 23 years old,Management,Daytime,Secondary education,Santomean,Specialized course,Basic education or less,Unskilled Workers,"Personal Services, Security and Safety Workers, and Sellers",Male,No,No,Yes,No,No,No,0,10,11,10,14.8181818181818,0
44,2.8,-4.06,Married,Over 23 years old,Agronomy,Daytime,Secondary education,Santomean,Specialized course,Basic education or less,Unskilled Workers,Unskilled Workers,Male,No,No,No,No,No,No,5,17,18,5,11.722222222222221,1
42,3.7,-1.7,Other,Over 23 years old,Advertising and Marketing Management,Daytime,Secondary education,Santomean,Specialized course,Basic education or less,Other,Other,Male,No,No,Yes,No,No,No,0,12,0,0,0.0,1
20,0.5,1.79,Single,3rd phase,Management,Daytime,Secondary education,Cape Verdean,Specialized course,Secondary Education,Unskilled Workers,"Skilled Workers in Industry, Construction, and Craftsmen",Male,Yes,No,Yes,No,No,No,0,10,0,0,0.0,1
20,1.4,3.51,Single,1st phase,Tourism,Daytime,Secondary education,Portuguese,Secondary Education,Basic education or less,Specialists in Intellectual and Scientific Activities,Installation and Machine Operators and Assembly Workers,Male,Yes,No,Yes,No,Yes,No,0,12,13,12,13.692307692307683,0
26,0.5,1.79,Single,Change in institution/course,Social Service,Evening,Secondary education,Other,Secondary Education,Secondary Education,Administrative staff,Administrative staff,Male,No,No,No,Yes,No,No,7,18,29,11,10.460591133004911,1
31,-0.3,0.79,Married,Over 23 years old,Agronomy,Daytime,Secondary education,Santomean,Specialized course,Basic education or less,Other,"Skilled Workers in Industry, Construction, and Craftsmen",Male,No,No,Yes,No,No,No,0,12,21,11,13.69047619047619,0
19,0.3,-0.92,Single,1st phase,Journalism and Communication,Daytime,Secondary education,Portuguese,Secondary Education,Basic education or less,Unskilled Workers,Unskilled Workers,Male,No,No,Yes,Yes,Yes,No,0,12,12,12,13.33333333333335,0
28,2.6,0.32,Single,Over 23 years old,Journalism and Communication,Daytime,Basic education 3rd cycle (9th/10th/11th year) or equivalent,Santomean,Specialized course,Basic education or less,Other,Other,Male,Yes,No,Yes,No,No,No,0,12,13,12,13.39743589743593,0
43,-0.8,-3.12,Married,1st phase,Social Service,Evening,Secondary education,Portuguese,Specialized course,Secondary Education,Unskilled Workers,Armed Forces Professions,Female,Yes,No,Yes,No,No,No,0,12,12,12,12.75,0
40,0.3,-0.92,Single,Over 23 years old,Social Service,Daytime,Basic education 3rd cycle (9th/10th/11th year) or equivalent,Santomean,Specialized course,Basic education or less,Unskilled Workers,Unskilled Workers,Female,No,Yes,Yes,Yes,No,No,0,12,23,3,12.173913043478262,1
20,0.5,1.79,Single,Specialized diploma,Veterinary Nursing,Daytime,Specialized course,Romanian,Higher education,Higher education,Other,Other,Female,No,No,Yes,No,No,Yes,3,12,23,11,13.3623188405797,0
46,0.6,2.02,Married,Over 23 years old,Social Service,Evening,Other,Santomean,Specialized course,Basic education or less,Unskilled Workers,Other,Female,No,No,Yes,No,No,No,0,12,19,9,12.64912280701751,0
26,1.4,3.51,Single,Change in institution/course,Other,Daytime,Secondary education,Other,Specialized course,Basic education or less,"Personal Services, Security and Safety Workers, and Sellers","Skilled Workers in Industry, Construction, and Craftsmen",Female,No,No,Yes,No,No,No,24,35,41,34,12.50617675007918,0
34,0.5,1.79,Married,Over 23 years old,Nursing,Daytime,Secondary education,Santomean,Higher education,Secondary Education,"Personal Services, Security and Safety Workers, and Sellers","Personal Services, Security and Safety Workers, and Sellers",Female,No,No,Yes,No,Yes,No,0,15,16,13,12.827261904761906,0
19,1.4,1.74,Single,3rd phase,Other,Daytime,Secondary education,Cape Verdean,Specialized course,Basic education or less,Unskilled Workers,"Personal Services, Security and Safety Workers, and Sellers",Female,Yes,No,Yes,No,No,No,0,12,0,0,0.0,1
18,3.7,-1.7,Single,1st phase,Nursing,Daytime,Secondary education,Portuguese,Specialized course,Basic education or less,Unskilled Workers,Unskilled Workers,Female,Yes,No,Yes,No,Yes,No,0,16,16,14,13.5857142857143,0
18,3.7,-1.7,Single,1st phase,Oral Hygiene,Daytime,Secondary education,Portuguese,Specialized course,Basic education or less,Administrative staff,Unskilled Workers,Female,Yes,No,Yes,No,No,No,0,15,19,15,11.297368421052651,0
37,-0.3,0.79,Single,Over 23 years old,Social Service,Evening,Secondary education,Santomean,Specialized course,Basic education or less,Unskilled Workers,"Skilled Workers in Industry, Construction, and Craftsmen",Male,No,No,Yes,No,Yes,No,2,13,16,11,11.919642857142883,0
26,2.8,-4.06,Single,Change in institution/course,Design and Multimedia,Daytime,Secondary education,Brazilian,Specialized course,Basic education or less,Unskilled Workers,"Skilled Workers in Industry, Construction, and Craftsmen",Male,No,No,Yes,No,No,No,16,27,27,27,13.814814814814806,0
18,1.4,1.74,Single,Other,Journalism and Communication,Daytime,Secondary education,Other,Specialized course,Basic education or less,Intermediate Level Technicians and Professions,"Personal Services, Security and Safety Workers, and Sellers",Female,Yes,No,No,No,No,Yes,0,12,8,5,12.0,1
19,0.6,2.02,Single,2nd phase,Nursing,Daytime,Secondary education,Angolan,Higher education,Higher education,Specialists in Intellectual and Scientific Activities,Other,Female,Yes,No,Yes,No,No,No,0,15,16,15,13.130535714285699,0
18,0.5,1.79,Single,Other,Veterinary Nursing,Daytime,Secondary education,Other,Specialized course,Secondary Education,Administrative staff,Unskilled Workers,Female,No,No,Yes,No,No,Yes,0,12,22,12,12.681818181818182,0
19,1.4,3.51,Single,1st phase,Advertising and Marketing Management,Daytime,Secondary education,Portuguese,Secondary Education,Higher education,Administrative staff,Intermediate Level Technicians and Professions,Female,Yes,No,Yes,No,No,No,0,12,14,11,13.028571428571414,1
22,-0.8,-3.12,Single,2nd phase,Design and Multimedia,Daytime,Secondary education,Angolan,Secondary Education,Secondary Education,Other,"Personal Services, Security and Safety Workers, and Sellers",Female,No,No,Yes,No,Yes,No,0,12,16,10,12.072916666666682,0
18,3.7,-1.7,Single,1st phase,Nursing,Daytime,Secondary education,Portuguese,Specialized course,Secondary Education,Unskilled Workers,"Personal Services, Security and Safety Workers, and Sellers",Female,Yes,No,Yes,No,Yes,No,0,16,16,14,12.2142857142857,0
18,-0.3,0.79,Single,2nd phase,Tourism,Daytime,Secondary education,Angolan,Specialized course,Specialized course,"Personal Services, Security and Safety Workers, and Sellers",Administrative staff,Female,No,No,Yes,No,Yes,No,0,12,14,12,12.809523809523828,0
18,1.4,3.51,Single,1st phase,Journalism and Communication,Daytime,Secondary education,Portuguese,Specialized course,Basic education or less,"Personal Services, Security and Safety Workers, and Sellers","Personal Services, Security and Safety Workers, and Sellers",Female,Yes,No,Yes,No,Yes,No,0,12,13,12,12.846153846153856,0
18,0.5,1.79,Single,1st phase,Tourism,Daytime,Secondary education,Portuguese,Specialized course,Basic education or less,"Personal Services, Security and Safety Workers, and Sellers","Skilled Workers in Industry, Construction, and Craftsmen",Female,Yes,No,Yes,No,Yes,No,0,12,13,12,13.0,0
18,1.4,3.51,Single,1st phase,Tourism,Daytime,Secondary education,Portuguese,Higher education,Higher education,"Skilled Workers in Industry, Construction, and Craftsmen",Administrative staff,Female,Yes,No,Yes,No,No,No,0,12,14,12,11.724489795918357,0
19,0.6,2.02,Single,2nd phase,Nursing,Daytime,Secondary education,Angolan,Secondary Education,Basic education or less,"Skilled Workers in Industry, Construction, and Craftsmen","Skilled Workers in Industry, Construction, and Craftsmen",Female,Yes,No,Yes,No,Yes,No,0,15,17,14,13.457478991596654,0
20,2.8,-4.06,Single,2nd phase,Other,Daytime,Secondary education,Angolan,Specialized course,Secondary Education,"Personal Services, Security and Safety Workers, and Sellers","Personal Services, Security and Safety Workers, and Sellers",Female,No,No,Yes,No,No,No,0,12,0,0,0.0,1
19,2.8,-4.06,Single,2nd phase,Social Service,Daytime,Secondary education,Angolan,Secondary Education,Basic education or less,Unskilled Workers,"Personal Services, Security and Safety Workers, and Sellers",Female,Yes,No,Yes,No,Yes,No,0,12,19,6,7.3684210526316,1
18,2.8,-4.06,Single,1st phase,Veterinary Nursing,Daytime,Secondary education,Portuguese,Higher education,Secondary Education,Administrative staff,"Skilled Workers in Industry, Construction, and Craftsmen",Female,Yes,No,Yes,No,No,No,0,12,25,9,12.120000000000022,0
18,0.5,1.79,Single,1st phase,Design and Multimedia,Daytime,Secondary education,Portuguese,Secondary Education,Secondary Education,Unskilled Workers,"Skilled Workers in Industry, Construction, and Craftsmen",Female,Yes,No,Yes,No,Yes,No,0,12,12,12,13.66666666666665,1
18,0.6,2.02,Single,2nd phase,Nursing,Daytime,Secondary education,Angolan,Specialized course,Basic education or less,"Skilled Workers in Industry, Construction, and Craftsmen","Skilled Workers in Industry, Construction, and Craftsmen",Female,Yes,No,Yes,No,Yes,No,0,15,15,15,14.02266666666668,0
18,0.5,1.79,Single,2nd phase,Journalism and Communication,Daytime,Secondary education,Angolan,Higher education,Basic education or less,Specialists in Intellectual and Scientific Activities,"Farmers and Skilled Workers in Agriculture, Fisheries, and Forestry",Female,Yes,No,Yes,No,No,No,0,12,13,12,14.692307692307715,0
18,1.4,1.74,Single,2nd phase,Management,Daytime,Secondary education,Angolan,Specialized course,Basic education or less,Administrative staff,Installation and Machine Operators and Assembly Workers,Female,No,No,Yes,No,Yes,No,0,10,17,9,12.323529411764707,0
18,0.3,-0.92,Single,2nd phase,Journalism and Communication,Daytime,Secondary education,Angolan,Secondary Education,Secondary Education,Administrative staff,"Skilled Workers in Industry, Construction, and Craftsmen",Female,Yes,No,Yes,Yes,No,No,0,12,12,12,12.0,0
20,0.3,-0.92,Single,Specialized diploma,Agronomy,Daytime,Specialized course,Romanian,Specialized course,Basic education or less,Unskilled Workers,"Farmers and Skilled Workers in Agriculture, Fisheries, and Forestry",Female,No,No,Yes,No,Yes,No,0,12,18,12,12.944444444444445,0
19,-0.8,-3.12,Single,1st phase,Social Service,Daytime,Secondary education,Other,Specialized course,Basic education or less,Intermediate Level Technicians and Professions,"Personal Services, Security and Safety Workers, and Sellers",Female,Yes,No,Yes,No,Yes,No,0,12,21,9,12.111111111111134,0
19,0.5,1.79,Single,1st phase,Social Service,Daytime,Secondary education,Portuguese,Specialized course,Basic education or less,Other,"Skilled Workers in Industry, Construction, and Craftsmen",Female,Yes,No,Yes,No,Yes,No,0,12,15,12,12.542857142857141,0
19,0.5,1.79,Single,1st phase,Advertising and Marketing Management,Daytime,Secondary education,Portuguese,Specialized course,Basic education or less,"Skilled Workers in Industry, Construction, and Craftsmen","Skilled Workers in Industry, Construction, and Craftsmen",Female,No,No,Yes,No,No,No,0,12,13,12,15.230769230769209,0
20,1.4,3.51,Single,Other,Advertising and Marketing Management,Daytime,Secondary education,Other,Basic education or less,Secondary Education,Specialists in Intellectual and Scientific Activities,"Skilled Workers in Industry, Construction, and Craftsmen",Female,No,Yes,Yes,Yes,No,Yes,0,12,15,11,13.2,0
18,1.4,1.74,Single,3rd phase,Equiniculture,Daytime,Secondary education,Cape Verdean,Specialized course,Basic education or less,Unskilled Workers,"Personal Services, Security and Safety Workers, and Sellers",Female,Yes,No,Yes,No,Yes,No,0,10,12,9,11.875,0
33,0.5,1.79,Single,Holders of other higher courses,Management,Daytime,Higher education,Italian,Secondary Education,Specialized course,Administrative staff,"Skilled Workers in Industry, Construction, and Craftsmen",Female,No,No,Yes,No,No,No,2,10,14,2,9.0,1
19,-0.3,0.79,Single,1st phase,Other,Daytime,Secondary education,Portuguese,Specialized course,Basic education or less,Administrative staff,"Personal Services, Security and Safety Workers, and Sellers",Female,No,No,Yes,No,Yes,No,0,13,14,6,7.333333333333314,1
18,2.8,-4.06,Single,2nd phase,Oral Hygiene,Daytime,Secondary education,Angolan,Secondary Education,Secondary Education,Unskilled Workers,Unskilled Workers,Female,No,No,Yes,No,Yes,No,0,15,15,15,14.13333333333332,0
19,1.4,3.51,Single,2nd phase,Design and Multimedia,Daytime,Secondary education,Angolan,Specialized course,Secondary Education,Administrative staff,Intermediate Level Technicians and Professions,Female,No,No,Yes,No,No,No,0,12,0,0,0.0,1
18,0.5,1.79,Single,1st phase,Journalism and Communication,Daytime,Secondary education,Portuguese,Higher education,Secondary Education,Specialists in Intellectual and Scientific Activities,Installation and Machine Operators and Assembly Workers,Female,Yes,No,Yes,No,No,No,0,12,13,12,15.102564102564084,0
20,1.4,1.74,Single,1st phase,Social Service,Daytime,Secondary education,Portuguese,Specialized course,Basic education or less,Unskilled Workers,"Personal Services, Security and Safety Workers, and Sellers",Female,Yes,No,Yes,No,No,No,0,12,12,12,12.8333333333333,0
19,-0.8,-3.12,Single,1st phase,Nursing,Daytime,Secondary education,Portuguese,Specialized course,Basic education or less,"Skilled Workers in Industry, Construction, and Craftsmen","Skilled Workers in Industry, Construction, and Craftsmen",Female,Yes,No,Yes,No,No,No,0,16,18,16,13.2325,0
18,-0.8,-3.12,Single,1st phase,Journalism and Communication,Daytime,Secondary education,Portuguese,Specialized course,Basic education or less,Unskilled Workers,Unskilled Workers,Male,Yes,No,Yes,No,Yes,No,0,12,12,12,14.08333333333335,0
19,-0.3,0.79,Single,2nd phase,Tourism,Daytime,Secondary education,Angolan,Secondary Education,Higher education,"Personal Services, Security and Safety Workers, and Sellers",Intermediate Level Technicians and Professions,Male,Yes,No,Yes,Yes,Yes,No,0,12,20,2,7.0,1
25,-0.3,0.79,Single,Change in institution/course,Social Service,Evening,Secondary education,Brazilian,Specialized course,Basic education or less,Unskilled Workers,Unskilled Workers,Female,Yes,No,Yes,No,No,Yes,19,29,29,26,12.857889237199576,0
19,3.7,-1.7,Single,1st phase,Social Service,Evening,Secondary education,Portuguese,Specialized course,Basic education or less,"Personal Services, Security and Safety Workers, and Sellers","Personal Services, Security and Safety Workers, and Sellers",Female,No,No,Yes,No,No,No,0,12,12,12,12.0,0
33,2.6,0.32,Single,2nd phase,Management,Evening,Secondary education,Angolan,Some High School,Unknown,Other,Other,Male,Yes,No,Yes,Yes,No,No,0,10,13,2,6.461538461538462,1
19,0.6,2.02,Single,Other,Management,Daytime,Secondary education,Other,Secondary Education,Secondary Education,Specialists in Intellectual and Scientific Activities,Intermediate Level Technicians and Professions,Female,No,No,Yes,No,No,Yes,0,10,16,9,11.775,0
18,0.6,2.02,Single,1st phase,Journalism and Communication,Daytime,Secondary education,Portuguese,Specialized course,Secondary Education,"Personal Services, Security and Safety Workers, and Sellers",Armed Forces Professions,Female,Yes,No,Yes,No,No,No,0,12,12,12,13.75,1
18,2.6,0.32,Single,2nd phase,Other,Daytime,Secondary education,Angolan,Higher education,Basic education or less,Specialists in Intellectual and Scientific Activities,"Skilled Workers in Industry, Construction, and Craftsmen",Female,Yes,No,Yes,No,No,No,0,12,15,11,13.020000000000001,0
18,-0.8,-3.12,Single,1st phase,Nursing,Daytime,Secondary education,Portuguese,Specialized course,Basic education or less,"Skilled Workers in Industry, Construction, and Craftsmen","Skilled Workers in Industry, Construction, and Craftsmen",Female,Yes,No,Yes,No,No,No,0,16,16,16,13.07375,0
37,0.3,-0.92,Married,Over 23 years old,Nursing,Daytime,Basic education 3rd cycle (9th/10th/11th year) or equivalent,Santomean,Specialized course,Basic education or less,Specialists in Intellectual and Scientific Activities,Armed Forces Professions,Female,No,No,Yes,No,No,No,0,14,18,2,5.375,1
20,1.4,1.74,Single,1st phase,Tourism,Daytime,Secondary education,Portuguese,Specialized course,Basic education or less,"Personal Services, Security and Safety Workers, and Sellers","Personal Services, Security and Safety Workers, and Sellers",Female,Yes,No,Yes,No,Yes,Yes,0,12,12,12,13.66666666666665,0
21,0.6,2.02,Single,Other,Social Service,Daytime,Secondary education,Other,Specialized course,Basic education or less,Unskilled Workers,"Farmers and Skilled Workers in Agriculture, Fisheries, and Forestry",Male,No,No,Yes,No,No,Yes,0,12,14,12,12.880952380952351,0
18,0.5,1.79,Single,2nd phase,Nursing,Daytime,Secondary education,Angolan,Specialized course,Secondary Education,"Personal Services, Security and Safety Workers, and Sellers",Administrative staff,Female,No,No,Yes,No,Yes,No,0,15,16,15,14.209375000000001,0
18,0.3,-0.92,Single,1st phase,Journalism and Communication,Daytime,Secondary education,Portuguese,Specialized course,Secondary Education,Intermediate Level Technicians and Professions,Unskilled Workers,Female,Yes,No,Yes,No,Yes,No,0,12,12,12,14.1666666666667,0
18,-0.8,-3.12,Single,1st phase,Nursing,Daytime,Secondary education,Portuguese,Specialized course,Basic education or less,Unskilled Workers,"Skilled Workers in Industry, Construction, and Craftsmen",Female,No,No,Yes,Yes,No,No,0,16,18,16,14.4025,0
31,0.6,2.02,Single,1st phase,Nursing,Daytime,Secondary education,Portuguese,Specialized course,Basic education or less,Unskilled Workers,Unskilled Workers,Female,Yes,No,Yes,No,No,No,0,15,17,15,15.901102941176472,0
23,3.7,-1.7,Single,1st phase,Social Service,Daytime,Secondary education,Portuguese,Secondary Education,Secondary Education,Administrative staff,Armed Forces Professions,Female,No,No,Yes,Yes,No,No,0,12,14,12,13.2857142857143,0
19,2.6,0.32,Single,1st phase,Nursing,Daytime,Secondary education,Portuguese,Specialized course,Basic education or less,Unskilled Workers,Unskilled Workers,Female,Yes,No,Yes,No,No,No,0,14,14,12,14.9833333333333,0
20,0.6,2.02,Single,1st phase,Journalism and Communication,Daytime,Secondary education,Other,Specialized course,Basic education or less,Administrative staff,Unskilled Workers,Female,Yes,No,Yes,No,Yes,No,0,12,12,12,14.0,0
40,3.7,-1.7,Married,Over 23 years old,Social Service,Evening,Secondary education,Santomean,Specialized course,Basic education or less,"Skilled Workers in Industry, Construction, and Craftsmen","Personal Services, Security and Safety Workers, and Sellers",Female,No,No,Yes,No,No,No,8,16,16,16,15.12499999999999,0
32,0.3,-0.92,Single,Specialized diploma,Veterinary Nursing,Daytime,Specialized course,Romanian,Specialized course,Basic education or less,Unskilled Workers,Unskilled Workers,Female,Yes,No,Yes,Yes,No,No,0,12,28,7,11.25,1
24,1.4,1.74,Single,1st phase,Tourism,Daytime,Secondary education,Portuguese,Specialized course,Basic education or less,Unskilled Workers,"Skilled Workers in Industry, Construction, and Craftsmen",Female,Yes,No,Yes,No,No,No,0,12,25,3,10.28,1
18,2.6,0.32,Single,2nd phase,Nursing,Daytime,Secondary education,Angolan,Specialized course,Basic education or less,"Personal Services, Security and Safety Workers, and Sellers",Installation and Machine Operators and Assembly Workers,Female,Yes,No,Yes,No,No,No,0,14,14,12,13.9833333333333,0
18,1.4,1.74,Single,1st phase,Social Service,Daytime,Secondary education,Portuguese,Specialized course,Basic education or less,Unskilled Workers,Unskilled Workers,Female,No,No,Yes,No,No,No,0,12,12,12,12.91666666666665,0
18,1.4,1.74,Single,1st phase,Social Service,Daytime,Secondary education,Portuguese,Specialized course,Basic education or less,Administrative staff,"Skilled Workers in Industry, Construction, and Craftsmen",Female,Yes,No,Yes,No,Yes,No,0,12,12,12,13.33333333333335,0
27,2.8,-4.06,Single,Over 23 years old,Agronomy,Daytime,Secondary education,Santomean,Specialized course,Basic education or less,Administrative staff,"Skilled Workers in Industry, Construction, and Craftsmen",Female,Yes,No,No,No,No,No,0,12,16,0,0.0,1
18,2.6,0.32,Single,1st phase,Management,Daytime,Secondary education,Portuguese,Specialized course,Basic education or less,Unskilled Workers,"Personal Services, Security and Safety Workers, and Sellers",Female,No,No,Yes,No,No,No,0,10,10,10,14.9,0
19,2.6,0.32,Single,1st phase,Other,Daytime,Secondary education,Portuguese,Specialized course,Some High School,Unskilled Workers,Administrative staff,Female,Yes,No,Yes,No,No,No,0,12,13,12,13.89743589743593,0
19,2.6,0.32,Single,2nd phase,Social Service,Evening,Secondary education,Angolan,Specialized course,Unknown,Other,Other,Female,Yes,No,Yes,No,No,No,0,12,15,11,12.106666666666666,0
20,3.7,-1.7,Single,2nd phase,Other,Daytime,Secondary education,Angolan,Specialized course,Basic education or less,Unskilled Workers,Armed Forces Professions,Female,No,No,Yes,No,No,No,0,12,19,5,11.27192982456139,1
30,0.6,2.02,Single,Over 23 years old,Agronomy,Daytime,Secondary education,Santomean,Specialized course,Basic education or less,Unskilled Workers,Unskilled Workers,Female,No,No,Yes,No,No,No,0,12,12,0,0.0,1
21,1.4,1.74,Single,Holders of other higher courses,Management,Daytime,Higher education,Italian,Specialized course,Basic education or less,Unskilled Workers,Installation and Machine Operators and Assembly Workers,Female,No,No,Yes,No,No,No,7,19,27,19,11.373219373219367,0
26,-0.3,0.79,Single,Over 23 years old,Oral Hygiene,Daytime,Secondary education,Santomean,Specialized course,Basic education or less,Administrative staff,"Personal Services, Security and Safety Workers, and Sellers",Female,No,No,Yes,No,No,No,0,15,20,14,11.97000000000002,1
18,0.3,-0.92,Single,2nd phase,Design and Multimedia,Daytime,Secondary education,Angolan,Specialized course,Basic education or less,"Personal Services, Security and Safety Workers, and Sellers",Unskilled Workers,Female,No,No,Yes,No,Yes,No,0,12,12,12,12.4166666666667,0
21,3.7,-1.7,Single,1st phase,Design and Multimedia,Daytime,Secondary education,Portuguese,Secondary Education,Basic education or less,"Personal Services, Security and Safety Workers, and Sellers",Unskilled Workers,Female,Yes,No,Yes,Yes,No,No,0,12,17,10,11.776470588235293,1
19,3.7,-1.7,Single,2nd phase,Other,Daytime,Secondary education,Angolan,Specialized course,Basic education or less,"Personal Services, Security and Safety Workers, and Sellers",Unskilled Workers,Female,Yes,Yes,Yes,No,Yes,No,0,12,14,11,13.1,1
19,0.5,1.79,Single,1st phase,Social Service,Daytime,Secondary education,Portuguese,Specialized course,Basic education or less,"Personal Services, Security and Safety Workers, and Sellers",Installation and Machine Operators and Assembly Workers,Female,Yes,No,Yes,No,No,No,0,12,14,12,12.5595238095238,0
19,-0.8,-3.12,Single,1st phase,Veterinary Nursing,Daytime,Secondary education,Portuguese,Specialized course,Basic education or less,Unskilled Workers,Installation and Machine Operators and Assembly Workers,Female,Yes,No,No,No,No,No,0,10,20,0,0.0,1
19,-0.8,-3.12,Single,2nd phase,Social Service,Daytime,Secondary education,Angolan,Specialized course,Basic education or less,"Skilled Workers in Industry, Construction, and Craftsmen","Personal Services, Security and Safety Workers, and Sellers",Female,Yes,No,Yes,No,No,No,0,12,21,3,11.80952380952381,1
27,-0.8,-3.12,Married,Specialized diploma,Veterinary Nursing,Daytime,Specialized course,Romanian,Specialized course,Basic education or less,Other,Other,Female,No,No,Yes,No,No,No,0,10,20,8,13.2,0
22,3.7,-1.7,Single,Other,Veterinary Nursing,Daytime,Secondary education,Other,Specialized course,Basic education or less,"Personal Services, Security and Safety Workers, and Sellers","Personal Services, Security and Safety Workers, and Sellers",Female,Yes,No,Yes,No,No,No,2,10,17,10,13.023529411764704,0
18,2.8,-4.06,Single,1st phase,Journalism and Communication,Daytime,Secondary education,Portuguese,Specialized course,Secondary Education,Unskilled Workers,"Skilled Workers in Industry, Construction, and Craftsmen",Female,Yes,No,Yes,No,No,No,0,12,15,11,13.066666666666647,1
20,-0.8,-3.12,Single,2nd phase,Tourism,Daytime,Secondary education,Angolan,Specialized course,Basic education or less,"Personal Services, Security and Safety Workers, and Sellers","Personal Services, Security and Safety Workers, and Sellers",Female,Yes,No,Yes,No,No,No,0,12,14,10,12.0,0
34,-0.8,-3.12,Married,Change in institution/course,Management,Evening,Secondary education,Brazilian,Specialized course,Basic education or less,Unskilled Workers,Unskilled Workers,Female,No,No,Yes,No,No,No,5,15,16,5,10.5625,1
18,-0.3,0.79,Single,2nd phase,Nursing,Daytime,Secondary education,Angolan,Secondary Education,Basic education or less,"Personal Services, Security and Safety Workers, and Sellers",Installation and Machine Operators and Assembly Workers,Female,Yes,No,Yes,No,No,No,0,15,18,14,13.070634920634951,0
20,-0.8,-3.12,Single,2nd phase,Journalism and Communication,Daytime,Secondary education,Angolan,Secondary Education,Secondary Education,"Personal Services, Security and Safety Workers, and Sellers","Personal Services, Security and Safety Workers, and Sellers",Male,Yes,No,Yes,No,No,No,0,12,19,8,13.828947368421053,0
20,3.7,-1.7,Single,1st phase,Equiniculture,Daytime,Secondary education,Portuguese,Secondary Education,Basic education or less,"Personal Services, Security and Safety Workers, and Sellers","Personal Services, Security and Safety Workers, and Sellers",Female,Yes,No,Yes,No,No,Yes,0,10,12,10,16.0,0
25,0.3,-0.92,Single,Over 23 years old,Management,Evening,Secondary education,Santomean,Secondary Education,Basic education or less,Administrative staff,Unskilled Workers,Male,No,No,Yes,No,No,No,0,10,15,0,0.0,1
18,1.4,3.51,Single,1st phase,Informatics Engineering,Daytime,Secondary education,Portuguese,Higher education,Basic education or less,Specialists in Intellectual and Scientific Activities,Unskilled Workers,Male,Yes,No,Yes,No,No,No,0,10,15,8,12.76,1
18,1.4,3.51,Single,1st phase,Equiniculture,Daytime,Secondary education,Portuguese,Secondary Education,Secondary Education,Unskilled Workers,Unskilled Workers,Male,No,No,No,No,No,No,0,12,19,9,12.410526315789474,1
18,-0.8,-3.12,Single,2nd phase,Other,Daytime,Secondary education,Angolan,Specialized course,Basic education or less,"Personal Services, Security and Safety Workers, and Sellers","Skilled Workers in Industry, Construction, and Craftsmen",Female,Yes,No,Yes,No,Yes,No,0,12,21,5,4.647619047619047,1
19,0.5,1.79,Single,2nd phase,Tourism,Daytime,Secondary education,Angolan,Secondary Education,Basic education or less,"Personal Services, Security and Safety Workers, and Sellers",Administrative staff,Female,No,No,Yes,No,Yes,No,0,12,14,10,11.900000000000002,0
19,1.4,1.74,Single,2nd phase,Other,Daytime,Secondary education,Angolan,Specialized course,Basic education or less,"Personal Services, Security and Safety Workers, and Sellers","Personal Services, Security and Safety Workers, and Sellers",Female,Yes,No,Yes,No,Yes,No,0,12,15,11,12.364444444444427,1
21,-0.3,0.79,Single,Specialized diploma,Social Service,Daytime,Secondary education,Romanian,Secondary Education,Secondary Education,"Personal Services, Security and Safety Workers, and Sellers","Personal Services, Security and Safety Workers, and Sellers",Female,No,No,Yes,No,Yes,No,5,12,13,12,13.615384615384615,0
20,0.5,1.79,Single,1st phase,Design and Multimedia,Daytime,Secondary education,Portuguese,Secondary Education,Basic education or less,Unskilled Workers,Unskilled Workers,Female,Yes,No,Yes,No,Yes,No,0,12,12,12,11.91666666666665,0
21,1.4,3.51,Single,Change in institution/course,Social Service,Evening,Specialized course,Other,Specialized course,Basic education or less,Other,Other,Female,Yes,No,Yes,Yes,Yes,No,22,24,24,21,12.668939393939377,0
34,1.4,1.74,Single,Change in institution/course,Management,Evening,Secondary education,Brazilian,Specialized course,Basic education or less,Unskilled Workers,Installation and Machine Operators and Assembly Workers,Female,No,No,Yes,No,No,Yes,3,3,3,3,10.666666666666666,1
20,3.7,-1.7,Single,1st phase,Journalism and Communication,Daytime,Secondary education,Portuguese,Secondary Education,Basic education or less,Intermediate Level Technicians and Professions,Unskilled Workers,Female,Yes,No,Yes,No,No,Yes,0,12,12,12,12.16666666666665,0
24,1.4,1.74,Single,Over 23 years old,Management,Evening,Secondary education,Santomean,Specialized course,Basic education or less,Unskilled Workers,Unskilled Workers,Male,No,No,Yes,No,No,No,0,10,17,1,4.9411764705882355,1
18,0.3,-0.92,Single,1st phase,Nursing,Daytime,Secondary education,Portuguese,Secondary Education,Secondary Education,Administrative staff,Intermediate Level Technicians and Professions,Male,No,No,Yes,No,No,No,0,15,16,15,14.587499999999988,0
28,0.6,2.02,Single,Over 23 years old,Management,Evening,Secondary education,Santomean,Secondary Education,Secondary Education,Unskilled Workers,"Skilled Workers in Industry, Construction, and Craftsmen",Male,No,No,Yes,No,No,No,0,10,25,3,11.48,1
20,2.6,0.32,Single,2nd phase,Tourism,Daytime,Secondary education,Angolan,Specialized course,Basic education or less,Other,"Personal Services, Security and Safety Workers, and Sellers",Male,No,No,Yes,No,No,No,0,12,21,4,4.607142857142857,1
22,-0.8,-3.12,Single,Change in institution/course,Nursing,Daytime,Secondary education,Brazilian,Secondary Education,Secondary Education,"Skilled Workers in Industry, Construction, and Craftsmen",Administrative staff,Male,Yes,No,Yes,No,No,No,0,16,18,16,12.55375,0
19,1.4,1.74,Single,1st phase,Nursing,Daytime,Secondary education,Portuguese,Specialized course,Secondary Education,Administrative staff,Administrative staff,Male,Yes,No,Yes,No,No,No,0,16,16,14,12.6657142857143,0
26,0.5,1.79,Single,Over 23 years old,Oral Hygiene,Daytime,Secondary education,Santomean,Higher education,Secondary Education,Specialists in Intellectual and Scientific Activities,Administrative staff,Male,No,No,Yes,No,No,No,0,12,17,2,4.838235294117647,1
21,-0.8,-3.12,Single,1st phase,Tourism,Daytime,Secondary education,Portuguese,Specialized course,Basic education or less,Unskilled Workers,Unskilled Workers,Male,Yes,No,No,No,No,No,0,12,25,3,4.84,1
18,0.6,2.02,Single,2nd phase,Management,Daytime,Secondary education,Angolan,Specialized course,Basic education or less,Unskilled Workers,"Skilled Workers in Industry, Construction, and Craftsmen",Male,Yes,No,Yes,No,No,No,0,10,11,10,12.745454545454544,0
22,0.6,2.02,Single,1st phase,Design and Multimedia,Daytime,Secondary education,Portuguese,Specialized course,Basic education or less,Administrative staff,"Skilled Workers in Industry, Construction, and Craftsmen",Male,Yes,No,Yes,No,No,No,29,34,41,34,12.35392282715398,0
36,0.3,-0.92,Married,Over 23 years old,Informatics Engineering,Daytime,Basic education 3rd cycle (9th/10th/11th year) or equivalent,Santomean,Specialized course,Basic education or less,Unskilled Workers,Unskilled Workers,Male,No,No,Yes,No,No,No,0,10,0,0,0.0,1
20,-0.3,0.79,Single,1st phase,Journalism and Communication,Daytime,Secondary education,Portuguese,Specialized course,Basic education or less,Unskilled Workers,Unskilled Workers,Male,Yes,No,Yes,No,Yes,No,0,12,16,12,11.75,0
20,1.4,1.74,Single,2nd phase,Advertising and Marketing Management,Daytime,Secondary education,Angolan,Higher education,Higher education,Specialists in Intellectual and Scientific Activities,Other,Male,No,No,Yes,No,No,No,0,12,15,3,4.93333333333332,1
25,0.5,1.79,Single,Over 23 years old,Management,Evening,Secondary education,Santomean,Specialized course,Secondary Education,"Personal Services, Security and Safety Workers, and Sellers",Administrative staff,Male,No,No,Yes,No,No,No,0,10,22,7,12.5,1
35,2.8,-4.06,Single,Over 23 years old,Agronomy,Daytime,Secondary education,Santomean,Specialized course,Basic education or less,Other,Administrative staff,Male,No,No,Yes,No,No,No,2,12,18,10,13.431481481481462,0
20,0.3,-0.92,Single,Specialized diploma,Agronomy,Daytime,Specialized course,Romanian,Specialized course,Basic education or less,Unskilled Workers,"Personal Services, Security and Safety Workers, and Sellers",Male,No,No,No,Yes,No,No,0,12,31,6,11.896774193548387,1
50,0.3,-0.92,Single,Change in institution/course,Social Service,Evening,Other,Brazilian,Specialized course,Secondary Education,Unskilled Workers,Armed Forces Professions,Male,No,No,Yes,No,No,No,8,24,24,8,12.326388888888872,1
20,1.4,1.74,Single,1st phase,Nursing,Daytime,Secondary education,Portuguese,Specialized course,Basic education or less,Unskilled Workers,Installation and Machine Operators and Assembly Workers,Male,No,No,Yes,No,No,No,0,16,24,10,12.002,1
35,2.8,-4.06,Single,Holders of other higher courses,Agronomy,Daytime,Higher education,Italian,Higher education,Basic education or less,Specialists in Intellectual and Scientific Activities,Armed Forces Professions,Male,No,No,No,No,No,No,1,12,19,6,13.210526315789474,1
19,2.8,-4.06,Single,1st phase,Advertising and Marketing Management,Daytime,Secondary education,Portuguese,Higher education,Basic education or less,Administrative staff,"Personal Services, Security and Safety Workers, and Sellers",Male,No,No,Yes,No,Yes,No,0,12,15,12,13.688888888888888,0
43,-0.8,-3.12,Married,Over 23 years old,Management,Daytime,Secondary education,Santomean,Specialized course,Basic education or less,"Personal Services, Security and Safety Workers, and Sellers","Skilled Workers in Industry, Construction, and Craftsmen",Male,No,No,Yes,No,No,No,0,10,19,0,0.0,1
19,1.4,1.74,Single,2nd phase,Nursing,Daytime,Secondary education,Angolan,Higher education,Basic education or less,Specialists in Intellectual and Scientific Activities,Other,Male,No,No,Yes,No,No,No,0,16,22,14,13.867142857142902,0
25,3.7,-1.7,Single,Over 23 years old,Nursing,Daytime,Secondary education,Santomean,Specialized course,Basic education or less,Unskilled Workers,Unskilled Workers,Male,No,No,Yes,No,No,No,0,16,22,12,12.675,0
19,0.6,2.02,Single,1st phase,Tourism,Daytime,Secondary education,Portuguese,Specialized course,Basic education or less,Intermediate Level Technicians and Professions,Intermediate Level Technicians and Professions,Male,No,No,Yes,No,Yes,No,0,12,13,11,11.553846153846154,1
32,-0.3,0.79,Married,Over 23 years old,Management,Evening,Secondary education,Santomean,Specialized course,Basic education or less,Intermediate Level Technicians and Professions,Unskilled Workers,Male,No,No,Yes,No,No,No,0,10,22,8,11.04166666666665,1
57,-0.8,-3.12,Married,Over 23 years old,Journalism and Communication,Daytime,Other,Santomean,Specialized course,Basic education or less,Unskilled Workers,"Skilled Workers in Industry, Construction, and Craftsmen",Male,Yes,No,Yes,No,No,No,0,12,13,11,14.1846153846154,0
20,0.3,-0.92,Single,1st phase,Nursing,Daytime,Secondary education,Portuguese,Secondary Education,Basic education or less,Intermediate Level Technicians and Professions,"Personal Services, Security and Safety Workers, and Sellers",Male,No,No,No,No,No,No,0,14,18,8,12.20138888888889,1
38,1.4,3.51,Single,Over 23 years old,Management,Evening,Secondary education,Santomean,Secondary Education,Secondary Education,"Personal Services, Security and Safety Workers, and Sellers","Personal Services, Security and Safety Workers, and Sellers",Male,Yes,No,No,No,No,No,0,10,10,0,0.0,1
45,0.5,1.79,Married,Over 23 years old,Management,Evening,Secondary education,Santomean,Specialized course,Higher education,Unskilled Workers,Intermediate Level Technicians and Professions,Male,No,No,Yes,No,No,No,0,10,12,10,14.08333333333335,0
43,1.4,1.74,Married,Over 23 years old,Journalism and Communication,Daytime,Secondary education,Santomean,Specialized course,Basic education or less,Unskilled Workers,Armed Forces Professions,Male,No,No,No,Yes,No,No,0,12,28,6,10.964285714285714,1
19,1.4,1.74,Single,2nd phase,Design and Multimedia,Daytime,Secondary education,Angolan,Specialized course,Secondary Education,Unskilled Workers,Unskilled Workers,Male,Yes,No,Yes,No,No,No,0,12,14,12,13.428571428571415,0
49,2.8,-4.06,Married,Over 23 years old,Management,Evening,Basic education 3rd cycle (9th/10th/11th year) or equivalent,Santomean,Specialized course,Basic education or less,Administrative staff,Administrative staff,Male,No,No,No,No,No,No,0,10,13,3,11.0,1
34,0.6,2.02,Single,Over 23 years old,Social Service,Evening,Secondary education,Santomean,Specialized course,Basic education or less,Unskilled Workers,Unskilled Workers,Male,No,No,Yes,No,No,No,0,11,11,4,6.681818181818182,1
43,1.4,1.74,Married,Over 23 years old,Management,Evening,Secondary education,Santomean,Specialized course,Basic education or less,Other,Administrative staff,Male,No,No,Yes,No,No,No,0,10,11,10,13.727272727272746,0
21,2.8,-4.06,Single,1st phase,Tourism,Daytime,Secondary education,Portuguese,Specialized course,Secondary Education,Unskilled Workers,Installation and Machine Operators and Assembly Workers,Male,No,No,Yes,No,No,No,0,12,17,4,11.470588235294118,1
19,1.4,1.74,Single,2nd phase,Advertising and Marketing Management,Daytime,Secondary education,Angolan,Specialized course,Basic education or less,"Personal Services, Security and Safety Workers, and Sellers","Personal Services, Security and Safety Workers, and Sellers",Male,Yes,No,Yes,No,Yes,No,0,12,17,10,12.459150326797412,0
43,0.3,-0.92,Married,Change in institution/course,Oral Hygiene,Daytime,Secondary education,Other,Specialized course,Basic education or less,Unskilled Workers,"Farmers and Skilled Workers in Agriculture, Fisheries, and Forestry",Male,No,No,Yes,No,No,No,0,15,20,2,8.547500000000001,1
31,-0.8,-3.12,Single,Change in institution/course,Management,Evening,Secondary education,Brazilian,Specialized course,Basic education or less,Unskilled Workers,Unskilled Workers,Male,No,No,Yes,No,No,No,1,10,13,10,14.67692307692306,0
34,1.4,3.51,Single,Over 23 years old,Management,Evening,Secondary education,Santomean,Specialized course,Basic education or less,Other,Other,Male,No,No,Yes,No,No,No,0,10,10,10,16.3,0
30,2.6,0.32,Other,Change in institution/course,Nursing,Daytime,Basic education 3rd cycle (9th/10th/11th year) or equivalent,Brazilian,Some High School,Unknown,Other,Other,Male,No,No,Yes,No,No,No,22,28,52,24,12.5260869565217,0
36,0.3,-0.92,Married,Over 23 years old,Nursing,Daytime,Basic education 3rd cycle (9th/10th/11th year) or equivalent,Santomean,Specialized course,Basic education or less,"Skilled Workers in Industry, Construction, and Craftsmen",Installation and Machine Operators and Assembly Workers,Male,No,No,Yes,No,No,No,0,15,20,6,5.752499999999985,1
46,0.6,2.02,Single,Holders of other higher courses,Management,Evening,Higher education,Italian,Specialized course,Basic education or less,Other,"Skilled Workers in Industry, Construction, and Craftsmen",Male,No,No,No,Yes,No,No,0,10,10,1,5.0,1
22,2.6,0.32,Single,2nd phase,Veterinary Nursing,Daytime,Secondary education,Angolan,Secondary Education,Basic education or less,"Personal Services, Security and Safety Workers, and Sellers",Unskilled Workers,Male,No,No,Yes,No,No,No,0,10,16,6,11.83333333333335,0
27,0.3,-0.92,Single,Holders of other higher courses,Agronomy,Daytime,Higher education,Italian,Secondary Education,Basic education or less,"Personal Services, Security and Safety Workers, and Sellers",Unskilled Workers,Male,No,No,Yes,No,No,No,0,12,18,0,0.0,1
31,3.7,-1.7,Single,Change in institution/course,Informatics Engineering,Daytime,Secondary education,Other,Specialized course,Basic education or less,Other,Other,Male,No,No,No,Yes,No,No,0,9,9,0,0.0,1
21,1.4,1.74,Single,2nd phase,Journalism and Communication,Daytime,Secondary education,Angolan,Secondary Education,Basic education or less,Other,Installation and Machine Operators and Assembly Workers,Male,Yes,No,No,No,No,No,0,12,10,2,12.0,1
21,0.3,-0.92,Single,2nd phase,Management,Daytime,Secondary education,Angolan,Specialized course,Basic education or less,Unskilled Workers,"Skilled Workers in Industry, Construction, and Craftsmen",Male,No,No,Yes,No,No,No,0,10,17,6,10.897058823529411,1
19,0.3,-0.92,Single,1st phase,Management,Daytime,Secondary education,Portuguese,Secondary Education,Higher education,Unskilled Workers,Armed Forces Professions,Male,No,No,Yes,No,No,No,0,10,18,9,12.655555555555557,0
20,1.4,3.51,Single,2nd phase,Management,Daytime,Secondary education,Angolan,Specialized course,Basic education or less,Administrative staff,Administrative staff,Male,Yes,No,Yes,No,Yes,No,0,10,14,9,11.685714285714287,0
18,0.5,1.79,Single,1st phase,Agronomy,Daytime,Secondary education,Portuguese,Specialized course,Secondary Education,Unskilled Workers,Administrative staff,Male,No,No,Yes,No,No,No,0,12,13,12,15.615384615384631,0
18,0.3,-0.92,Single,1st phase,Journalism and Communication,Daytime,Secondary education,Portuguese,Secondary Education,Secondary Education,Administrative staff,Intermediate Level Technicians and Professions,Male,No,No,Yes,No,Yes,No,0,12,12,12,12.08333333333335,0
34,2.8,-4.06,Single,Over 23 years old,Tourism,Daytime,Basic education 3rd cycle (9th/10th/11th year) or equivalent,Santomean,Specialized course,Basic education or less,Intermediate Level Technicians and Professions,Other,Male,No,No,No,Yes,No,No,0,12,12,0,0.0,1
20,0.3,-0.92,Single,Specialized diploma,Design and Multimedia,Daytime,Specialized course,Romanian,Specialized course,Secondary Education,Unskilled Workers,"Skilled Workers in Industry, Construction, and Craftsmen",Male,No,No,Yes,No,No,No,7,16,19,13,12.678947368421051,1
18,3.7,-1.7,Single,1st phase,Nursing,Daytime,Secondary education,Portuguese,Specialized course,Basic education or less,Unskilled Workers,Unskilled Workers,Male,No,No,Yes,No,No,No,0,16,16,14,13.4,0
26,0.5,1.79,Married,Change in institution/course,Agronomy,Daytime,Secondary education,Other,Higher education,Secondary Education,Specialists in Intellectual and Scientific Activities,Other,Male,No,No,Yes,No,No,No,0,12,15,1,6.0,1
20,-0.8,-3.12,Single,2nd phase,Informatics Engineering,Daytime,Secondary education,Angolan,Specialized course,Basic education or less,"Skilled Workers in Industry, Construction, and Craftsmen",Intermediate Level Technicians and Professions,Male,Yes,No,Yes,Yes,No,No,0,10,10,0,0.0,1
25,2.8,-4.06,Single,Specialized diploma,Agronomy,Daytime,Specialized course,Romanian,Secondary Education,Basic education or less,Other,Unskilled Workers,Male,No,No,Yes,No,No,No,0,12,30,7,11.226666666666665,1
24,-0.8,-3.12,Single,Over 23 years old,Management,Daytime,Secondary education,Santomean,Specialized course,Higher education,Administrative staff,Other,Male,Yes,No,Yes,No,No,No,0,10,13,4,11.948717948717968,1
20,2.6,0.32,Single,1st phase,Equiniculture,Daytime,Secondary education,Portuguese,Higher education,Higher education,Specialists in Intellectual and Scientific Activities,Other,Male,No,No,Yes,No,No,No,0,10,12,9,12.4375,0
20,3.7,-1.7,Single,1st phase,Management,Daytime,Secondary education,Portuguese,Secondary Education,Higher education,Unskilled Workers,"Personal Services, Security and Safety Workers, and Sellers",Male,No,No,Yes,No,No,No,0,10,10,0,0.0,1
18,1.4,1.74,Single,1st phase,Design and Multimedia,Daytime,Secondary education,Other,Higher education,Secondary Education,Unskilled Workers,"Farmers and Skilled Workers in Agriculture, Fisheries, and Forestry",Female,Yes,No,Yes,No,No,No,0,12,14,12,13.500000000000014,0
22,0.6,2.02,Single,2nd phase,Tourism,Daytime,Secondary education,Angolan,Specialized course,Basic education or less,Unskilled Workers,"Farmers and Skilled Workers in Agriculture, Fisheries, and Forestry",Female,Yes,No,Yes,No,No,No,0,12,13,11,14.769230769230784,0
41,-0.8,-3.12,Single,Change in institution/course,Social Service,Evening,Secondary education,Brazilian,Specialized course,Basic education or less,Other,"Farmers and Skilled Workers in Agriculture, Fisheries, and Forestry",Female,No,No,No,No,No,No,0,12,18,0,0.0,1
19,3.7,-1.7,Single,1st phase,Management,Daytime,Secondary education,Portuguese,Specialized course,Basic education or less,"Skilled Workers in Industry, Construction, and Craftsmen",Unskilled Workers,Female,No,No,Yes,Yes,Yes,No,0,10,21,2,6.023809523809524,1
21,-0.3,0.79,Single,Change in institution/course,Equiniculture,Daytime,Secondary education,Brazilian,Higher education,Higher education,Intermediate Level Technicians and Professions,Administrative staff,Female,Yes,No,Yes,No,No,No,0,12,22,11,12.436363636363637,0
30,-0.3,0.79,Single,Over 23 years old,Veterinary Nursing,Daytime,Secondary education,Santomean,Secondary Education,Secondary Education,"Personal Services, Security and Safety Workers, and Sellers","Personal Services, Security and Safety Workers, and Sellers",Female,Yes,No,Yes,Yes,No,No,0,12,14,12,16.547619047619047,1
21,0.6,2.02,Single,1st phase,Nursing,Daytime,Secondary education,Portuguese,Specialized course,Basic education or less,Unskilled Workers,Unskilled Workers,Female,Yes,No,Yes,No,Yes,No,0,15,18,12,13.27157142857145,0
21,0.6,2.02,Single,Other,Advertising and Marketing Management,Daytime,Secondary education,Other,Secondary Education,Secondary Education,Unskilled Workers,Administrative staff,Female,No,No,Yes,No,No,Yes,3,13,17,13,14.352941176470605,0
18,1.4,1.74,Single,1st phase,Nursing,Daytime,Secondary education,Portuguese,Secondary Education,Secondary Education,Intermediate Level Technicians and Professions,Administrative staff,Female,Yes,No,Yes,No,No,No,0,16,16,14,14.1157142857143,0
19,0.5,1.79,Single,1st phase,Veterinary Nursing,Daytime,Secondary education,Portuguese,Higher education,Secondary Education,Other,Administrative staff,Female,Yes,No,Yes,No,Yes,No,0,12,17,12,13.830065359477135,0
18,1.4,3.51,Single,1st phase,Veterinary Nursing,Daytime,Secondary education,Portuguese,Secondary Education,Basic education or less,Unskilled Workers,Installation and Machine Operators and Assembly Workers,Female,Yes,No,Yes,No,Yes,No,0,12,17,12,13.76330532212883,0
18,-0.3,0.79,Single,2nd phase,Management,Daytime,Secondary education,Angolan,Specialized course,Secondary Education,Unskilled Workers,Intermediate Level Technicians and Professions,Female,Yes,No,Yes,No,Yes,No,0,10,29,4,10.96551724137931,1
24,1.4,1.74,Single,Over 23 years old,Nursing,Daytime,Secondary education,Santomean,Specialized course,Basic education or less,"Skilled Workers in Industry, Construction, and Craftsmen","Skilled Workers in Industry, Construction, and Craftsmen",Female,Yes,No,Yes,No,Yes,No,0,16,30,12,12.415,0
23,0.3,-0.92,Single,Specialized diploma,Veterinary Nursing,Daytime,Specialized course,Romanian,Specialized course,Basic education or less,Unskilled Workers,Unskilled Workers,Female,Yes,No,Yes,No,No,No,2,12,21,11,14.095238095238068,0
18,1.4,1.74,Single,2nd phase,Nursing,Daytime,Secondary education,Angolan,Specialized course,Basic education or less,"Personal Services, Security and Safety Workers, and Sellers","Skilled Workers in Industry, Construction, and Craftsmen",Female,Yes,No,Yes,No,Yes,No,0,16,16,14,14.3128571428571,0
20,-0.8,-3.12,Single,1st phase,Equiniculture,Daytime,Secondary education,Portuguese,Specialized course,Basic education or less,"Personal Services, Security and Safety Workers, and Sellers",Installation and Machine Operators and Assembly Workers,Female,Yes,No,Yes,No,No,No,0,10,15,9,12.56,0
18,0.6,2.02,Single,1st phase,Social Service,Daytime,Secondary education,Portuguese,Higher education,Secondary Education,"Personal Services, Security and Safety Workers, and Sellers","Personal Services, Security and Safety Workers, and Sellers",Female,No,No,Yes,No,No,No,0,12,14,12,13.7738095238095,0
20,0.6,2.02,Single,1st phase,Social Service,Daytime,Secondary education,Portuguese,Higher education,Some High School,Intermediate Level Technicians and Professions,Armed Forces Professions,Female,Yes,No,Yes,No,No,No,0,12,13,12,12.153846153846144,0
22,0.5,1.79,Single,1st phase,Journalism and Communication,Daytime,Secondary education,Portuguese,Secondary Education,Some High School,Unskilled Workers,Armed Forces Professions,Female,Yes,No,Yes,No,Yes,No,0,12,14,10,13.4,0
20,2.6,0.32,Single,1st phase,Nursing,Daytime,Secondary education,Portuguese,Specialized course,Basic education or less,Unskilled Workers,Unskilled Workers,Female,Yes,No,Yes,Yes,No,No,0,14,14,12,15.4,0
19,-0.3,0.79,Single,2nd phase,Nursing,Daytime,Secondary education,Angolan,Secondary Education,Basic education or less,Unskilled Workers,Unskilled Workers,Female,Yes,No,Yes,No,Yes,No,0,15,15,15,14.740000000000007,0
18,2.8,-4.06,Single,1st phase,Equiniculture,Daytime,Secondary education,Portuguese,Higher education,Secondary Education,Specialists in Intellectual and Scientific Activities,Administrative staff,Female,Yes,No,Yes,Yes,No,No,0,12,23,10,10.919254658385118,1
18,-0.3,0.79,Single,2nd phase,Management,Daytime,Secondary education,Angolan,Specialized course,Basic education or less,Other,"Farmers and Skilled Workers in Agriculture, Fisheries, and Forestry",Female,No,No,Yes,No,No,No,0,10,19,10,11.614035087719278,0
19,1.4,1.74,Single,1st phase,Veterinary Nursing,Daytime,Secondary education,Portuguese,Specialized course,Secondary Education,Unskilled Workers,Unskilled Workers,Female,Yes,No,Yes,No,Yes,No,0,10,12,9,14.125,0
19,1.4,1.74,Single,1st phase,Design and Multimedia,Daytime,Secondary education,Portuguese,Specialized course,Basic education or less,Unskilled Workers,Unskilled Workers,Female,Yes,No,Yes,No,Yes,No,0,12,14,12,13.142857142857157,0
24,2.6,0.32,Single,2nd phase,Social Service,Evening,Secondary education,Angolan,Some High School,Unknown,Other,Other,Female,No,No,Yes,No,No,No,0,12,15,12,12.388888888888873,0
21,1.4,1.74,Single,1st phase,Social Service,Daytime,Secondary education,Portuguese,Specialized course,Basic education or less,Administrative staff,Administrative staff,Female,No,No,Yes,No,No,No,0,12,13,12,13.871794871794853,0
20,0.6,2.02,Single,1st phase,Social Service,Daytime,Secondary education,Portuguese,Secondary Education,Secondary Education,Intermediate Level Technicians and Professions,Intermediate Level Technicians and Professions,Female,Yes,No,Yes,No,Yes,No,0,12,14,12,14.119047619047649,0
28,-0.3,0.79,Single,Over 23 years old,Tourism,Daytime,Secondary education,Santomean,Specialized course,Basic education or less,Administrative staff,"Skilled Workers in Industry, Construction, and Craftsmen",Female,No,No,No,Yes,Yes,No,0,12,13,11,10.923076923076907,1
21,2.6,0.32,Single,1st phase,Other,Daytime,Secondary education,Portuguese,Specialized course,Basic education or less,Unskilled Workers,Installation and Machine Operators and Assembly Workers,Female,Yes,No,Yes,No,No,No,0,12,15,12,13.27619047619044,0
36,0.3,-0.92,Single,Change in institution/course,Agronomy,Daytime,Secondary education,Other,Higher education,Higher education,Specialists in Intellectual and Scientific Activities,"Farmers and Skilled Workers in Agriculture, Fisheries, and Forestry",Male,No,No,No,No,No,No,0,12,18,0,0.0,1
42,3.7,-1.7,Married,Over 23 years old,Management,Evening,Secondary education,Santomean,Specialized course,Basic education or less,Unskilled Workers,Unskilled Workers,Male,No,No,No,No,No,No,0,9,4,0,0.0,1
47,2.6,0.32,Married,Over 23 years old,Management,Evening,Secondary education,Santomean,Specialized course,Basic education or less,Unskilled Workers,"Skilled Workers in Industry, Construction, and Craftsmen",Male,No,No,Yes,No,No,No,0,10,15,9,11.54,1
25,-0.8,-3.12,Single,Over 23 years old,Informatics Engineering,Daytime,Secondary education,Santomean,Secondary Education,Basic education or less,Administrative staff,"Skilled Workers in Industry, Construction, and Craftsmen",Male,No,No,No,No,No,No,0,10,13,0,0.0,1
25,2.8,-4.06,Single,Over 23 years old,Advertising and Marketing Management,Daytime,Other,Santomean,Secondary Education,Basic education or less,Intermediate Level Technicians and Professions,"Personal Services, Security and Safety Workers, and Sellers",Male,No,No,Yes,No,Yes,No,0,12,14,12,13.867346938775485,0
48,0.5,1.79,Married,Over 23 years old,Social Service,Evening,Basic education 3rd cycle (9th/10th/11th year) or equivalent,Santomean,Specialized course,Basic education or less,Other,Installation and Machine Operators and Assembly Workers,Male,No,No,Yes,No,No,No,0,11,12,0,0.0,1
32,1.4,1.74,Single,Change in institution/course,Management,Evening,Secondary education,Brazilian,Specialized course,Basic education or less,Unskilled Workers,"Skilled Workers in Industry, Construction, and Craftsmen",Male,No,No,Yes,No,Yes,No,10,20,22,20,13.345454545454546,0
38,1.4,3.51,Single,Holders of other higher courses,Management,Evening,Higher education,Italian,Specialized course,Basic education or less,Unskilled Workers,"Skilled Workers in Industry, Construction, and Craftsmen",Male,No,No,Yes,No,No,No,15,20,20,15,13.6,1
37,2.8,-4.06,Single,Holders of other higher courses,Social Service,Daytime,Higher education,Italian,Specialized course,Basic education or less,"Personal Services, Security and Safety Workers, and Sellers","Personal Services, Security and Safety Workers, and Sellers",Male,No,No,Yes,No,No,No,17,27,40,24,11.79944444444443,0
26,1.4,1.74,Single,Over 23 years old,Management,Daytime,Secondary education,Santomean,Specialized course,Basic education or less,Unskilled Workers,Unskilled Workers,Male,No,No,No,No,No,No,0,10,17,2,10.0,1
23,-0.3,0.79,Single,Specialized diploma,Veterinary Nursing,Daytime,Specialized course,Romanian,Higher education,Higher education,Specialists in Intellectual and Scientific Activities,Other,Male,No,No,Yes,No,No,No,0,12,25,0,0.0,1
26,0.6,2.02,Single,Over 23 years old,Nursing,Daytime,Higher education,Santomean,Higher education,Basic education or less,Intermediate Level Technicians and Professions,"Skilled Workers in Industry, Construction, and Craftsmen",Male,Yes,No,Yes,No,No,No,4,15,18,13,13.190879629629645,1
26,2.6,0.32,Single,Change in institution/course,Social Service,Evening,Higher education,Brazilian,Some High School,Some High School,Other,Other,Female,No,No,Yes,No,No,No,11,18,23,17,12.252173913043483,0
18,-0.8,-3.12,Single,1st phase,Nursing,Daytime,Secondary education,Other,Secondary Education,Secondary Education,Administrative staff,Administrative staff,Female,Yes,No,Yes,No,No,No,0,16,16,16,13.11,0
27,3.7,-1.7,Single,Holders of other higher courses,Nursing,Daytime,Higher education,Italian,Specialized course,Basic education or less,"Skilled Workers in Industry, Construction, and Craftsmen","Skilled Workers in Industry, Construction, and Craftsmen",Female,Yes,No,Yes,No,No,No,0,16,16,14,14.4142857142857,0
24,1.4,1.74,Other,2nd phase,Social Service,Evening,Secondary education,Angolan,Specialized course,Secondary Education,"Personal Services, Security and Safety Workers, and Sellers",Other,Female,No,No,No,No,No,No,0,10,15,0,0.0,1
20,2.8,-4.06,Single,2nd phase,Management,Daytime,Secondary education,Angolan,Specialized course,Basic education or less,Other,Armed Forces Professions,Female,Yes,No,Yes,No,No,No,0,10,15,10,12.271111111111091,0
18,2.8,-4.06,Single,1st phase,Nursing,Daytime,Secondary education,Portuguese,Secondary Education,Basic education or less,Unskilled Workers,Installation and Machine Operators and Assembly Workers,Female,Yes,No,Yes,No,Yes,No,0,14,17,1,4.705882352941177,1
18,3.7,-1.7,Single,2nd phase,Oral Hygiene,Daytime,Secondary education,Angolan,Specialized course,Basic education or less,"Skilled Workers in Industry, Construction, and Craftsmen","Skilled Workers in Industry, Construction, and Craftsmen",Female,Yes,No,Yes,No,Yes,No,0,15,17,15,13.729411764705882,0
18,-0.8,-3.12,Single,1st phase,Nursing,Daytime,Secondary education,Portuguese,Specialized course,Basic education or less,Unskilled Workers,Unskilled Workers,Female,Yes,No,Yes,No,No,No,0,16,16,16,13.045,0
19,-0.8,-3.12,Single,Change in institution/course,Nursing,Daytime,Secondary education,Other,Secondary Education,Secondary Education,Administrative staff,Administrative staff,Female,Yes,No,Yes,No,Yes,No,0,16,16,16,14.2525,0
18,1.4,1.74,Single,1st phase,Nursing,Daytime,Secondary education,Portuguese,Specialized course,Basic education or less,Unskilled Workers,"Personal Services, Security and Safety Workers, and Sellers",Female,Yes,No,Yes,No,No,No,0,16,16,14,15.0757142857143,0
23,2.8,-4.06,Single,Holders of other higher courses,Agronomy,Daytime,Higher education,Italian,Secondary Education,Basic education or less,Administrative staff,Unskilled Workers,Female,Yes,No,Yes,No,No,No,18,29,50,29,13.178285714285707,0
21,-0.3,0.79,Single,1st phase,Social Service,Daytime,Secondary education,Portuguese,Specialized course,Basic education or less,Administrative staff,"Skilled Workers in Industry, Construction, and Craftsmen",Female,Yes,No,Yes,No,Yes,No,0,12,16,10,12.099999999999982,0
18,0.3,-0.92,Single,1st phase,Nursing,Daytime,Secondary education,Portuguese,Specialized course,Basic education or less,"Personal Services, Security and Safety Workers, and Sellers","Skilled Workers in Industry, Construction, and Craftsmen",Female,Yes,No,Yes,No,Yes,No,0,15,18,15,13.413932980599622,0
20,1.4,1.74,Single,1st phase,Other,Daytime,Secondary education,Portuguese,Some High School,Basic education or less,Unskilled Workers,Unskilled Workers,Female,Yes,No,No,Yes,No,No,0,12,26,4,10.692307692307677,1
18,-0.3,0.79,Single,1st phase,Design and Multimedia,Daytime,Secondary education,Portuguese,Specialized course,Basic education or less,"Personal Services, Security and Safety Workers, and Sellers","Skilled Workers in Industry, Construction, and Craftsmen",Female,No,No,Yes,No,Yes,No,1,12,19,12,12.878759398496252,0
29,-0.8,-3.12,Single,1st phase,Social Service,Evening,Secondary education,Portuguese,Specialized course,Basic education or less,Unskilled Workers,"Skilled Workers in Industry, Construction, and Craftsmen",Female,No,No,Yes,No,No,No,11,18,21,18,12.976190476190466,0
28,2.6,0.32,Single,Over 23 years old,Journalism and Communication,Daytime,Other,Santomean,Specialized course,Secondary Education,"Personal Services, Security and Safety Workers, and Sellers",Administrative staff,Male,Yes,No,Yes,No,No,No,0,12,26,4,12.423076923076923,1
24,1.4,1.74,Single,Over 23 years old,Advertising and Marketing Management,Daytime,Secondary education,Santomean,Specialized course,Basic education or less,"Skilled Workers in Industry, Construction, and Craftsmen","Skilled Workers in Industry, Construction, and Craftsmen",Male,No,No,No,Yes,No,No,0,12,21,0,0.0,1
19,-0.8,-3.12,Single,2nd phase,Management,Daytime,Secondary education,Angolan,Specialized course,Basic education or less,"Personal Services, Security and Safety Workers, and Sellers","Skilled Workers in Industry, Construction, and Craftsmen",Male,Yes,No,No,No,No,No,0,10,20,3,11.525,1
19,0.6,2.02,Single,1st phase,Veterinary Nursing,Daytime,Secondary education,Portuguese,Specialized course,Basic education or less,Unskilled Workers,Intermediate Level Technicians and Professions,Male,No,No,Yes,No,No,No,0,12,15,12,14.476190476190474,0
37,3.7,-1.7,Other,Over 23 years old,Social Service,Evening,Secondary education,Santomean,Specialized course,Basic education or less,"Skilled Workers in Industry, Construction, and Craftsmen","Skilled Workers in Industry, Construction, and Craftsmen",Male,No,No,Yes,No,No,No,5,16,21,15,11.836734693877561,0
37,-0.3,0.79,Married,Over 23 years old,Nursing,Daytime,Other,Santomean,Specialized course,Basic education or less,Unskilled Workers,Intermediate Level Technicians and Professions,Male,No,No,Yes,No,No,No,0,15,16,15,12.7580357142857,0
36,0.5,1.79,Single,Over 23 years old,Nursing,Daytime,Secondary education,Santomean,Specialized course,Basic education or less,Unskilled Workers,Unskilled Workers,Male,No,No,Yes,No,No,No,0,15,0,0,0.0,1
19,1.4,3.51,Single,1st phase,Advertising and Marketing Management,Daytime,Secondary education,Portuguese,Secondary Education,Basic education or less,"Skilled Workers in Industry, Construction, and Craftsmen","Skilled Workers in Industry, Construction, and Craftsmen",Male,Yes,No,Yes,No,No,No,0,12,14,11,13.7142857142857,0
33,-0.8,-3.12,Single,Change in institution/course,Nursing,Daytime,Secondary education,Other,Specialized course,Secondary Education,Unskilled Workers,Intermediate Level Technicians and Professions,Male,Yes,No,Yes,No,Yes,No,12,28,40,28,13.0728571428571,0
34,2.8,-4.06,Single,Change in institution/course,Informatics Engineering,Daytime,Secondary education,Other,Secondary Education,Secondary Education,"Personal Services, Security and Safety Workers, and Sellers","Skilled Workers in Industry, Construction, and Craftsmen",Male,No,No,No,No,No,No,4,14,20,8,11.65,1
18,0.5,1.79,Single,1st phase,Tourism,Daytime,Secondary education,Portuguese,Higher education,Basic education or less,Intermediate Level Technicians and Professions,Installation and Machine Operators and Assembly Workers,Female,Yes,No,Yes,No,No,No,0,12,12,12,15.75,0
20,0.5,1.79,Single,Specialized diploma,Equiniculture,Daytime,Specialized course,Romanian,Higher education,Secondary Education,Specialists in Intellectual and Scientific Activities,Administrative staff,Female,Yes,No,Yes,No,No,No,0,12,12,0,0.0,1
19,-0.3,0.79,Single,1st phase,Journalism and Communication,Daytime,Secondary education,Portuguese,Specialized course,Basic education or less,Administrative staff,"Skilled Workers in Industry, Construction, and Craftsmen",Female,No,No,Yes,No,Yes,No,0,12,13,12,14.923076923076932,0
20,-0.3,0.79,Single,1st phase,Veterinary Nursing,Daytime,Secondary education,Portuguese,Specialized course,Basic education or less,Unskilled Workers,Other,Female,Yes,No,Yes,No,No,No,0,12,13,12,16.076923076923055,0
19,0.5,1.79,Single,1st phase,Social Service,Daytime,Secondary education,Portuguese,Specialized course,Basic education or less,Unskilled Workers,Unskilled Workers,Female,Yes,No,Yes,No,Yes,No,0,12,16,12,11.211309523809563,0
19,0.5,1.79,Single,1st phase,Nursing,Daytime,Secondary education,Portuguese,Specialized course,Basic education or less,Unskilled Workers,Unskilled Workers,Female,Yes,No,Yes,No,No,No,0,15,19,12,12.097368421052638,0
22,-0.8,-3.12,Single,3rd phase,Journalism and Communication,Daytime,Secondary education,Cape Verdean,Specialized course,Basic education or less,Unskilled Workers,"Skilled Workers in Industry, Construction, and Craftsmen",Female,Yes,No,Yes,No,Yes,Yes,0,12,15,11,11.786666666666667,0
18,0.5,1.79,Single,1st phase,Journalism and Communication,Daytime,Secondary education,Portuguese,Secondary Education,Basic education or less,Unskilled Workers,Unskilled Workers,Female,No,No,Yes,No,Yes,No,0,12,14,12,12.452380952380986,0
19,3.7,-1.7,Single,1st phase,Other,Daytime,Secondary education,Portuguese,Specialized course,Basic education or less,Unskilled Workers,Unskilled Workers,Female,No,No,Yes,No,Yes,No,0,12,12,12,12.66666666666665,0
31,2.6,0.32,Single,Over 23 years old,Nursing,Daytime,Secondary education,Santomean,Specialized course,Secondary Education,Other,Other,Female,Yes,No,No,Yes,No,No,0,14,16,10,12.56,1
18,0.6,2.02,Single,2nd phase,Nursing,Daytime,Secondary education,Angolan,Secondary Education,Secondary Education,Administrative staff,Intermediate Level Technicians and Professions,Female,Yes,No,Yes,No,No,No,0,15,15,15,13.745333333333333,0
19,1.4,1.74,Single,1st phase,Social Service,Daytime,Secondary education,Portuguese,Secondary Education,Basic education or less,Unskilled Workers,Unskilled Workers,Female,No,No,Yes,Yes,Yes,No,0,12,20,7,11.1125,0
19,2.8,-4.06,Single,2nd phase,Social Service,Daytime,Secondary education,Angolan,Specialized course,Basic education or less,Unskilled Workers,"Personal Services, Security and Safety Workers, and Sellers",Female,No,No,Yes,No,Yes,No,0,12,21,11,11.654421768707476,0
19,2.6,0.32,Single,1st phase,Nursing,Daytime,Secondary education,Portuguese,Specialized course,Basic education or less,Unskilled Workers,"Farmers and Skilled Workers in Agriculture, Fisheries, and Forestry",Female,No,No,Yes,No,No,No,0,14,14,12,14.2666666666667,0
30,2.6,0.32,Married,Holders of other higher courses,Social Service,Evening,Higher education,Italian,Specialized course,Unknown,Other,Other,Female,No,No,Yes,No,No,No,11,17,18,16,12.574074074074083,0
18,3.7,-1.7,Single,3rd phase,Nursing,Daytime,Secondary education,Cape Verdean,Secondary Education,Secondary Education,Intermediate Level Technicians and Professions,"Farmers and Skilled Workers in Agriculture, Fisheries, and Forestry",Female,Yes,No,Yes,No,No,No,0,16,22,14,12.7714285714286,0
21,3.7,-1.7,Single,3rd phase,Veterinary Nursing,Daytime,Secondary education,Cape Verdean,Higher education,Higher education,Specialists in Intellectual and Scientific Activities,Intermediate Level Technicians and Professions,Female,Yes,No,Yes,No,No,No,0,10,17,0,0.0,1
19,-0.3,0.79,Single,Specialized diploma,Social Service,Daytime,Secondary education,Romanian,Secondary Education,Basic education or less,Administrative staff,Unskilled Workers,Female,No,No,Yes,No,Yes,No,5,12,13,12,14.461538461538478,0
19,1.4,3.51,Single,2nd phase,Equiniculture,Daytime,Secondary education,Angolan,Specialized course,Basic education or less,Administrative staff,Administrative staff,Female,Yes,No,Yes,No,No,No,0,12,20,10,12.78333333333332,1
19,1.4,3.51,Single,1st phase,Advertising and Marketing Management,Daytime,Secondary education,Portuguese,Secondary Education,Basic education or less,Administrative staff,"Skilled Workers in Industry, Construction, and Craftsmen",Female,Yes,No,Yes,No,Yes,No,0,12,16,11,13.374999999999988,0
39,0.3,-0.92,Married,Over 23 years old,Management,Evening,Secondary education,Santomean,Specialized course,Basic education or less,Unskilled Workers,"Farmers and Skilled Workers in Agriculture, Fisheries, and Forestry",Female,No,No,Yes,No,Yes,No,0,10,27,6,11.123456790123441,0
19,1.4,3.51,Single,2nd phase,Management,Daytime,Secondary education,Angolan,Specialized course,Basic education or less,Intermediate Level Technicians and Professions,Armed Forces Professions,Female,Yes,No,Yes,No,No,No,0,10,17,9,12.070588235294117,0
24,-0.3,0.79,Single,Over 23 years old,Veterinary Nursing,Daytime,Secondary education,Santomean,Specialized course,Basic education or less,"Skilled Workers in Industry, Construction, and Craftsmen","Skilled Workers in Industry, Construction, and Craftsmen",Female,Yes,No,Yes,No,No,No,0,12,17,11,14.117647058823547,0
34,2.6,0.32,Married,Change in institution/course,Management,Daytime,Secondary education,Brazilian,Specialized course,Basic education or less,"Skilled Workers in Industry, Construction, and Craftsmen",Armed Forces Professions,Female,No,No,Yes,No,No,No,23,28,30,23,12.464898989899016,0
46,2.6,0.32,Married,Over 23 years old,Management,Evening,Secondary education,Santomean,Some High School,Unknown,Other,Other,Female,Yes,No,Yes,No,No,No,0,10,10,0,0.0,1
37,2.8,-4.06,Single,Over 23 years old,Management,Evening,Secondary education,Santomean,Specialized course,Basic education or less,Unskilled Workers,"Personal Services, Security and Safety Workers, and Sellers",Female,No,No,No,No,No,No,0,10,10,0,0.0,1
18,1.4,3.51,Single,1st phase,Veterinary Nursing,Daytime,Secondary education,Portuguese,Specialized course,Basic education or less,Administrative staff,Unskilled Workers,Female,Yes,No,Yes,No,No,No,0,12,12,12,16.25,0
46,2.8,-4.06,Married,Over 23 years old,Agronomy,Daytime,Secondary education,Santomean,Specialized course,Basic education or less,Unskilled Workers,"Farmers and Skilled Workers in Agriculture, Fisheries, and Forestry",Female,No,No,Yes,No,No,No,25,32,37,32,11.920341394025627,0
30,-0.3,0.79,Married,Over 23 years old,Design and Multimedia,Daytime,Secondary education,Santomean,Higher education,Secondary Education,Specialists in Intellectual and Scientific Activities,"Personal Services, Security and Safety Workers, and Sellers",Female,No,No,Yes,No,Yes,No,1,12,17,11,12.924369747899183,0
37,3.7,-1.7,Other,1st phase,Management,Evening,Secondary education,Portuguese,Specialized course,Basic education or less,Unskilled Workers,Unskilled Workers,Female,No,No,No,Yes,No,No,0,10,0,0,0.0,1
20,0.5,1.79,Single,Specialized diploma,Agronomy,Daytime,Specialized course,Romanian,Specialized course,Basic education or less,Unskilled Workers,"Farmers and Skilled Workers in Agriculture, Fisheries, and Forestry",Female,Yes,No,Yes,No,No,No,0,12,16,12,13.089285714285719,0
39,0.6,2.02,Married,Over 23 years old,Oral Hygiene,Daytime,Other,Santomean,Some High School,Unknown,Other,Other,Female,No,No,Yes,No,No,No,0,5,11,1,8.909090909090908,1
53,2.8,-4.06,Married,Over 23 years old,Journalism and Communication,Daytime,Basic education 3rd cycle (9th/10th/11th year) or equivalent,Santomean,Specialized course,Basic education or less,Unskilled Workers,"Farmers and Skilled Workers in Agriculture, Fisheries, and Forestry",Female,No,No,No,No,No,No,0,9,10,0,0.0,1
54,2.8,-4.06,Married,Change in institution/course,Management,Daytime,Secondary education,Other,Specialized course,Basic education or less,Unskilled Workers,Unskilled Workers,Female,Yes,No,Yes,No,No,No,23,28,33,23,11.92517482517485,1
19,-0.3,0.79,Single,Specialized diploma,Veterinary Nursing,Daytime,Specialized course,Romanian,Higher education,Higher education,Administrative staff,Other,Female,Yes,No,Yes,No,No,No,0,12,14,9,13.799999999999999,0
20,1.4,3.51,Single,3rd phase,Journalism and Communication,Daytime,Secondary education,Cape Verdean,Secondary Education,Secondary Education,Administrative staff,Administrative staff,Female,Yes,No,No,No,No,No,0,12,6,0,0.0,1
18,1.4,3.51,Single,1st phase,Journalism and Communication,Daytime,Secondary education,Portuguese,Secondary Education,Basic education or less,Administrative staff,"Personal Services, Security and Safety Workers, and Sellers",Female,Yes,No,Yes,Yes,No,No,0,12,12,12,14.25,0
21,1.4,3.51,Single,Specialized diploma,Agronomy,Daytime,Specialized course,Other,Secondary Education,Secondary Education,Other,Other,Female,No,No,Yes,Yes,No,No,12,24,35,22,11.43636363636362,0
18,-0.3,0.79,Single,3rd phase,Design and Multimedia,Daytime,Secondary education,Cape Verdean,Secondary Education,Secondary Education,"Personal Services, Security and Safety Workers, and Sellers",Intermediate Level Technicians and Professions,Female,Yes,No,Yes,No,No,No,1,12,16,12,14.04464285714285,0
19,0.6,2.02,Single,1st phase,Nursing,Daytime,Secondary education,Portuguese,Specialized course,Basic education or less,Unskilled Workers,Armed Forces Professions,Female,Yes,No,Yes,Yes,No,No,0,15,0,0,0.0,1
18,0.6,2.02,Single,2nd phase,Nursing,Daytime,Secondary education,Angolan,Secondary Education,Secondary Education,Unskilled Workers,Unskilled Workers,Female,Yes,No,Yes,No,Yes,No,0,14,18,12,12.916666666666668,1
19,0.6,2.02,Single,1st phase,Journalism and Communication,Daytime,Secondary education,Portuguese,Secondary Education,Higher education,Intermediate Level Technicians and Professions,Intermediate Level Technicians and Professions,Female,Yes,No,Yes,No,No,No,0,12,12,12,14.16666666666665,0
19,3.7,-1.7,Single,1st phase,Advertising and Marketing Management,Daytime,Secondary education,Portuguese,Higher education,Secondary Education,Administrative staff,Administrative staff,Female,Yes,No,Yes,No,No,No,0,12,13,10,13.123076923076924,0
34,-0.3,0.79,Other,Change in institution/course,Social Service,Daytime,Secondary education,Brazilian,Specialized course,Basic education or less,Unskilled Workers,Unskilled Workers,Female,No,No,Yes,Yes,No,No,0,12,21,8,12.202380952380953,0
18,2.6,0.32,Single,1st phase,Veterinary Nursing,Daytime,Secondary education,Portuguese,Higher education,Higher education,Specialists in Intellectual and Scientific Activities,Other,Female,No,No,Yes,No,No,No,0,10,12,10,12.016666666666666,0
50,1.4,1.74,Married,Over 23 years old,Social Service,Evening,Secondary education,Santomean,Specialized course,Basic education or less,Unskilled Workers,Unskilled Workers,Female,No,No,Yes,No,No,No,0,12,14,12,12.309523809523814,0
41,0.5,1.79,Single,Change in institution/course,Other,Daytime,Secondary education,Brazilian,Specialized course,Basic education or less,Other,"Farmers and Skilled Workers in Agriculture, Fisheries, and Forestry",Female,No,No,Yes,Yes,No,No,39,40,42,40,12.230158730158694,0
22,2.6,0.32,Single,2nd phase,Journalism and Communication,Daytime,Secondary education,Angolan,Secondary Education,Secondary Education,"Personal Services, Security and Safety Workers, and Sellers","Personal Services, Security and Safety Workers, and Sellers",Female,Yes,No,Yes,No,Yes,No,0,12,22,10,11.5,1
43,2.6,0.32,Other,Over 23 years old,Management,Daytime,Secondary education,Santomean,Specialized course,Basic education or less,Unskilled Workers,Unskilled Workers,Female,No,No,Yes,No,No,No,0,10,10,10,16.5,0
50,1.4,1.74,Married,Over 23 years old,Social Service,Evening,Basic education 3rd cycle (9th/10th/11th year) or equivalent,Santomean,Higher education,Basic education or less,Other,Other,Female,No,No,Yes,No,No,No,0,7,1,0,0.0,1
60,-0.3,0.79,Single,Over 23 years old,Agronomy,Daytime,Basic education 3rd cycle (9th/10th/11th year) or equivalent,Santomean,Specialized course,Basic education or less,Unskilled Workers,Unskilled Workers,Female,No,No,Yes,No,No,No,0,12,16,10,13.5,0
47,2.6,0.32,Married,Over 23 years old,Management,Evening,Basic education 3rd cycle (9th/10th/11th year) or equivalent,Santomean,Specialized course,Basic education or less,Unskilled Workers,Unskilled Workers,Female,No,No,Yes,No,No,No,0,10,10,10,14.6,0
22,0.6,2.02,Single,1st phase,Design and Multimedia,Daytime,Higher education,Portuguese,Higher education,Higher education,Specialists in Intellectual and Scientific Activities,Other,Female,No,No,Yes,No,No,No,26,34,40,34,10.87763157894738,0
41,1.4,1.74,Married,Over 23 years old,Nursing,Daytime,Secondary education,Santomean,Specialized course,Basic education or less,Unskilled Workers,"Farmers and Skilled Workers in Agriculture, Fisheries, and Forestry",Female,No,No,Yes,No,No,No,0,15,0,0,0.0,1
32,1.4,1.74,Married,Change in institution/course,Tourism,Daytime,Higher education,Other,Specialized course,Basic education or less,Administrative staff,Unskilled Workers,Female,No,No,Yes,No,No,No,21,30,43,26,12.534883720930242,0
50,2.6,0.32,Married,Over 23 years old,Management,Evening,Other,Santomean,Specialized course,Unknown,Other,Other,Female,Yes,No,Yes,No,No,No,0,10,0,0,0.0,1
54,0.5,1.79,Single,Over 23 years old,Oral Hygiene,Daytime,Secondary education,Santomean,Higher education,Higher education,Administrative staff,Administrative staff,Female,No,No,No,Yes,No,Yes,0,12,17,0,0.0,1
34,3.7,-1.7,Married,Change in institution/course,Other,Daytime,Secondary education,Other,Specialized course,Basic education or less,Administrative staff,"Skilled Workers in Industry, Construction, and Craftsmen",Female,No,No,Yes,No,No,No,10,25,40,19,12.38125,1
45,0.3,-0.92,Other,Over 23 years old,Social Service,Evening,Secondary education,Santomean,Specialized course,Basic education or less,"Personal Services, Security and Safety Workers, and Sellers","Skilled Workers in Industry, Construction, and Craftsmen",Female,No,No,Yes,No,No,No,0,12,21,7,12.182539682539694,1
47,0.5,1.79,Other,Over 23 years old,Social Service,Evening,Basic education 3rd cycle (9th/10th/11th year) or equivalent,Santomean,Specialized course,Basic education or less,Unskilled Workers,"Skilled Workers in Industry, Construction, and Craftsmen",Female,No,No,Yes,No,Yes,No,0,12,18,9,11.672222222222222,0
33,0.5,1.79,Married,Over 23 years old,Management,Evening,Secondary education,Santomean,Specialized course,Basic education or less,Unskilled Workers,Unskilled Workers,Female,No,No,Yes,No,No,No,0,10,27,3,10.962962962962964,1
43,1.4,3.51,Married,Over 23 years old,Social Service,Evening,Secondary education,Santomean,Specialized course,Basic education or less,Unskilled Workers,Unskilled Workers,Female,No,No,Yes,No,Yes,No,0,12,15,12,11.888888888888873,0
54,2.8,-4.06,Single,Holders of other higher courses,Agronomy,Daytime,Higher education,Italian,Specialized course,Basic education or less,Other,"Farmers and Skilled Workers in Agriculture, Fisheries, and Forestry",Female,No,No,Yes,No,No,No,14,25,28,25,14.802197802197782,0
39,3.7,-1.7,Single,Over 23 years old,Social Service,Evening,Higher education,Santomean,Specialized course,Basic education or less,"Personal Services, Security and Safety Workers, and Sellers","Skilled Workers in Industry, Construction, and Craftsmen",Female,No,No,Yes,No,No,No,13,19,21,19,14.090909090909118,0
39,2.6,0.32,Married,Over 23 years old,Management,Evening,Secondary education,Santomean,Specialized course,Basic education or less,Unskilled Workers,Unskilled Workers,Female,No,No,Yes,No,No,No,0,10,11,10,12.0,0
18,2.8,-4.06,Single,1st phase,Other,Daytime,Secondary education,Portuguese,Specialized course,Basic education or less,Unskilled Workers,Unskilled Workers,Female,No,No,Yes,No,Yes,No,0,12,14,12,13.010204081632613,0
19,0.3,-0.92,Single,2nd phase,Social Service,Daytime,Secondary education,Angolan,Specialized course,Basic education or less,Unskilled Workers,"Skilled Workers in Industry, Construction, and Craftsmen",Female,No,No,Yes,No,Yes,No,0,12,15,12,12.866666666666685,0
18,1.4,3.51,Single,2nd phase,Advertising and Marketing Management,Daytime,Secondary education,Angolan,Specialized course,Basic education or less,Unskilled Workers,"Farmers and Skilled Workers in Agriculture, Fisheries, and Forestry",Female,Yes,No,Yes,No,Yes,No,0,12,15,11,13.879999999999999,0
44,2.6,0.32,Married,Over 23 years old,Social Service,Evening,Other,Santomean,Some High School,Unknown,Other,Other,Female,No,No,Yes,No,No,No,7,14,22,14,13.238636363636363,0
27,0.5,1.79,Single,Over 23 years old,Management,Evening,Secondary education,Santomean,Higher education,Secondary Education,Intermediate Level Technicians and Professions,Unskilled Workers,Female,No,No,Yes,No,No,No,0,10,11,0,0.0,1
18,1.4,3.51,Single,1st phase,Advertising and Marketing Management,Daytime,Secondary education,Portuguese,Secondary Education,Basic education or less,Administrative staff,"Skilled Workers in Industry, Construction, and Craftsmen",Female,Yes,No,Yes,No,Yes,No,0,12,14,12,12.744897959183671,0
45,-0.8,-3.12,Married,Change in institution/course,Social Service,Evening,Secondary education,Brazilian,Some High School,Unknown,Other,Other,Female,No,No,Yes,No,No,No,14,19,20,15,12.26666666666664,1
20,2.6,0.32,Single,2nd phase,Other,Daytime,Secondary education,Angolan,Specialized course,Basic education or less,Unskilled Workers,Unskilled Workers,Female,Yes,No,Yes,No,No,No,0,12,14,11,12.833333333333352,0
40,1.4,1.74,Married,1st phase,Social Service,Evening,Secondary education,Portuguese,Specialized course,Basic education or less,Unskilled Workers,Unskilled Workers,Female,No,No,Yes,No,No,No,0,12,14,12,10.916666666666648,0
18,-0.3,0.79,Single,Change in institution/course,Nursing,Daytime,Secondary education,Brazilian,Higher education,Higher education,Specialists in Intellectual and Scientific Activities,Other,Female,No,No,Yes,No,No,No,0,15,16,15,14.09375,0
21,3.7,-1.7,Single,3rd phase,Nursing,Daytime,Secondary education,Cape Verdean,Higher education,Basic education or less,Intermediate Level Technicians and Professions,Installation and Machine Operators and Assembly Workers,Female,Yes,No,Yes,No,No,No,0,16,16,14,12.4142857142857,0
27,-0.8,-3.12,Married,Holders of other higher courses,Social Service,Evening,Higher education,Italian,Specialized course,Basic education or less,Administrative staff,Administrative staff,Female,No,No,Yes,No,No,No,0,11,5,0,0.0,1
32,3.7,-1.7,Married,Over 23 years old,Oral Hygiene,Daytime,Secondary education,Santomean,Specialized course,Basic education or less,Unskilled Workers,Unskilled Workers,Female,No,No,Yes,No,No,Yes,0,15,18,15,11.944444444444445,0
18,1.4,3.51,Single,2nd phase,Social Service,Daytime,Secondary education,Angolan,Secondary Education,Secondary Education,Intermediate Level Technicians and Professions,Intermediate Level Technicians and Professions,Female,Yes,No,Yes,No,Yes,No,0,12,12,12,13.75,0
37,0.3,-0.92,Single,Over 23 years old,Social Service,Evening,Secondary education,Santomean,Specialized course,Basic education or less,Unskilled Workers,"Skilled Workers in Industry, Construction, and Craftsmen",Female,No,No,Yes,No,No,No,0,12,23,7,12.0,1
19,1.4,1.74,Single,2nd phase,Journalism and Communication,Daytime,Secondary education,Angolan,Higher education,Secondary Education,Specialists in Intellectual and Scientific Activities,Intermediate Level Technicians and Professions,Female,Yes,No,Yes,No,No,No,0,12,14,12,12.5,0
41,1.4,1.74,Other,Over 23 years old,Social Service,Evening,Secondary education,Santomean,Specialized course,Basic education or less,"Skilled Workers in Industry, Construction, and Craftsmen","Personal Services, Security and Safety Workers, and Sellers",Female,No,No,Yes,No,Yes,No,0,12,17,12,11.3333333333333,0
18,2.6,0.32,Married,1st phase,Nursing,Daytime,Secondary education,Portuguese,Secondary Education,Basic education or less,Administrative staff,Unskilled Workers,Female,No,No,Yes,No,Yes,No,0,14,14,12,14.0666666666667,0
21,2.6,0.32,Single,Change in institution/course,Veterinary Nursing,Daytime,Secondary education,Brazilian,Specialized course,Basic education or less,Other,Other,Female,No,No,Yes,No,No,No,4,16,24,15,13.56216931216935,0
23,0.5,1.79,Single,Specialized diploma,Agronomy,Daytime,Secondary education,Romanian,Secondary Education,Basic education or less,Intermediate Level Technicians and Professions,Unskilled Workers,Female,Yes,No,No,Yes,No,No,0,12,24,9,11.897916666666665,1
18,-0.3,0.79,Single,2nd phase,Journalism and Communication,Daytime,Secondary education,Angolan,Secondary Education,Secondary Education,Intermediate Level Technicians and Professions,Intermediate Level Technicians and Professions,Female,Yes,No,Yes,No,No,No,0,12,0,0,0.0,1
18,-0.8,-3.12,Single,1st phase,Nursing,Daytime,Secondary education,Portuguese,Specialized course,Basic education or less,Administrative staff,Administrative staff,Female,Yes,No,Yes,No,No,No,0,16,16,16,13.27625,0
21,2.6,0.32,Single,Change in institution/course,Veterinary Nursing,Daytime,Secondary education,Brazilian,Some High School,Unknown,Other,Other,Female,No,No,Yes,No,No,No,0,12,0,0,0.0,1
19,2.6,0.32,Single,1st phase,Social Service,Daytime,Secondary education,Portuguese,Basic education or less,Basic education or less,Other,Installation and Machine Operators and Assembly Workers,Female,Yes,No,Yes,No,No,No,0,12,16,12,14.5625,0
47,-0.8,-3.12,Other,Over 23 years old,Management,Daytime,Secondary education,Santomean,Specialized course,Basic education or less,Unskilled Workers,Unskilled Workers,Female,No,No,Yes,No,No,No,0,10,0,0,0.0,1
39,0.3,-0.92,Married,Holders of other higher courses,Social Service,Evening,Higher education,Italian,Specialized course,Basic education or less,Unskilled Workers,Unskilled Workers,Female,No,No,Yes,No,No,No,13,23,29,22,13.790229885057494,0
19,0.6,2.02,Single,1st phase,Nursing,Daytime,Secondary education,Portuguese,Specialized course,Basic education or less,"Skilled Workers in Industry, Construction, and Craftsmen","Skilled Workers in Industry, Construction, and Craftsmen",Female,Yes,No,Yes,No,No,No,0,15,18,13,12.646547619047649,0
38,-0.8,-3.12,Single,Change in institution/course,Management,Evening,Higher education,Brazilian,Specialized course,Basic education or less,Unskilled Workers,Unskilled Workers,Female,No,No,Yes,No,No,No,26,29,32,26,11.380952380952351,1
27,1.4,3.51,Married,Over 23 years old,Agronomy,Daytime,Basic education 3rd cycle (9th/10th/11th year) or equivalent,Santomean,Specialized course,Secondary Education,Unskilled Workers,Unskilled Workers,Female,No,No,No,Yes,No,No,0,12,13,0,0.0,1
48,2.8,-4.06,Married,Over 23 years old,Social Service,Daytime,Basic education 3rd cycle (9th/10th/11th year) or equivalent,Santomean,Specialized course,Basic education or less,Administrative staff,Administrative staff,Female,No,No,Yes,No,No,No,0,12,25,11,11.802666666666648,1
25,2.6,0.32,Single,Over 23 years old,Advertising and Marketing Management,Daytime,Secondary education,Santomean,Some High School,Unknown,Other,Other,Female,No,No,Yes,No,No,No,0,10,11,1,6.0,1
32,3.7,-1.7,Married,Over 23 years old,Nursing,Daytime,Secondary education,Santomean,Specialized course,Basic education or less,Other,"Farmers and Skilled Workers in Agriculture, Fisheries, and Forestry",Female,No,No,Yes,No,Yes,No,0,16,18,14,12.7571428571429,0
18,0.3,-0.92,Single,1st phase,Journalism and Communication,Daytime,Secondary education,Portuguese,Specialized course,Basic education or less,Unskilled Workers,"Skilled Workers in Industry, Construction, and Craftsmen",Female,No,No,Yes,No,Yes,No,0,12,12,12,14.58333333333335,0
20,0.5,1.79,Single,Specialized diploma,Social Service,Evening,Specialized course,Romanian,Secondary Education,Higher education,Administrative staff,"Farmers and Skilled Workers in Agriculture, Fisheries, and Forestry",Female,No,No,Yes,Yes,No,No,5,12,13,12,14.23076923076923,0
20,2.6,0.32,Single,1st phase,Management,Daytime,Secondary education,Portuguese,Specialized course,Basic education or less,Unskilled Workers,"Skilled Workers in Industry, Construction, and Craftsmen",Female,Yes,No,Yes,No,No,No,0,10,15,9,10.853333333333333,0
39,2.6,0.32,Single,Over 23 years old,Management,Evening,Other,Santomean,Specialized course,Unknown,Other,Other,Female,Yes,No,Yes,No,No,No,0,10,14,2,4.464285714285714,1
29,1.4,1.74,Single,1st phase,Equiniculture,Daytime,Secondary education,Portuguese,Higher education,Higher education,Other,Administrative staff,Female,Yes,No,Yes,Yes,No,No,0,10,24,1,5.416666666666667,1
36,3.7,-1.7,Single,Over 23 years old,Management,Evening,Secondary education,Santomean,Specialized course,Basic education or less,Other,"Farmers and Skilled Workers in Agriculture, Fisheries, and Forestry",Female,No,No,Yes,Yes,No,No,0,10,10,0,0.0,1
18,3.7,-1.7,Single,1st phase,Nursing,Daytime,Secondary education,Portuguese,Specialized course,Basic education or less,Unskilled Workers,Unskilled Workers,Female,Yes,No,Yes,No,No,No,0,16,24,14,11.971428571428598,0
51,2.6,0.32,Married,Over 23 years old,Social Service,Evening,Other,Santomean,Some High School,Unknown,Other,Other,Female,No,No,Yes,No,No,No,1,12,23,0,0.0,1
23,2.6,0.32,Single,Change in institution/course,Journalism and Communication,Daytime,Secondary education,Brazilian,Some High School,Unknown,Other,Other,Female,No,No,Yes,Yes,No,Yes,0,12,19,5,14.421052631578947,1
21,1.4,1.74,Single,Specialized diploma,Veterinary Nursing,Daytime,Secondary education,Romanian,Some High School,Some High School,Other,"Farmers and Skilled Workers in Agriculture, Fisheries, and Forestry",Female,Yes,No,Yes,No,No,No,0,12,0,0,0.0,1
28,-0.8,-3.12,Single,Change in institution/course,Other,Daytime,Secondary education,Brazilian,Some High School,Unknown,Other,Other,Female,Yes,No,No,No,No,No,0,11,14,4,8.196428571428571,1
41,3.7,-1.7,Single,Over 23 years old,Social Service,Evening,Secondary education,Santomean,Specialized course,Basic education or less,Other,"Personal Services, Security and Safety Workers, and Sellers",Female,No,No,Yes,No,No,No,0,8,2,0,0.0,1
43,-0.8,-3.12,Other,Over 23 years old,Social Service,Evening,Higher education,Santomean,Specialized course,Basic education or less,Unskilled Workers,Unskilled Workers,Female,No,No,Yes,No,Yes,No,0,12,13,11,12.261538461538446,0
19,1.4,3.51,Single,1st phase,Design and Multimedia,Daytime,Secondary education,Portuguese,Basic education or less,Secondary Education,Specialists in Intellectual and Scientific Activities,Administrative staff,Female,No,No,Yes,No,Yes,No,10,23,27,23,13.990740740740721,0
26,2.8,-4.06,Single,Over 23 years old,Agronomy,Daytime,Secondary education,Santomean,Specialized course,Basic education or less,Unskilled Workers,Other,Female,No,No,Yes,No,No,No,10,24,27,17,13.43209876543208,0
18,0.5,1.79,Single,1st phase,Nursing,Daytime,Secondary education,Portuguese,Higher education,Higher education,Specialists in Intellectual and Scientific Activities,Intermediate Level Technicians and Professions,Female,Yes,No,Yes,No,No,No,0,15,15,15,12.266666666666659,0
45,0.6,2.02,Married,Over 23 years old,Other,Daytime,Secondary education,Santomean,Specialized course,Basic education or less,Unskilled Workers,"Personal Services, Security and Safety Workers, and Sellers",Female,No,No,Yes,No,No,No,0,14,22,7,11.5,1
19,0.5,1.79,Single,Specialized diploma,Other,Daytime,Specialized course,Romanian,Higher education,Basic education or less,Specialists in Intellectual and Scientific Activities,"Skilled Workers in Industry, Construction, and Craftsmen",Female,No,No,Yes,No,No,No,0,12,0,0,0.0,1
20,0.6,2.02,Single,2nd phase,Advertising and Marketing Management,Daytime,Secondary education,Angolan,Higher education,Secondary Education,Intermediate Level Technicians and Professions,Armed Forces Professions,Female,No,No,Yes,No,No,No,0,12,16,12,12.710937499999982,0
18,2.6,0.32,Single,1st phase,Other,Daytime,Secondary education,Portuguese,Secondary Education,Basic education or less,"Personal Services, Security and Safety Workers, and Sellers","Personal Services, Security and Safety Workers, and Sellers",Female,No,No,Yes,No,No,No,0,12,12,12,12.33333333333335,0
27,0.5,1.79,Single,Over 23 years old,Veterinary Nursing,Daytime,Secondary education,Santomean,Higher education,Higher education,Administrative staff,Other,Female,Yes,No,Yes,No,No,No,0,12,32,4,11.390625,1
20,-0.3,0.79,Married,1st phase,Agronomy,Daytime,Secondary education,Portuguese,Specialized course,Basic education or less,"Personal Services, Security and Safety Workers, and Sellers","Personal Services, Security and Safety Workers, and Sellers",Female,No,No,Yes,No,No,No,0,12,21,11,13.398809523809524,0
18,1.4,3.51,Single,1st phase,Veterinary Nursing,Daytime,Secondary education,Portuguese,Secondary Education,Secondary Education,Administrative staff,Installation and Machine Operators and Assembly Workers,Female,Yes,No,Yes,No,No,No,0,12,19,12,14.140350877192974,0
39,3.7,-1.7,Other,Over 23 years old,Social Service,Daytime,Secondary education,Santomean,Specialized course,Basic education or less,Unskilled Workers,Unskilled Workers,Female,Yes,No,Yes,No,Yes,No,0,12,14,11,14.400000000000002,0
36,0.3,-0.92,Single,Holders of other higher courses,Nursing,Daytime,Higher education,Italian,Specialized course,Basic education or less,Unskilled Workers,"Personal Services, Security and Safety Workers, and Sellers",Female,No,No,Yes,No,No,No,0,14,14,0,0.0,1
38,-0.3,0.79,Married,Over 23 years old,Social Service,Evening,Higher education,Santomean,Specialized course,Basic education or less,Unskilled Workers,Unskilled Workers,Female,No,No,Yes,No,No,No,13,19,19,19,11.94736842105261,0
45,2.6,0.32,Married,Over 23 years old,Other,Daytime,Basic education 3rd cycle (9th/10th/11th year) or equivalent,Santomean,Specialized course,Basic education or less,Intermediate Level Technicians and Professions,"Skilled Workers in Industry, Construction, and Craftsmen",Female,No,No,Yes,No,No,No,0,12,24,5,11.611111111111095,1
62,1.4,1.74,Married,Over 23 years old,Tourism,Daytime,Secondary education,Santomean,Higher education,Higher education,Specialists in Intellectual and Scientific Activities,Other,Female,No,No,Yes,No,No,No,0,12,17,12,13.725490196078411,0
20,1.4,1.74,Single,1st phase,Advertising and Marketing Management,Daytime,Secondary education,Portuguese,Secondary Education,Secondary Education,Unskilled Workers,Other,Female,Yes,No,Yes,No,Yes,No,0,12,18,10,12.259259259259277,0
18,1.4,1.74,Single,1st phase,Nursing,Daytime,Secondary education,Portuguese,Specialized course,Basic education or less,Unskilled Workers,Unskilled Workers,Female,Yes,No,Yes,No,No,No,0,16,16,14,14.1371428571429,0
18,-0.8,-3.12,Single,3rd phase,Design and Multimedia,Daytime,Secondary education,Cape Verdean,Secondary Education,Secondary Education,Intermediate Level Technicians and Professions,Administrative staff,Female,No,No,Yes,No,No,No,0,12,12,3,11.5,1
23,-0.8,-3.12,Married,1st phase,Management,Evening,Higher education,Portuguese,Secondary Education,Higher education,Administrative staff,Unskilled Workers,Female,No,No,Yes,No,No,No,0,10,14,9,11.25,0
19,-0.3,0.79,Single,1st phase,Design and Multimedia,Daytime,Secondary education,Portuguese,Specialized course,Basic education or less,Unskilled Workers,Unskilled Workers,Female,Yes,No,Yes,Yes,Yes,No,1,12,16,12,12.89285714285715,1
19,1.4,3.51,Single,2nd phase,Management,Daytime,Secondary education,Angolan,Secondary Education,Higher education,"Skilled Workers in Industry, Construction, and Craftsmen",Intermediate Level Technicians and Professions,Female,Yes,No,Yes,Yes,Yes,No,0,10,12,10,13.183333333333332,0
18,-0.3,0.79,Single,Change in institution/course,Nursing,Daytime,Secondary education,Other,Higher education,Higher education,Intermediate Level Technicians and Professions,Intermediate Level Technicians and Professions,Female,No,No,Yes,No,No,No,0,15,16,15,13.86875,0
41,2.6,0.32,Single,Over 23 years old,Social Service,Evening,Secondary education,Santomean,Some High School,Basic education or less,Other,Other,Female,No,No,Yes,No,No,No,1,12,17,10,12.539215686274524,0
51,0.5,1.79,Single,Over 23 years old,Advertising and Marketing Management,Daytime,Secondary education,Santomean,Specialized course,Higher education,Administrative staff,Other,Female,No,No,Yes,No,Yes,No,0,12,17,10,12.976470588235294,0
24,0.3,-0.92,Single,Change in institution/course,Social Service,Daytime,Secondary education,Brazilian,Specialized course,Basic education or less,Administrative staff,"Personal Services, Security and Safety Workers, and Sellers",Female,Yes,No,Yes,No,No,No,8,17,25,14,12.536,0
25,0.3,-0.92,Single,Over 23 years old,Management,Evening,Higher education,Santomean,Specialized course,Secondary Education,Unskilled Workers,"Personal Services, Security and Safety Workers, and Sellers",Female,No,No,Yes,No,No,No,0,10,25,3,11.733333333333348,1
20,2.6,0.32,Single,1st phase,Management,Daytime,Secondary education,Other,Specialized course,Basic education or less,Unskilled Workers,Unskilled Workers,Female,Yes,No,Yes,No,No,No,0,10,18,7,12.007407407407388,0
41,0.3,-0.92,Married,Change in institution/course,Management,Evening,Higher education,Brazilian,Higher education,Higher education,Other,Other,Female,No,No,Yes,No,No,No,10,20,27,20,14.618855218855199,0
19,1.4,3.51,Single,1st phase,Tourism,Daytime,Secondary education,Portuguese,Secondary Education,Basic education or less,Unskilled Workers,Unskilled Workers,Female,Yes,No,Yes,No,Yes,No,0,12,14,12,12.642857142857157,0
28,0.3,-0.92,Single,Change in institution/course,Other,Daytime,Other,Other,Secondary Education,Higher education,Intermediate Level Technicians and Professions,Other,Female,No,No,Yes,No,No,No,30,35,41,30,13.263937282229973,1
21,0.5,1.79,Single,1st phase,Design and Multimedia,Daytime,Secondary education,Portuguese,Higher education,Higher education,"Personal Services, Security and Safety Workers, and Sellers","Skilled Workers in Industry, Construction, and Craftsmen",Female,Yes,No,Yes,No,No,No,0,12,13,11,13.153846153846153,0
22,-0.8,-3.12,Single,1st phase,Veterinary Nursing,Daytime,Secondary education,Portuguese,Higher education,Higher education,Other,Other,Female,Yes,No,No,No,No,No,0,10,17,8,14.055882352941175,1
18,1.4,1.74,Single,2nd phase,Journalism and Communication,Daytime,Secondary education,Angolan,Specialized course,Basic education or less,"Personal Services, Security and Safety Workers, and Sellers","Skilled Workers in Industry, Construction, and Craftsmen",Female,Yes,No,No,No,No,No,0,12,13,12,12.346153846153861,0
19,1.4,1.74,Single,1st phase,Design and Multimedia,Daytime,Secondary education,Portuguese,Specialized course,Basic education or less,Unskilled Workers,Unskilled Workers,Female,Yes,No,Yes,No,Yes,No,0,12,14,12,13.5,0
19,0.6,2.02,Single,2nd phase,Nursing,Daytime,Secondary education,Angolan,Higher education,Basic education or less,"Personal Services, Security and Safety Workers, and Sellers","Personal Services, Security and Safety Workers, and Sellers",Female,Yes,No,Yes,No,Yes,No,0,15,15,15,14.214000000000015,0
25,1.4,1.74,Single,Holders of other higher courses,Other,Daytime,Higher education,Italian,Specialized course,Basic education or less,Administrative staff,"Personal Services, Security and Safety Workers, and Sellers",Female,No,No,No,Yes,No,No,1,12,14,12,14.04761904761905,0
18,2.6,0.32,Single,Change in institution/course,Nursing,Daytime,Other,Other,Secondary Education,Basic education or less,Specialists in Intellectual and Scientific Activities,Unskilled Workers,Female,Yes,No,Yes,No,Yes,No,0,14,14,12,14.35,0
19,3.7,-1.7,Single,2nd phase,Design and Multimedia,Daytime,Secondary education,Angolan,Specialized course,Basic education or less,Unskilled Workers,Unskilled Workers,Female,Yes,No,Yes,No,No,No,0,12,12,12,13.91666666666665,0
46,2.6,0.32,Married,Over 23 years old,Social Service,Evening,Basic education 3rd cycle (9th/10th/11th year) or equivalent,Santomean,Some High School,Unknown,Other,Other,Female,No,No,Yes,No,No,No,0,12,15,12,12.733333333333299,0
19,1.4,3.51,Single,2nd phase,Design and Multimedia,Daytime,Secondary education,Angolan,Higher education,Higher education,Intermediate Level Technicians and Professions,Intermediate Level Technicians and Professions,Female,Yes,No,No,No,No,No,10,23,26,23,13.134615384615385,0
18,-0.3,0.79,Single,1st phase,Equiniculture,Daytime,Secondary education,Portuguese,Specialized course,Basic education or less,Unskilled Workers,Unskilled Workers,Female,Yes,No,Yes,No,Yes,No,0,12,19,10,13.631578947368421,0
19,1.4,1.74,Single,3rd phase,Nursing,Daytime,Secondary education,Cape Verdean,Specialized course,Basic education or less,Intermediate Level Technicians and Professions,Intermediate Level Technicians and Professions,Female,Yes,No,Yes,No,Yes,No,0,16,16,14,11.82,0
20,0.3,-0.92,Single,1st phase,Journalism and Communication,Daytime,Secondary education,Portuguese,Higher education,Higher education,Intermediate Level Technicians and Professions,Other,Female,Yes,No,Yes,No,No,No,0,12,0,0,0.0,1
38,-0.8,-3.12,Married,Over 23 years old,Social Service,Evening,Secondary education,Santomean,Specialized course,Basic education or less,"Personal Services, Security and Safety Workers, and Sellers","Farmers and Skilled Workers in Agriculture, Fisheries, and Forestry",Female,No,No,Yes,No,Yes,No,0,12,13,11,12.543589743589761,0
18,-0.3,0.79,Single,2nd phase,Journalism and Communication,Daytime,Secondary education,Angolan,Secondary Education,Basic education or less,Unskilled Workers,Installation and Machine Operators and Assembly Workers,Female,Yes,No,Yes,No,No,No,0,12,15,12,12.190476190476227,0
18,-0.3,0.79,Single,2nd phase,Nursing,Daytime,Secondary education,Angolan,Secondary Education,Secondary Education,"Personal Services, Security and Safety Workers, and Sellers","Personal Services, Security and Safety Workers, and Sellers",Female,Yes,No,Yes,No,Yes,No,0,15,15,15,14.413333333333354,0
18,-0.3,0.79,Single,2nd phase,Social Service,Daytime,Secondary education,Angolan,Specialized course,Secondary Education,Other,"Personal Services, Security and Safety Workers, and Sellers",Female,Yes,No,Yes,No,No,No,0,12,16,10,12.693749999999982,0
19,0.5,1.79,Single,1st phase,Equiniculture,Daytime,Secondary education,Portuguese,Higher education,Basic education or less,Administrative staff,Installation and Machine Operators and Assembly Workers,Female,Yes,No,Yes,No,No,No,0,12,14,12,14.095238095238129,0
37,1.4,1.74,Other,Over 23 years old,Social Service,Evening,Secondary education,Santomean,Specialized course,Basic education or less,Other,Other,Female,No,No,No,No,No,No,0,9,14,0,0.0,1
19,2.8,-4.06,Single,1st phase,Nursing,Daytime,Secondary education,Portuguese,Higher education,Secondary Education,Specialists in Intellectual and Scientific Activities,Armed Forces Professions,Female,Yes,No,Yes,No,No,No,0,15,20,14,12.743888888888884,0
19,-0.3,0.79,Single,1st phase,Journalism and Communication,Daytime,Secondary education,Portuguese,Higher education,Secondary Education,"Personal Services, Security and Safety Workers, and Sellers",Intermediate Level Technicians and Professions,Female,Yes,No,Yes,No,Yes,No,0,12,15,11,13.04,1
19,0.3,-0.92,Single,2nd phase,Oral Hygiene,Daytime,Secondary education,Angolan,Specialized course,Basic education or less,Unskilled Workers,Administrative staff,Female,Yes,No,Yes,No,Yes,No,0,15,16,15,12.75892857142855,1
18,0.6,2.02,Single,2nd phase,Management,Daytime,Secondary education,Angolan,Specialized course,Basic education or less,Unskilled Workers,Unskilled Workers,Female,Yes,No,Yes,Yes,Yes,No,0,10,10,10,12.9,0
18,0.5,1.79,Single,1st phase,Nursing,Daytime,Secondary education,Portuguese,Specialized course,Basic education or less,"Skilled Workers in Industry, Construction, and Craftsmen","Skilled Workers in Industry, Construction, and Craftsmen",Female,Yes,No,Yes,No,Yes,No,0,15,16,15,14.788125000000004,0
18,1.4,3.51,Single,1st phase,Management,Daytime,Secondary education,Portuguese,Secondary Education,Basic education or less,Administrative staff,"Personal Services, Security and Safety Workers, and Sellers",Female,No,No,Yes,No,No,No,0,10,15,8,11.15,0
18,1.4,3.51,Single,1st phase,Equiniculture,Daytime,Secondary education,Portuguese,Basic education or less,Basic education or less,Specialists in Intellectual and Scientific Activities,Unskilled Workers,Female,Yes,No,Yes,No,No,No,0,12,19,9,14.515789473684212,1
20,0.5,1.79,Single,1st phase,Nursing,Daytime,Secondary education,Portuguese,Secondary Education,Some High School,Intermediate Level Technicians and Professions,"Farmers and Skilled Workers in Agriculture, Fisheries, and Forestry",Female,Yes,No,Yes,No,No,No,0,15,15,15,13.77199999999998,0
20,2.8,-4.06,Single,2nd phase,Veterinary Nursing,Daytime,Secondary education,Angolan,Higher education,Higher education,Specialists in Intellectual and Scientific Activities,Intermediate Level Technicians and Professions,Female,Yes,No,Yes,No,No,No,0,12,22,12,14.75,0
18,0.5,1.79,Single,1st phase,Veterinary Nursing,Daytime,Secondary education,Portuguese,Higher education,Higher education,Other,"Farmers and Skilled Workers in Agriculture, Fisheries, and Forestry",Female,No,No,Yes,No,No,No,0,12,30,8,13.371428571428577,1
20,0.5,1.79,Single,1st phase,Nursing,Daytime,Secondary education,Other,Specialized course,Basic education or less,Unskilled Workers,Unskilled Workers,Female,Yes,No,Yes,No,No,No,0,15,16,13,13.651741071428589,0
18,1.4,3.51,Single,2nd phase,Advertising and Marketing Management,Daytime,Secondary education,Angolan,Secondary Education,Secondary Education,Intermediate Level Technicians and Professions,Intermediate Level Technicians and Professions,Female,Yes,No,Yes,No,Yes,No,0,12,18,12,13.629629629629616,0
19,3.7,-1.7,Single,1st phase,Nursing,Daytime,Secondary education,Portuguese,Secondary Education,Basic education or less,"Skilled Workers in Industry, Construction, and Craftsmen","Skilled Workers in Industry, Construction, and Craftsmen",Female,Yes,No,Yes,No,No,No,0,15,0,0,0.0,1
18,2.8,-4.06,Single,1st phase,Nursing,Daytime,Secondary education,Portuguese,Specialized course,Secondary Education,"Personal Services, Security and Safety Workers, and Sellers","Farmers and Skilled Workers in Agriculture, Fisheries, and Forestry",Female,Yes,No,Yes,No,No,No,0,15,18,15,14.669444444444448,0
20,1.4,3.51,Single,Specialized diploma,Veterinary Nursing,Daytime,Specialized course,Other,Secondary Education,Basic education or less,Administrative staff,Installation and Machine Operators and Assembly Workers,Female,Yes,No,Yes,No,No,No,11,20,24,20,14.195833333333326,0
18,0.6,2.02,Single,1st phase,Nursing,Daytime,Secondary education,Portuguese,Higher education,Higher education,Other,"Personal Services, Security and Safety Workers, and Sellers",Female,No,No,Yes,No,No,No,0,15,16,15,14.158750000000001,0
19,-0.8,-3.12,Single,1st phase,Veterinary Nursing,Daytime,Secondary education,Other,Specialized course,Basic education or less,Unskilled Workers,Unskilled Workers,Female,Yes,No,Yes,No,Yes,No,0,10,13,10,13.025641025641047,0
19,2.8,-4.06,Single,2nd phase,Social Service,Daytime,Secondary education,Angolan,Higher education,Higher education,Other,Other,Female,Yes,No,Yes,No,No,No,0,12,23,10,11.0782608695652,0
19,2.6,0.32,Single,2nd phase,Equiniculture,Daytime,Secondary education,Angolan,Specialized course,Some High School,"Personal Services, Security and Safety Workers, and Sellers",Intermediate Level Technicians and Professions,Female,No,No,Yes,No,No,No,0,10,15,8,12.388888888888873,0
18,0.6,2.02,Single,1st phase,Nursing,Daytime,Secondary education,Portuguese,Higher education,Secondary Education,Specialists in Intellectual and Scientific Activities,Intermediate Level Technicians and Professions,Female,No,No,Yes,No,No,No,0,15,16,14,14.33854166666665,0
19,3.7,-1.7,Single,2nd phase,Other,Daytime,Secondary education,Angolan,Specialized course,Basic education or less,Administrative staff,Armed Forces Professions,Female,Yes,No,Yes,No,No,No,0,12,18,8,12.625,1
18,3.7,-1.7,Single,1st phase,Nursing,Daytime,Secondary education,Portuguese,Secondary Education,Secondary Education,Administrative staff,Unskilled Workers,Female,Yes,No,Yes,No,Yes,No,0,16,16,14,14.0,0
19,0.6,2.02,Single,1st phase,Journalism and Communication,Daytime,Secondary education,Portuguese,Basic education or less,Secondary Education,Administrative staff,Intermediate Level Technicians and Professions,Female,Yes,No,Yes,No,No,No,0,12,17,7,11.56862745098037,1
35,1.4,3.51,Single,Over 23 years old,Social Service,Evening,Secondary education,Santomean,Specialized course,Basic education or less,Unskilled Workers,"Farmers and Skilled Workers in Agriculture, Fisheries, and Forestry",Female,No,No,Yes,No,Yes,No,3,15,15,15,13.8,0
19,2.6,0.32,Single,2nd phase,Management,Daytime,Secondary education,Angolan,Specialized course,Basic education or less,Unskilled Workers,Unskilled Workers,Female,Yes,No,Yes,No,No,No,0,10,15,8,11.166666666666666,0
28,2.6,0.32,Single,Holders of other higher courses,Other,Daytime,Higher education,Italian,Specialized course,Basic education or less,Unskilled Workers,Unskilled Workers,Female,No,No,Yes,No,No,No,22,29,47,25,12.185410334346484,1
21,-0.3,0.79,Single,Change in institution/course,Nursing,Daytime,Secondary education,Brazilian,Specialized course,Higher education,"Personal Services, Security and Safety Workers, and Sellers",Other,Female,No,No,Yes,No,No,No,5,15,16,15,14.64375,0
19,0.6,2.02,Single,3rd phase,Nursing,Daytime,Secondary education,Cape Verdean,Specialized course,Secondary Education,"Personal Services, Security and Safety Workers, and Sellers","Personal Services, Security and Safety Workers, and Sellers",Female,Yes,No,Yes,No,Yes,No,0,15,17,14,12.413921568627458,0
19,1.4,3.51,Single,1st phase,Social Service,Daytime,Secondary education,Other,Basic education or less,Basic education or less,Specialists in Intellectual and Scientific Activities,Unskilled Workers,Female,Yes,No,Yes,No,No,No,0,12,12,12,13.66666666666665,0
18,-0.8,-3.12,Single,1st phase,Veterinary Nursing,Daytime,Secondary education,Portuguese,Higher education,Higher education,Specialists in Intellectual and Scientific Activities,Other,Female,No,No,Yes,No,No,No,0,10,22,10,12.371428571428593,0
18,2.6,0.32,Single,1st phase,Tourism,Daytime,Secondary education,Portuguese,Some High School,Secondary Education,Administrative staff,Administrative staff,Female,Yes,No,Yes,No,No,No,0,12,19,12,11.043859649122773,0
19,3.7,-1.7,Single,1st phase,Nursing,Daytime,Secondary education,Portuguese,Higher education,Higher education,Specialists in Intellectual and Scientific Activities,Other,Female,Yes,No,No,No,No,No,0,15,0,0,0.0,1
20,1.4,3.51,Single,1st phase,Advertising and Marketing Management,Daytime,Secondary education,Portuguese,Secondary Education,Secondary Education,Unskilled Workers,Armed Forces Professions,Female,Yes,No,Yes,No,Yes,No,0,12,15,12,13.46666666666668,0
18,1.4,3.51,Single,1st phase,Journalism and Communication,Daytime,Secondary education,Portuguese,Specialized course,Basic education or less,Unskilled Workers,Unskilled Workers,Female,Yes,No,Yes,No,No,No,0,12,12,12,13.3333333333333,0
19,0.3,-0.92,Single,1st phase,Other,Daytime,Secondary education,Portuguese,Specialized course,Basic education or less,Unskilled Workers,Unskilled Workers,Female,No,No,No,Yes,No,No,0,14,20,10,11.924999999999986,1
20,0.5,1.79,Single,1st phase,Journalism and Communication,Daytime,Secondary education,Portuguese,Secondary Education,Basic education or less,Unskilled Workers,Unskilled Workers,Female,Yes,No,Yes,No,Yes,No,0,12,13,12,13.076923076923055,1
18,1.4,3.51,Single,2nd phase,Advertising and Marketing Management,Daytime,Secondary education,Angolan,Secondary Education,Basic education or less,"Skilled Workers in Industry, Construction, and Craftsmen","Skilled Workers in Industry, Construction, and Craftsmen",Female,Yes,No,No,No,No,No,0,12,14,11,13.057142857142841,0
21,-0.3,0.79,Single,1st phase,Design and Multimedia,Daytime,Secondary education,Portuguese,Higher education,Higher education,Intermediate Level Technicians and Professions,Intermediate Level Technicians and Professions,Female,No,No,Yes,No,Yes,No,1,12,16,12,12.098214285714299,0
19,0.5,1.79,Single,1st phase,Tourism,Daytime,Secondary education,Other,Secondary Education,Basic education or less,Unskilled Workers,"Skilled Workers in Industry, Construction, and Craftsmen",Female,Yes,No,Yes,No,Yes,No,0,12,12,12,12.5833333333333,0
19,-0.8,-3.12,Single,2nd phase,Other,Daytime,Secondary education,Angolan,Secondary Education,Secondary Education,Intermediate Level Technicians and Professions,Unskilled Workers,Female,Yes,No,Yes,No,No,No,0,12,16,9,11.875,0
18,1.4,1.74,Single,1st phase,Journalism and Communication,Daytime,Secondary education,Portuguese,Specialized course,Basic education or less,Other,Other,Female,Yes,No,Yes,No,No,No,0,12,14,11,13.75714285714287,1
18,3.7,-1.7,Single,1st phase,Management,Daytime,Secondary education,Portuguese,Secondary Education,Basic education or less,Intermediate Level Technicians and Professions,Intermediate Level Technicians and Professions,Female,No,No,Yes,No,Yes,No,0,10,13,10,13.456410256410239,0
18,1.4,1.74,Single,1st phase,Veterinary Nursing,Daytime,Secondary education,Portuguese,Specialized course,Basic education or less,"Personal Services, Security and Safety Workers, and Sellers","Skilled Workers in Industry, Construction, and Craftsmen",Female,Yes,No,Yes,No,No,No,0,10,17,9,13.067226890756283,0
31,3.7,-1.7,Married,Over 23 years old,Oral Hygiene,Daytime,Secondary education,Santomean,Specialized course,Basic education or less,Unskilled Workers,"Farmers and Skilled Workers in Agriculture, Fisheries, and Forestry",Female,No,No,Yes,No,No,No,0,15,42,8,11.3,1
20,-0.3,0.79,Single,1st phase,Veterinary Nursing,Daytime,Secondary education,Other,Specialized course,Basic education or less,Unskilled Workers,Unskilled Workers,Female,Yes,No,Yes,No,Yes,No,0,12,13,12,15.923076923076945,0
19,2.6,0.32,Single,2nd phase,Veterinary Nursing,Daytime,Secondary education,Angolan,Specialized course,Basic education or less,Other,Other,Female,No,No,Yes,No,Yes,No,0,10,14,8,12.857142857142858,1
19,0.3,-0.92,Single,2nd phase,Social Service,Daytime,Secondary education,Angolan,Specialized course,Basic education or less,Unskilled Workers,"Farmers and Skilled Workers in Agriculture, Fisheries, and Forestry",Female,No,No,Yes,No,Yes,No,0,12,15,12,14.26666666666668,0
27,1.4,1.74,Married,Holders of other higher courses,Equiniculture,Daytime,Higher education,Italian,Specialized course,Basic education or less,Unskilled Workers,"Farmers and Skilled Workers in Agriculture, Fisheries, and Forestry",Female,No,No,No,No,No,No,1,10,15,5,13.888888888888907,1
18,1.4,3.51,Single,2nd phase,Journalism and Communication,Daytime,Secondary education,Angolan,Specialized course,Basic education or less,Unskilled Workers,"Farmers and Skilled Workers in Agriculture, Fisheries, and Forestry",Female,Yes,No,Yes,No,Yes,No,0,12,12,12,13.83333333333335,0
32,2.6,0.32,Single,1st phase,Social Service,Evening,Secondary education,Portuguese,Some High School,Unknown,Other,Other,Female,No,No,Yes,No,No,No,0,12,0,0,0.0,1
18,3.7,-1.7,Single,1st phase,Nursing,Daytime,Secondary education,Portuguese,Specialized course,Basic education or less,Other,"Skilled Workers in Industry, Construction, and Craftsmen",Female,Yes,No,Yes,No,No,No,0,16,16,14,12.6285714285714,0
19,1.4,1.74,Single,1st phase,Nursing,Daytime,Secondary education,Portuguese,Specialized course,Basic education or less,Unskilled Workers,Unskilled Workers,Female,Yes,No,Yes,No,Yes,No,0,16,16,14,14.2328571428571,0
18,1.4,1.74,Single,2nd phase,Tourism,Daytime,Secondary education,Angolan,Some High School,Basic education or less,Unskilled Workers,Unskilled Workers,Female,Yes,No,Yes,No,No,No,0,12,27,2,5.555555555555555,1
18,3.7,-1.7,Single,2nd phase,Advertising and Marketing Management,Daytime,Secondary education,Angolan,Specialized course,Secondary Education,Administrative staff,Administrative staff,Female,Yes,No,Yes,No,Yes,No,0,12,21,8,11.654761904761905,1
24,0.6,2.02,Single,Over 23 years old,Journalism and Communication,Daytime,Basic education 3rd cycle (9th/10th/11th year) or equivalent,Santomean,Specialized course,Basic education or less,Other,Other,Female,No,No,No,Yes,Yes,No,0,12,12,12,13.25,0
19,-0.8,-3.12,Single,2nd phase,Social Service,Daytime,Secondary education,Angolan,Specialized course,Secondary Education,"Skilled Workers in Industry, Construction, and Craftsmen","Skilled Workers in Industry, Construction, and Craftsmen",Female,Yes,No,Yes,No,Yes,No,0,12,15,11,11.873333333333333,0
21,0.6,2.02,Single,2nd phase,Tourism,Daytime,Secondary education,Angolan,Specialized course,Basic education or less,Unskilled Workers,"Skilled Workers in Industry, Construction, and Craftsmen",Female,Yes,No,Yes,Yes,No,No,0,12,0,0,0.0,1
19,0.3,-0.92,Single,Specialized diploma,Design and Multimedia,Daytime,Specialized course,Romanian,Secondary Education,Secondary Education,Administrative staff,Armed Forces Professions,Female,Yes,No,Yes,No,No,No,7,16,20,14,12.3375,0
36,1.4,3.51,Single,Over 23 years old,Oral Hygiene,Daytime,Secondary education,Santomean,Specialized course,Basic education or less,Unskilled Workers,Installation and Machine Operators and Assembly Workers,Female,Yes,No,Yes,No,Yes,No,0,14,23,11,12.428260869565218,0
51,0.5,1.79,Single,Over 23 years old,Veterinary Nursing,Daytime,Other,Santomean,Specialized course,Basic education or less,Other,Unskilled Workers,Male,No,No,Yes,No,No,No,0,12,0,0,0.0,1
29,1.4,3.51,Single,Over 23 years old,Social Service,Evening,Other,Santomean,Secondary Education,Secondary Education,Administrative staff,Administrative staff,Male,No,No,No,Yes,No,No,0,11,11,0,0.0,1
27,-0.3,0.79,Single,Specialized diploma,Social Service,Daytime,Specialized course,Romanian,Secondary Education,Basic education or less,Administrative staff,"Personal Services, Security and Safety Workers, and Sellers",Male,No,No,No,Yes,No,No,5,12,17,10,11.811764705882354,1
57,-0.8,-3.12,Married,Other,Management,Daytime,Higher education,Other,Specialized course,Basic education or less,Unskilled Workers,Unskilled Workers,Male,No,No,No,No,No,No,21,29,33,21,11.978956228956218,1
26,-0.8,-3.12,Single,Over 23 years old,Advertising and Marketing Management,Daytime,Secondary education,Santomean,Secondary Education,Secondary Education,Administrative staff,Administrative staff,Male,No,No,Yes,No,No,No,0,10,14,6,12.5,1
19,-0.8,-3.12,Single,1st phase,Advertising and Marketing Management,Daytime,Secondary education,Portuguese,Secondary Education,Basic education or less,Administrative staff,Unskilled Workers,Male,No,No,Yes,No,No,No,0,10,10,9,11.525,0
23,0.5,1.79,Single,Specialized diploma,Veterinary Nursing,Daytime,Specialized course,Romanian,Some High School,Basic education or less,Administrative staff,Installation and Machine Operators and Assembly Workers,Male,Yes,No,Yes,No,No,No,2,12,18,7,12.944444444444445,1
27,1.4,1.74,Single,Over 23 years old,Management,Evening,Secondary education,Santomean,Specialized course,Basic education or less,"Personal Services, Security and Safety Workers, and Sellers","Personal Services, Security and Safety Workers, and Sellers",Male,No,No,Yes,No,No,No,0,10,11,10,14.636363636363654,0
20,0.5,1.79,Single,1st phase,Nursing,Daytime,Secondary education,Portuguese,Specialized course,Basic education or less,Intermediate Level Technicians and Professions,"Personal Services, Security and Safety Workers, and Sellers",Male,Yes,No,Yes,Yes,Yes,No,0,15,15,15,12.919999999999993,0
19,1.4,1.74,Single,3rd phase,Design and Multimedia,Daytime,Secondary education,Cape Verdean,Specialized course,Basic education or less,"Skilled Workers in Industry, Construction, and Craftsmen","Personal Services, Security and Safety Workers, and Sellers",Female,No,No,Yes,No,Yes,No,11,23,24,22,12.587121212121199,0
19,0.6,2.02,Single,1st phase,Equiniculture,Daytime,Secondary education,Portuguese,Higher education,Basic education or less,Specialists in Intellectual and Scientific Activities,Unskilled Workers,Female,Yes,No,No,Yes,No,No,0,12,0,0,0.0,1
20,0.3,-0.92,Single,1st phase,Design and Multimedia,Daytime,Secondary education,Portuguese,Specialized course,Basic education or less,Unskilled Workers,Intermediate Level Technicians and Professions,Female,Yes,No,Yes,No,No,No,0,12,14,11,11.9,0
22,2.6,0.32,Single,Change in institution/course,Management,Evening,Secondary education,Brazilian,Specialized course,Basic education or less,Unskilled Workers,Unskilled Workers,Female,Yes,No,Yes,No,No,No,18,29,32,29,11.775892857142843,0
18,2.6,0.32,Single,1st phase,Management,Daytime,Secondary education,Portuguese,Specialized course,Some High School,Administrative staff,Administrative staff,Female,Yes,No,Yes,No,No,No,0,10,15,7,12.17777777777776,0
27,3.7,-1.7,Married,Over 23 years old,Nursing,Daytime,Higher education,Santomean,Specialized course,Basic education or less,Unskilled Workers,Unskilled Workers,Female,No,No,Yes,No,No,No,0,16,16,14,15.9428571428571,0
27,2.8,-4.06,Single,Over 23 years old,Management,Evening,Secondary education,Santomean,Specialized course,Basic education or less,Unskilled Workers,"Skilled Workers in Industry, Construction, and Craftsmen",Female,No,No,Yes,No,No,No,0,10,0,0,0.0,1
19,0.6,2.02,Single,1st phase,Social Service,Daytime,Secondary education,Portuguese,Specialized course,Basic education or less,Unskilled Workers,Unskilled Workers,Female,Yes,No,Yes,No,No,No,0,12,18,10,10.4563492063492,0
23,3.7,-1.7,Single,1st phase,Social Service,Evening,Secondary education,Portuguese,Specialized course,Basic education or less,Other,Armed Forces Professions,Female,No,No,Yes,No,Yes,No,0,12,12,12,13.33333333333335,0
22,2.6,0.32,Single,Change in institution/course,Nursing,Daytime,Secondary education,Brazilian,Some High School,Basic education or less,Other,Intermediate Level Technicians and Professions,Female,Yes,No,Yes,No,Yes,No,36,46,46,40,14.575,0
18,3.7,-1.7,Single,2nd phase,Tourism,Daytime,Secondary education,Angolan,Specialized course,Basic education or less,"Skilled Workers in Industry, Construction, and Craftsmen","Skilled Workers in Industry, Construction, and Craftsmen",Female,Yes,No,Yes,No,Yes,No,0,12,15,1,6.0,1
18,0.5,1.79,Single,1st phase,Social Service,Daytime,Secondary education,Portuguese,Specialized course,Basic education or less,Unskilled Workers,Unskilled Workers,Female,No,No,Yes,No,Yes,No,0,12,15,12,11.82857142857142,0
31,1.4,1.74,Single,Over 23 years old,Social Service,Evening,Secondary education,Santomean,Specialized course,Basic education or less,Unskilled Workers,Unskilled Workers,Female,No,No,Yes,No,Yes,No,0,12,12,12,13.16666666666665,0
19,2.8,-4.06,Single,2nd phase,Journalism and Communication,Daytime,Secondary education,Angolan,Specialized course,Basic education or less,Unskilled Workers,Unskilled Workers,Female,No,No,Yes,No,No,No,0,12,8,4,11.25,1
24,1.4,1.74,Single,2nd phase,Social Service,Evening,Secondary education,Angolan,Specialized course,Basic education or less,Administrative staff,"Skilled Workers in Industry, Construction, and Craftsmen",Female,No,No,Yes,No,No,No,0,12,24,1,6.0,1
19,2.8,-4.06,Single,1st phase,Nursing,Daytime,Secondary education,Portuguese,Specialized course,Basic education or less,Intermediate Level Technicians and Professions,Armed Forces Professions,Female,No,No,Yes,No,No,No,0,15,18,15,13.40611111111111,0
19,2.6,0.32,Single,2nd phase,Management,Daytime,Secondary education,Angolan,Secondary Education,Secondary Education,Administrative staff,"Personal Services, Security and Safety Workers, and Sellers",Female,Yes,No,Yes,No,No,No,0,10,11,10,12.581818181818182,0
26,0.3,-0.92,Single,Over 23 years old,Advertising and Marketing Management,Daytime,Secondary education,Santomean,Specialized course,Basic education or less,Unskilled Workers,Unskilled Workers,Female,Yes,No,No,No,No,No,0,12,20,7,11.6125,1
19,0.6,2.02,Single,2nd phase,Social Service,Daytime,Secondary education,Angolan,Specialized course,Basic education or less,Administrative staff,"Skilled Workers in Industry, Construction, and Craftsmen",Female,Yes,No,Yes,No,No,No,0,12,14,12,12.2142857142857,0
29,-0.8,-3.12,Married,Over 23 years old,Veterinary Nursing,Daytime,Secondary education,Santomean,Specialized course,Basic education or less,Other,Administrative staff,Female,No,No,Yes,No,No,No,0,10,14,10,15.361904761904743,1
18,-0.8,-3.12,Single,1st phase,Nursing,Daytime,Secondary education,Portuguese,Secondary Education,Basic education or less,Administrative staff,"Personal Services, Security and Safety Workers, and Sellers",Female,Yes,No,Yes,No,Yes,No,0,16,16,16,12.32,0
19,0.6,2.02,Single,1st phase,Nursing,Daytime,Secondary education,Portuguese,Secondary Education,Basic education or less,Unskilled Workers,Armed Forces Professions,Female,Yes,No,Yes,No,No,No,0,15,15,15,14.30933333333332,0
18,2.8,-4.06,Single,1st phase,Management,Daytime,Secondary education,Portuguese,Secondary Education,Basic education or less,Intermediate Level Technicians and Professions,Unskilled Workers,Female,No,No,Yes,No,Yes,No,0,10,11,10,15.90909090909089,0
19,0.5,1.79,Single,2nd phase,Nursing,Daytime,Secondary education,Angolan,Higher education,Higher education,Administrative staff,Administrative staff,Female,Yes,No,Yes,No,No,No,0,15,16,15,15.100000000000037,0
19,-0.3,0.79,Single,2nd phase,Tourism,Daytime,Secondary education,Angolan,Secondary Education,Secondary Education,Administrative staff,Administrative staff,Female,Yes,No,Yes,No,No,No,0,12,13,12,11.974358974358976,1
19,3.7,-1.7,Single,1st phase,Journalism and Communication,Daytime,Secondary education,Portuguese,Secondary Education,Basic education or less,Unskilled Workers,"Skilled Workers in Industry, Construction, and Craftsmen",Female,No,No,Yes,No,No,No,0,12,12,12,11.58333333333335,0
19,1.4,3.51,Single,1st phase,Social Service,Daytime,Secondary education,Portuguese,Specialized course,Basic education or less,"Personal Services, Security and Safety Workers, and Sellers",Installation and Machine Operators and Assembly Workers,Female,No,No,Yes,No,Yes,No,0,12,12,12,14.16666666666665,0
18,-0.8,-3.12,Single,1st phase,Nursing,Daytime,Secondary education,Portuguese,Specialized course,Basic education or less,"Skilled Workers in Industry, Construction, and Craftsmen",Unskilled Workers,Female,Yes,No,No,Yes,No,No,0,15,0,0,0.0,1
20,-0.3,0.79,Single,1st phase,Journalism and Communication,Daytime,Secondary education,Portuguese,Specialized course,Basic education or less,Unskilled Workers,"Skilled Workers in Industry, Construction, and Craftsmen",Female,Yes,No,Yes,No,No,No,0,12,13,12,13.461538461538462,0
20,-0.8,-3.12,Single,2nd phase,Tourism,Daytime,Secondary education,Angolan,Specialized course,Basic education or less,Intermediate Level Technicians and Professions,Armed Forces Professions,Female,No,No,Yes,No,No,No,0,12,17,9,11.170588235294119,0
31,-0.8,-3.12,Married,1st phase,Management,Evening,Higher education,Portuguese,Specialized course,Basic education or less,Other,Intermediate Level Technicians and Professions,Female,No,No,Yes,No,No,No,8,20,26,11,11.951282051282039,1
20,3.7,-1.7,Single,1st phase,Oral Hygiene,Daytime,Secondary education,Portuguese,Specialized course,Basic education or less,"Skilled Workers in Industry, Construction, and Craftsmen",Unskilled Workers,Female,No,No,Yes,No,Yes,No,0,15,22,15,10.972727272727246,0
18,2.6,0.32,Single,1st phase,Nursing,Daytime,Secondary education,Portuguese,Specialized course,Basic education or less,Unskilled Workers,Unskilled Workers,Female,Yes,No,Yes,No,No,No,0,14,14,12,14.65,0
19,0.3,-0.92,Single,2nd phase,Nursing,Daytime,Secondary education,Angolan,Specialized course,Basic education or less,"Skilled Workers in Industry, Construction, and Craftsmen","Skilled Workers in Industry, Construction, and Craftsmen",Female,Yes,No,Yes,No,Yes,No,0,15,18,15,14.416666666666682,0
30,-0.8,-3.12,Single,Change in institution/course,Social Service,Daytime,Secondary education,Brazilian,Some High School,Unknown,Other,Other,Female,No,No,Yes,No,No,No,20,29,33,28,12.183838383838415,0
19,0.5,1.79,Single,3rd phase,Management,Daytime,Secondary education,Cape Verdean,Specialized course,Basic education or less,Unskilled Workers,"Personal Services, Security and Safety Workers, and Sellers",Female,Yes,No,Yes,No,No,No,0,10,14,10,12.885714285714286,0
22,2.6,0.32,Single,1st phase,Management,Daytime,Secondary education,Portuguese,Secondary Education,Basic education or less,Administrative staff,Unskilled Workers,Female,Yes,No,Yes,Yes,No,No,0,10,10,10,13.4,0
18,0.6,2.02,Single,1st phase,Journalism and Communication,Daytime,Secondary education,Portuguese,Secondary Education,Basic education or less,Administrative staff,Unskilled Workers,Female,No,No,Yes,No,Yes,No,0,12,12,12,12.75,0
18,3.7,-1.7,Single,2nd phase,Social Service,Daytime,Secondary education,Angolan,Higher education,Secondary Education,Intermediate Level Technicians and Professions,Administrative staff,Female,Yes,No,Yes,No,No,No,0,12,18,11,11.88888888888889,0
19,3.7,-1.7,Single,1st phase,Nursing,Daytime,Secondary education,Portuguese,Specialized course,Basic education or less,Unskilled Workers,Installation and Machine Operators and Assembly Workers,Female,Yes,No,Yes,No,Yes,No,0,16,16,14,12.7857142857143,0
18,0.3,-0.92,Single,1st phase,Equiniculture,Daytime,Secondary education,Portuguese,Higher education,Secondary Education,Specialists in Intellectual and Scientific Activities,Administrative staff,Female,Yes,No,Yes,No,No,No,0,12,17,12,14.052287581699305,0
18,3.7,-1.7,Single,1st phase,Veterinary Nursing,Daytime,Secondary education,Portuguese,Specialized course,Basic education or less,Unskilled Workers,"Skilled Workers in Industry, Construction, and Craftsmen",Female,Yes,No,Yes,No,No,No,0,10,18,8,12.194444444444445,0
25,-0.3,0.79,Single,Over 23 years old,Veterinary Nursing,Daytime,Higher education,Santomean,Higher education,Higher education,Administrative staff,"Skilled Workers in Industry, Construction, and Craftsmen",Female,Yes,No,Yes,No,No,No,2,12,13,12,16.692307692307715,0
19,0.3,-0.92,Single,1st phase,Journalism and Communication,Daytime,Secondary education,Portuguese,Specialized course,Basic education or less,Administrative staff,Intermediate Level Technicians and Professions,Female,No,No,Yes,No,No,No,0,12,12,12,14.08333333333335,0
26,1.4,3.51,Single,Over 23 years old,Veterinary Nursing,Daytime,Secondary education,Santomean,Specialized course,Secondary Education,Unskilled Workers,Armed Forces Professions,Female,Yes,No,Yes,No,No,No,0,12,15,12,15.319047619047627,0
21,0.5,1.79,Single,2nd phase,Management,Daytime,Secondary education,Angolan,Secondary Education,Basic education or less,Administrative staff,"Personal Services, Security and Safety Workers, and Sellers",Female,Yes,No,Yes,No,No,No,0,10,16,9,11.69375,0
19,-0.3,0.79,Single,1st phase,Management,Daytime,Secondary education,Portuguese,Specialized course,Basic education or less,Specialists in Intellectual and Scientific Activities,Unskilled Workers,Female,No,No,Yes,No,No,No,0,10,20,1,7.7,1
19,3.7,-1.7,Single,2nd phase,Nursing,Daytime,Secondary education,Angolan,Specialized course,Basic education or less,Unskilled Workers,Unskilled Workers,Female,No,No,Yes,No,Yes,No,0,16,16,14,15.1142857142857,0
18,0.3,-0.92,Single,1st phase,Social Service,Daytime,Secondary education,Portuguese,Specialized course,Basic education or less,Unskilled Workers,Installation and Machine Operators and Assembly Workers,Female,Yes,No,Yes,No,Yes,No,0,12,15,12,14.93333333333334,0
32,1.4,1.74,Married,Change in institution/course,Management,Evening,Secondary education,Brazilian,Specialized course,Basic education or less,Unskilled Workers,"Skilled Workers in Industry, Construction, and Craftsmen",Female,No,No,Yes,No,Yes,No,7,20,22,15,11.532467532467509,0
18,2.8,-4.06,Single,1st phase,Social Service,Daytime,Secondary education,Portuguese,Higher education,Secondary Education,"Personal Services, Security and Safety Workers, and Sellers","Personal Services, Security and Safety Workers, and Sellers",Female,No,No,Yes,No,Yes,No,0,12,14,12,11.3333333333333,0
39,-0.8,-3.12,Other,Over 23 years old,Advertising and Marketing Management,Daytime,Secondary education,Santomean,Specialized course,Basic education or less,Administrative staff,Armed Forces Professions,Female,No,No,Yes,Yes,Yes,No,0,10,13,9,10.680769230769231,0
18,1.4,3.51,Single,2nd phase,Journalism and Communication,Daytime,Secondary education,Angolan,Higher education,Secondary Education,Other,Other,Female,No,No,Yes,Yes,Yes,No,0,12,12,12,14.75,0
21,1.4,3.51,Single,1st phase,Design and Multimedia,Daytime,Secondary education,Portuguese,Higher education,Higher education,Specialists in Intellectual and Scientific Activities,Other,Female,Yes,No,Yes,No,No,No,10,23,27,23,15.148148148148133,0
21,2.8,-4.06,Single,Change in institution/course,Agronomy,Daytime,Secondary education,Brazilian,Secondary Education,Basic education or less,Administrative staff,"Skilled Workers in Industry, Construction, and Craftsmen",Female,Yes,No,Yes,No,No,No,15,26,44,17,11.642045454545455,0
22,2.6,0.32,Single,1st phase,Management,Daytime,Secondary education,Portuguese,Specialized course,Basic education or less,"Personal Services, Security and Safety Workers, and Sellers","Personal Services, Security and Safety Workers, and Sellers",Female,Yes,No,Yes,No,No,No,0,10,19,5,10.140350877192969,1
20,1.4,3.51,Single,1st phase,Tourism,Daytime,Secondary education,Portuguese,Secondary Education,Secondary Education,Unskilled Workers,Unskilled Workers,Female,Yes,No,Yes,No,Yes,Yes,0,12,15,11,12.293333333333354,0
19,1.4,1.74,Single,1st phase,Nursing,Daytime,Secondary education,Portuguese,Specialized course,Basic education or less,Unskilled Workers,Unskilled Workers,Female,Yes,No,Yes,No,No,No,0,16,16,14,14.3285714285714,0
20,-0.3,0.79,Single,1st phase,Social Service,Daytime,Secondary education,Portuguese,Secondary Education,Basic education or less,"Personal Services, Security and Safety Workers, and Sellers","Skilled Workers in Industry, Construction, and Craftsmen",Female,No,No,Yes,No,Yes,No,0,12,13,12,15.6153846153846,0
19,3.7,-1.7,Single,1st phase,Veterinary Nursing,Daytime,Secondary education,Portuguese,Specialized course,Basic education or less,Unskilled Workers,Unskilled Workers,Female,Yes,No,Yes,No,No,No,0,10,14,10,13.171428571428569,0
18,-0.8,-3.12,Single,1st phase,Veterinary Nursing,Daytime,Secondary education,Portuguese,Secondary Education,Secondary Education,Specialists in Intellectual and Scientific Activities,"Skilled Workers in Industry, Construction, and Craftsmen",Female,Yes,No,Yes,No,Yes,No,0,10,20,9,13.014285714285739,0
18,2.8,-4.06,Single,2nd phase,Other,Daytime,Secondary education,Angolan,Higher education,Secondary Education,Specialists in Intellectual and Scientific Activities,Intermediate Level Technicians and Professions,Female,Yes,No,Yes,No,No,No,0,12,13,3,12.423076923076923,1
24,1.4,1.74,Single,Over 23 years old,Management,Evening,Secondary education,Santomean,Specialized course,Basic education or less,Unskilled Workers,Installation and Machine Operators and Assembly Workers,Female,No,Yes,Yes,No,No,No,0,10,14,6,10.583333333333352,1
21,1.4,3.51,Single,1st phase,Tourism,Daytime,Secondary education,Portuguese,Secondary Education,Secondary Education,Administrative staff,Other,Female,No,No,No,Yes,Yes,No,0,12,15,12,12.31111111111108,1
18,2.8,-4.06,Single,1st phase,Nursing,Daytime,Secondary education,Portuguese,Secondary Education,Basic education or less,Other,"Skilled Workers in Industry, Construction, and Craftsmen",Male,Yes,No,Yes,No,Yes,No,0,15,25,11,11.275360000000017,0
20,0.6,2.02,Single,2nd phase,Management,Daytime,Secondary education,Angolan,Secondary Education,Basic education or less,Administrative staff,Installation and Machine Operators and Assembly Workers,Male,Yes,No,Yes,No,Yes,No,0,10,16,9,12.25,0
20,1.4,1.74,Single,3rd phase,Other,Daytime,Secondary education,Cape Verdean,Secondary Education,Higher education,Unskilled Workers,Other,Female,Yes,No,No,Yes,No,No,0,12,19,9,12.168421052631578,1
18,0.5,1.79,Single,2nd phase,Tourism,Daytime,Secondary education,Angolan,Some High School,Basic education or less,"Personal Services, Security and Safety Workers, and Sellers","Skilled Workers in Industry, Construction, and Craftsmen",Female,Yes,No,Yes,Yes,No,No,0,12,17,9,12.229411764705882,1
25,1.4,3.51,Single,Over 23 years old,Oral Hygiene,Daytime,Secondary education,Santomean,Specialized course,Basic education or less,Unskilled Workers,"Farmers and Skilled Workers in Agriculture, Fisheries, and Forestry",Female,Yes,No,Yes,No,Yes,No,0,14,20,11,12.389714285714305,0
35,0.6,2.02,Married,Over 23 years old,Other,Daytime,Secondary education,Santomean,Specialized course,Secondary Education,Unskilled Workers,"Personal Services, Security and Safety Workers, and Sellers",Male,No,No,Yes,Yes,No,No,0,14,17,0,0.0,1
19,-0.3,0.79,Single,1st phase,Nursing,Daytime,Secondary education,Portuguese,Specialized course,Basic education or less,Unskilled Workers,"Personal Services, Security and Safety Workers, and Sellers",Female,Yes,No,Yes,No,Yes,No,0,15,17,14,13.168067226890741,0
18,-0.3,0.79,Single,1st phase,Advertising and Marketing Management,Daytime,Secondary education,Portuguese,Specialized course,Basic education or less,Unskilled Workers,Unskilled Workers,Male,Yes,No,Yes,No,Yes,No,0,12,12,12,13.0,1
19,1.4,1.74,Single,1st phase,Nursing,Daytime,Secondary education,Portuguese,Higher education,Basic education or less,Intermediate Level Technicians and Professions,Armed Forces Professions,Male,No,No,Yes,No,No,No,0,16,16,14,14.5357142857143,0
18,0.5,1.79,Single,2nd phase,Design and Multimedia,Daytime,Secondary education,Angolan,Higher education,Higher education,Intermediate Level Technicians and Professions,Intermediate Level Technicians and Professions,Male,No,No,Yes,No,No,No,0,12,12,12,14.83333333333335,0
24,0.3,-0.92,Single,Over 23 years old,Equiniculture,Daytime,Basic education 3rd cycle (9th/10th/11th year) or equivalent,Santomean,Specialized course,Higher education,Unskilled Workers,Other,Male,Yes,No,Yes,Yes,No,No,0,12,28,8,12.887755102040813,1
25,-0.8,-3.12,Single,Change in institution/course,Social Service,Evening,Secondary education,Brazilian,Some High School,Unknown,Other,Other,Male,Yes,No,Yes,No,No,Yes,14,24,43,19,11.434177740863767,0
19,0.6,2.02,Single,1st phase,Veterinary Nursing,Daytime,Secondary education,Portuguese,Secondary Education,Basic education or less,"Personal Services, Security and Safety Workers, and Sellers",Unskilled Workers,Male,No,No,Yes,No,Yes,No,0,12,21,11,13.738095238095244,0
19,0.3,-0.92,Single,2nd phase,Informatics Engineering,Daytime,Secondary education,Angolan,Specialized course,Secondary Education,Unskilled Workers,"Skilled Workers in Industry, Construction, and Craftsmen",Male,No,No,Yes,No,No,No,0,10,0,0,0.0,1
30,-0.8,-3.12,Single,Over 23 years old,Equiniculture,Daytime,Other,Santomean,Some High School,Basic education or less,Other,Other,Male,No,No,No,No,Yes,No,0,10,18,0,0.0,1
19,2.8,-4.06,Single,1st phase,Nursing,Daytime,Secondary education,Portuguese,Specialized course,Basic education or less,Administrative staff,"Personal Services, Security and Safety Workers, and Sellers",Male,Yes,No,Yes,No,No,No,0,14,17,0,0.0,1
21,0.6,2.02,Single,2nd phase,Management,Daytime,Secondary education,Angolan,Specialized course,Basic education or less,Administrative staff,Administrative staff,Male,Yes,No,Yes,No,No,No,0,10,15,1,6.666666666666667,1
29,-0.3,0.79,Single,Over 23 years old,Agronomy,Daytime,Secondary education,Santomean,Specialized course,Basic education or less,Unskilled Workers,"Personal Services, Security and Safety Workers, and Sellers",Male,No,No,No,No,No,No,0,12,15,0,0.0,1
18,0.5,1.79,Single,1st phase,Advertising and Marketing Management,Daytime,Secondary education,Portuguese,Specialized course,Basic education or less,Unskilled Workers,Unskilled Workers,Male,No,No,Yes,No,No,No,0,12,13,8,12.784615384615384,1
20,-0.3,0.79,Single,Change in institution/course,Design and Multimedia,Daytime,Secondary education,Other,Higher education,Higher education,Intermediate Level Technicians and Professions,Other,Male,No,No,Yes,No,No,No,10,14,21,11,11.946428571428571,1
18,1.4,3.51,Single,2nd phase,Journalism and Communication,Daytime,Secondary education,Angolan,Secondary Education,Secondary Education,Specialists in Intellectual and Scientific Activities,"Personal Services, Security and Safety Workers, and Sellers",Male,Yes,No,No,No,No,No,0,12,6,0,0.0,1
19,1.4,3.51,Single,1st phase,Management,Daytime,Secondary education,Portuguese,Secondary Education,Basic education or less,Other,"Farmers and Skilled Workers in Agriculture, Fisheries, and Forestry",Male,Yes,No,Yes,No,No,No,0,10,14,8,12.638095238095257,0
35,0.3,-0.92,Single,Holders of other higher courses,Tourism,Daytime,Higher education,Italian,Specialized course,Basic education or less,Intermediate Level Technicians and Professions,Intermediate Level Technicians and Professions,Male,No,No,Yes,No,No,No,0,12,13,0,0.0,1
20,1.4,1.74,Single,1st phase,Nursing,Daytime,Secondary education,Portuguese,Secondary Education,Secondary Education,Unskilled Workers,Unskilled Workers,Male,Yes,No,Yes,No,No,No,0,16,16,14,12.8414285714286,0
33,1.4,3.51,Married,Over 23 years old,Social Service,Daytime,Specialized course,Santomean,Specialized course,Basic education or less,Other,Installation and Machine Operators and Assembly Workers,Male,No,No,Yes,No,No,No,0,11,11,0,0.0,1
18,-0.8,-3.12,Single,1st phase,Journalism and Communication,Daytime,Secondary education,Portuguese,Secondary Education,Higher education,Administrative staff,Other,Male,Yes,No,Yes,No,No,No,0,12,13,12,13.551282051282053,0
19,-0.3,0.79,Single,2nd phase,Journalism and Communication,Daytime,Secondary education,Angolan,Higher education,Higher education,Specialists in Intellectual and Scientific Activities,Intermediate Level Technicians and Professions,Male,Yes,No,Yes,No,No,No,0,12,26,7,10.907692307692308,1
18,2.6,0.32,Single,2nd phase,Journalism and Communication,Daytime,Secondary education,Angolan,Specialized course,Secondary Education,Administrative staff,Administrative staff,Male,Yes,No,Yes,No,No,No,0,12,18,6,4.333333333333333,1
28,1.4,3.51,Single,Over 23 years old,Management,Evening,Secondary education,Santomean,Specialized course,Basic education or less,"Skilled Workers in Industry, Construction, and Craftsmen",Unskilled Workers,Male,No,No,No,No,No,No,0,10,0,0,0.0,1
18,0.3,-0.92,Single,1st phase,Management,Daytime,Secondary education,Portuguese,Higher education,Secondary Education,Other,"Personal Services, Security and Safety Workers, and Sellers",Male,No,No,Yes,No,No,No,0,10,11,10,13.181818181818164,0
25,2.8,-4.06,Single,1st phase,Journalism and Communication,Daytime,Secondary education,Portuguese,Higher education,Higher education,Intermediate Level Technicians and Professions,Intermediate Level Technicians and Professions,Male,Yes,No,Yes,Yes,No,No,0,12,17,12,11.571428571428598,1
19,1.4,3.51,Single,1st phase,Social Service,Daytime,Secondary education,Portuguese,Secondary Education,Basic education or less,Administrative staff,"Farmers and Skilled Workers in Agriculture, Fisheries, and Forestry",Male,No,Yes,No,Yes,No,No,0,12,12,9,11.25,1
18,-0.8,-3.12,Single,3rd phase,Design and Multimedia,Daytime,Secondary education,Cape Verdean,Specialized course,Basic education or less,"Personal Services, Security and Safety Workers, and Sellers","Personal Services, Security and Safety Workers, and Sellers",Male,No,No,Yes,No,No,No,0,12,14,9,10.892857142857142,0
29,-0.3,0.79,Single,Holders of other higher courses,Agronomy,Daytime,Higher education,Italian,Higher education,Higher education,Other,Other,Male,Yes,No,Yes,No,No,No,3,12,19,12,16.381787802840442,0
20,1.4,3.51,Single,1st phase,Tourism,Daytime,Secondary education,Portuguese,Higher education,Higher education,Administrative staff,"Personal Services, Security and Safety Workers, and Sellers",Male,No,No,Yes,No,Yes,No,0,12,15,12,12.40952380952384,0
20,2.8,-4.06,Single,Specialized diploma,Agronomy,Daytime,Specialized course,Romanian,Higher education,Basic education or less,Specialists in Intellectual and Scientific Activities,"Farmers and Skilled Workers in Agriculture, Fisheries, and Forestry",Male,No,No,Yes,No,No,No,0,12,14,0,0.0,1
18,-0.8,-3.12,Single,1st phase,Design and Multimedia,Daytime,Secondary education,Portuguese,Higher education,Higher education,Specialists in Intellectual and Scientific Activities,Other,Male,Yes,No,Yes,No,No,No,0,12,13,12,14.807692307692323,0
21,0.5,1.79,Single,1st phase,Tourism,Daytime,Secondary education,Portuguese,Higher education,Secondary Education,Specialists in Intellectual and Scientific Activities,Other,Male,Yes,No,Yes,No,Yes,No,0,12,12,12,12.91666666666665,0
18,-0.8,-3.12,Single,2nd phase,Tourism,Daytime,Secondary education,Angolan,Higher education,Higher education,Specialists in Intellectual and Scientific Activities,Other,Male,No,No,No,No,No,No,0,12,23,7,10.469565217391304,1
20,2.6,0.32,Single,1st phase,Informatics Engineering,Daytime,Secondary education,Portuguese,Specialized course,Basic education or less,Other,Other,Male,Yes,No,Yes,No,No,No,0,10,15,7,11.194444444444466,0
26,0.3,-0.92,Single,Over 23 years old,Management,Evening,Secondary education,Santomean,Secondary Education,Basic education or less,Unskilled Workers,Installation and Machine Operators and Assembly Workers,Female,No,No,Yes,No,No,No,0,6,10,0,0.0,1
19,-0.8,-3.12,Single,2nd phase,Advertising and Marketing Management,Daytime,Secondary education,Angolan,Specialized course,Basic education or less,Other,Installation and Machine Operators and Assembly Workers,Female,No,No,Yes,Yes,No,No,0,10,10,1,5.0,1
24,1.4,3.51,Single,Over 23 years old,Oral Hygiene,Daytime,Secondary education,Santomean,Specialized course,Basic education or less,Unskilled Workers,Unskilled Workers,Female,Yes,No,No,Yes,Yes,No,1,15,29,10,12.173793103448274,1
20,0.6,2.02,Single,1st phase,Advertising and Marketing Management,Daytime,Secondary education,Portuguese,Specialized course,Basic education or less,Unskilled Workers,"Skilled Workers in Industry, Construction, and Craftsmen",Female,Yes,No,Yes,No,Yes,No,0,12,15,12,14.999999999999993,0
26,1.4,1.74,Single,2nd phase,Management,Evening,Secondary education,Angolan,Specialized course,Higher education,Unskilled Workers,Intermediate Level Technicians and Professions,Female,Yes,No,No,Yes,No,No,0,10,11,0,0.0,1
31,1.4,1.74,Single,Over 23 years old,Management,Daytime,Other,Santomean,Specialized course,Basic education or less,"Skilled Workers in Industry, Construction, and Craftsmen",Unskilled Workers,Female,No,No,Yes,No,No,No,0,10,17,5,12.602941176470589,1
27,-0.8,-3.12,Married,Change in institution/course,Nursing,Daytime,Secondary education,Brazilian,Specialized course,Basic education or less,Unskilled Workers,Armed Forces Professions,Female,Yes,No,Yes,No,No,No,0,16,16,16,13.81375,0
24,0.6,2.02,Single,1st phase,Veterinary Nursing,Daytime,Secondary education,Portuguese,Specialized course,Basic education or less,Unskilled Workers,Unskilled Workers,Female,No,No,Yes,Yes,No,No,0,12,21,12,13.031462585034019,0
20,-0.3,0.79,Single,1st phase,Nursing,Daytime,Secondary education,Portuguese,Specialized course,Basic education or less,Unskilled Workers,Installation and Machine Operators and Assembly Workers,Female,Yes,No,Yes,No,Yes,No,0,15,17,15,12.535294117647036,0
20,0.6,2.02,Single,1st phase,Nursing,Daytime,Secondary education,Portuguese,Specialized course,Basic education or less,"Personal Services, Security and Safety Workers, and Sellers","Personal Services, Security and Safety Workers, and Sellers",Female,Yes,No,Yes,No,No,No,0,15,20,12,13.37166666666667,0
24,3.7,-1.7,Single,Over 23 years old,Nursing,Daytime,Secondary education,Santomean,Specialized course,Secondary Education,Unskilled Workers,Administrative staff,Female,Yes,No,Yes,No,No,No,0,16,16,14,14.9857142857143,0
18,3.7,-1.7,Single,1st phase,Journalism and Communication,Daytime,Secondary education,Portuguese,Specialized course,Basic education or less,Intermediate Level Technicians and Professions,Unskilled Workers,Female,Yes,No,Yes,No,No,No,0,12,14,9,12.542857142857143,0
20,0.6,2.02,Single,2nd phase,Veterinary Nursing,Daytime,Secondary education,Angolan,Specialized course,Basic education or less,Unskilled Workers,Unskilled Workers,Female,No,No,Yes,No,No,No,0,12,0,0,0.0,1
18,2.8,-4.06,Single,1st phase,Nursing,Daytime,Secondary education,Portuguese,Secondary Education,Secondary Education,Administrative staff,Intermediate Level Technicians and Professions,Female,Yes,No,Yes,No,No,No,0,15,20,15,13.720499999999998,0
19,2.8,-4.06,Single,1st phase,Nursing,Daytime,Secondary education,Portuguese,Specialized course,Basic education or less,Unskilled Workers,"Skilled Workers in Industry, Construction, and Craftsmen",Female,Yes,No,Yes,No,No,No,0,15,18,15,14.012777777777778,0
18,1.4,1.74,Single,2nd phase,Veterinary Nursing,Daytime,Secondary education,Angolan,Secondary Education,Basic education or less,Administrative staff,Unskilled Workers,Female,Yes,No,Yes,No,No,No,0,10,12,10,13.300000000000002,0
18,0.6,2.02,Single,2nd phase,Nursing,Daytime,Secondary education,Angolan,Secondary Education,Secondary Education,Administrative staff,Administrative staff,Female,Yes,No,Yes,No,No,No,0,15,15,15,14.16466666666666,0
18,0.5,1.79,Single,1st phase,Social Service,Daytime,Secondary education,Portuguese,Higher education,Secondary Education,Administrative staff,Unskilled Workers,Female,No,No,Yes,No,Yes,No,0,12,13,12,12.858974358974377,0
34,2.6,0.32,Married,Change in institution/course,Social Service,Daytime,Other,Brazilian,Specialized course,Basic education or less,Unskilled Workers,Unskilled Workers,Female,No,No,Yes,No,No,No,20,29,33,25,12.150728059818995,0
38,-0.3,0.79,Single,Over 23 years old,Social Service,Evening,Basic education 3rd cycle (9th/10th/11th year) or equivalent,Santomean,Specialized course,Basic education or less,Unskilled Workers,Unskilled Workers,Female,No,No,Yes,No,No,No,0,12,17,4,10.970588235294118,1
19,-0.8,-3.12,Single,1st phase,Nursing,Daytime,Secondary education,Portuguese,Specialized course,Basic education or less,"Skilled Workers in Industry, Construction, and Craftsmen","Skilled Workers in Industry, Construction, and Craftsmen",Female,Yes,No,Yes,No,Yes,No,0,16,16,16,14.11,0
19,1.4,1.74,Single,2nd phase,Other,Daytime,Secondary education,Angolan,Specialized course,Basic education or less,"Personal Services, Security and Safety Workers, and Sellers","Skilled Workers in Industry, Construction, and Craftsmen",Female,Yes,No,Yes,No,No,No,0,12,19,8,11.487719298245631,1
21,1.4,1.74,Single,Change in institution/course,Journalism and Communication,Daytime,Secondary education,Brazilian,Secondary Education,Secondary Education,Administrative staff,Installation and Machine Operators and Assembly Workers,Female,No,No,No,No,No,No,0,12,13,12,12.0,1
18,0.6,2.02,Single,2nd phase,Journalism and Communication,Daytime,Secondary education,Angolan,Higher education,Higher education,Specialists in Intellectual and Scientific Activities,Other,Female,Yes,No,Yes,No,Yes,No,0,12,12,12,14.16666666666665,0
20,-0.3,0.79,Single,2nd phase,Veterinary Nursing,Daytime,Secondary education,Angolan,Secondary Education,Basic education or less,Administrative staff,"Skilled Workers in Industry, Construction, and Craftsmen",Female,Yes,No,Yes,No,Yes,No,0,12,14,12,14.4642857142857,0
18,0.3,-0.92,Single,2nd phase,Management,Daytime,Secondary education,Angolan,Specialized course,Basic education or less,"Personal Services, Security and Safety Workers, and Sellers","Personal Services, Security and Safety Workers, and Sellers",Female,No,No,Yes,No,Yes,No,0,10,18,10,11.47777777777778,0
18,0.3,-0.92,Single,1st phase,Design and Multimedia,Daytime,Secondary education,Portuguese,Specialized course,Basic education or less,"Personal Services, Security and Safety Workers, and Sellers","Personal Services, Security and Safety Workers, and Sellers",Female,Yes,No,Yes,No,No,No,0,12,12,12,14.08333333333335,0
36,3.7,-1.7,Single,Holders of other higher courses,Oral Hygiene,Daytime,Higher education,Italian,Specialized course,Basic education or less,Unskilled Workers,Unskilled Workers,Female,Yes,No,Yes,No,Yes,No,0,14,16,1,5.5125,1
18,-0.3,0.79,Single,2nd phase,Management,Daytime,Secondary education,Angolan,Specialized course,Basic education or less,Other,"Skilled Workers in Industry, Construction, and Craftsmen",Female,Yes,No,Yes,No,Yes,No,0,10,21,8,10.836734693877542,0
21,2.6,0.32,Single,Change in institution/course,Equiniculture,Daytime,Other,Brazilian,Secondary Education,Some High School,Administrative staff,Other,Female,Yes,No,Yes,No,Yes,No,0,10,12,0,0.0,1
21,-0.3,0.79,Single,Specialized diploma,Equiniculture,Daytime,Specialized course,Romanian,Secondary Education,Higher education,Unskilled Workers,Other,Female,Yes,No,Yes,Yes,Yes,No,2,12,25,4,12.653333333333316,1
18,0.6,2.02,Single,Other,Veterinary Nursing,Daytime,Secondary education,Other,Higher education,Higher education,Administrative staff,Other,Female,No,No,Yes,No,No,Yes,0,12,28,12,12.598214285714286,0
18,-0.8,-3.12,Single,2nd phase,Advertising and Marketing Management,Daytime,Secondary education,Angolan,Secondary Education,Some High School,Administrative staff,"Personal Services, Security and Safety Workers, and Sellers",Female,Yes,No,Yes,No,No,No,0,10,12,8,11.3375,0
19,2.6,0.32,Single,1st phase,Nursing,Daytime,Secondary education,Portuguese,Specialized course,Basic education or less,Unskilled Workers,"Skilled Workers in Industry, Construction, and Craftsmen",Female,Yes,No,Yes,No,No,No,0,14,14,12,12.7666666666667,0
29,0.6,2.02,Married,Over 23 years old,Agronomy,Daytime,Basic education 3rd cycle (9th/10th/11th year) or equivalent,Santomean,Specialized course,Basic education or less,Unskilled Workers,Administrative staff,Female,No,No,Yes,Yes,No,No,0,12,17,11,12.623529411764718,0
20,0.6,2.02,Single,Specialized diploma,Management,Daytime,Specialized course,Romanian,Specialized course,Secondary Education,Unskilled Workers,Intermediate Level Technicians and Professions,Female,No,No,Yes,No,Yes,No,6,12,13,12,13.153846153846153,0
18,2.6,0.32,Single,2nd phase,Nursing,Daytime,Secondary education,Angolan,Specialized course,Basic education or less,Unskilled Workers,Unskilled Workers,Female,Yes,No,Yes,No,No,No,0,14,14,12,14.3166666666667,0
19,1.4,1.74,Single,1st phase,Veterinary Nursing,Daytime,Secondary education,Portuguese,Higher education,Secondary Education,Administrative staff,Armed Forces Professions,Female,Yes,No,Yes,No,No,No,0,10,12,9,12.4375,0
19,1.4,3.51,Single,1st phase,Management,Daytime,Secondary education,Portuguese,Secondary Education,Basic education or less,Intermediate Level Technicians and Professions,Installation and Machine Operators and Assembly Workers,Female,Yes,No,Yes,No,Yes,No,0,10,10,10,13.0,0
37,1.4,3.51,Single,Over 23 years old,Social Service,Evening,Secondary education,Santomean,Some High School,Higher education,Unskilled Workers,Administrative staff,Female,No,No,No,Yes,No,No,0,11,11,0,0.0,1
18,1.4,1.74,Single,1st phase,Veterinary Nursing,Daytime,Secondary education,Portuguese,Specialized course,Secondary Education,Unskilled Workers,Unskilled Workers,Female,Yes,No,Yes,No,Yes,No,0,10,11,9,14.863636363636363,0
21,3.7,-1.7,Single,1st phase,Other,Daytime,Secondary education,Portuguese,Specialized course,Basic education or less,"Skilled Workers in Industry, Construction, and Craftsmen","Skilled Workers in Industry, Construction, and Craftsmen",Female,Yes,No,Yes,No,No,No,0,12,20,6,11.63,1
19,0.5,1.79,Single,2nd phase,Social Service,Daytime,Secondary education,Angolan,Secondary Education,Basic education or less,Other,Other,Female,No,No,Yes,No,Yes,No,0,12,15,12,11.888888888888873,0
19,-0.8,-3.12,Single,2nd phase,Advertising and Marketing Management,Daytime,Secondary education,Angolan,Higher education,Secondary Education,Intermediate Level Technicians and Professions,Other,Female,No,No,Yes,No,No,No,0,10,10,10,13.7,0
30,-0.3,0.79,Married,Over 23 years old,Nursing,Daytime,Secondary education,Santomean,Specialized course,Basic education or less,Unskilled Workers,Installation and Machine Operators and Assembly Workers,Female,No,No,Yes,No,No,No,0,15,0,0,0.0,1
27,-0.8,-3.12,Single,Change in institution/course,Journalism and Communication,Daytime,Secondary education,Brazilian,Some High School,Unknown,Other,Other,Female,Yes,No,Yes,No,No,No,8,15,24,12,12.372619047619054,1
45,2.6,0.32,Married,1st phase,Tourism,Daytime,Secondary education,Portuguese,Specialized course,Basic education or less,Unskilled Workers,Unskilled Workers,Female,No,No,Yes,No,Yes,No,0,12,26,6,10.884615384615385,1
50,3.7,-1.7,Married,Over 23 years old,Social Service,Evening,Secondary education,Santomean,Specialized course,Basic education or less,Unskilled Workers,Unskilled Workers,Female,No,No,Yes,No,Yes,No,5,16,19,15,12.603383458646611,0
41,-0.8,-3.12,Other,Change in institution/course,Management,Daytime,Secondary education,Other,Specialized course,Basic education or less,Unskilled Workers,Unskilled Workers,Female,No,No,Yes,No,No,No,13,24,36,21,12.633333333333333,0
44,0.6,2.02,Single,Over 23 years old,Agronomy,Daytime,Basic education 3rd cycle (9th/10th/11th year) or equivalent,Santomean,Specialized course,Basic education or less,Unskilled Workers,Unskilled Workers,Female,No,No,Yes,No,No,No,0,12,16,1,7.5,1
23,2.8,-4.06,Married,Holders of other higher courses,Management,Daytime,Higher education,Italian,Specialized course,Basic education or less,Unskilled Workers,Unskilled Workers,Female,No,No,Yes,No,No,No,15,25,25,20,11.010989010988979,0
34,0.6,2.02,Single,Change in institution/course,Other,Daytime,Secondary education,Other,Specialized course,Basic education or less,Unskilled Workers,Unskilled Workers,Female,No,No,Yes,No,No,No,15,22,23,15,11.521739130434783,1
21,0.6,2.02,Single,1st phase,Management,Daytime,Secondary education,Portuguese,Specialized course,Basic education or less,Unskilled Workers,Unskilled Workers,Female,Yes,No,Yes,No,Yes,No,0,10,17,10,13.996638655462178,0
22,2.6,0.32,Single,Change in institution/course,Management,Daytime,Secondary education,Brazilian,Higher education,Basic education or less,Intermediate Level Technicians and Professions,Intermediate Level Technicians and Professions,Female,Yes,No,Yes,No,No,Yes,0,10,16,3,11.5,1
32,0.3,-0.92,Other,Over 23 years old,Social Service,Evening,Secondary education,Santomean,Specialized course,Basic education or less,Unskilled Workers,Installation and Machine Operators and Assembly Workers,Female,No,No,Yes,No,Yes,No,0,12,25,8,10.659999999999977,0
20,2.8,-4.06,Single,2nd phase,Oral Hygiene,Daytime,Secondary education,Angolan,Secondary Education,Secondary Education,"Skilled Workers in Industry, Construction, and Craftsmen","Skilled Workers in Industry, Construction, and Craftsmen",Female,Yes,No,Yes,No,No,Yes,0,15,16,15,13.6767857142857,0
59,1.4,1.74,Married,Holders of other higher courses,Social Service,Evening,Higher education,Italian,Some High School,Basic education or less,Other,Other,Female,No,No,No,No,No,No,18,23,30,20,13.211111111111085,1
18,-0.8,-3.12,Single,1st phase,Tourism,Daytime,Secondary education,Portuguese,Specialized course,Basic education or less,Unskilled Workers,Unskilled Workers,Female,Yes,No,Yes,No,Yes,No,0,12,16,12,11.0520833333333,0
36,3.7,-1.7,Other,Change in institution/course,Management,Evening,Secondary education,Brazilian,Specialized course,Basic education or less,"Personal Services, Security and Safety Workers, and Sellers","Personal Services, Security and Safety Workers, and Sellers",Male,No,No,Yes,No,No,No,0,10,11,10,13.8,0
36,0.6,2.02,Single,Holders of other higher courses,Oral Hygiene,Daytime,Higher education,Italian,Specialized course,Basic education or less,Unskilled Workers,Unskilled Workers,Male,No,No,Yes,No,No,No,0,14,29,1,6.620689655172414,1
19,1.4,1.74,Single,2nd phase,Advertising and Marketing Management,Daytime,Secondary education,Angolan,Specialized course,Basic education or less,Other,Other,Male,No,No,No,No,No,No,0,12,20,7,10.654166666666686,1
25,-0.8,-3.12,Single,Over 23 years old,Management,Evening,Secondary education,Santomean,Secondary Education,Basic education or less,Administrative staff,"Farmers and Skilled Workers in Agriculture, Fisheries, and Forestry",Male,No,No,Yes,No,No,No,0,10,12,9,11.25,0
35,2.8,-4.06,Single,Over 23 years old,Agronomy,Daytime,Basic education 3rd cycle (9th/10th/11th year) or equivalent,Santomean,Specialized course,Basic education or less,Unskilled Workers,"Skilled Workers in Industry, Construction, and Craftsmen",Male,No,No,Yes,No,No,No,28,31,33,31,11.5791245791246,0
20,0.3,-0.92,Single,1st phase,Social Service,Daytime,Secondary education,Portuguese,Secondary Education,Secondary Education,"Personal Services, Security and Safety Workers, and Sellers","Personal Services, Security and Safety Workers, and Sellers",Male,No,No,Yes,No,No,No,0,12,20,1,9.1,1
35,2.8,-4.06,Single,Over 23 years old,Agronomy,Daytime,Secondary education,Santomean,Specialized course,Basic education or less,Unskilled Workers,"Skilled Workers in Industry, Construction, and Craftsmen",Male,Yes,No,No,No,No,No,0,12,25,1,8.84,1
27,2.6,0.32,Single,1st phase,Social Service,Daytime,Secondary education,Portuguese,Specialized course,Basic education or less,Other,Other,Female,Yes,No,Yes,No,No,No,0,12,27,3,11.0,1
19,1.4,1.74,Single,2nd phase,Social Service,Evening,Secondary education,Angolan,Specialized course,Secondary Education,"Personal Services, Security and Safety Workers, and Sellers",Armed Forces Professions,Female,Yes,No,Yes,No,No,No,0,12,16,8,10.875,0
26,0.5,1.79,Single,Over 23 years old,Nursing,Daytime,Secondary education,Santomean,Specialized course,Basic education or less,Intermediate Level Technicians and Professions,"Skilled Workers in Industry, Construction, and Craftsmen",Female,No,No,No,Yes,No,No,0,14,21,9,12.244126984127,1
19,0.3,-0.92,Single,2nd phase,Social Service,Daytime,Secondary education,Angolan,Secondary Education,Basic education or less,Unskilled Workers,"Skilled Workers in Industry, Construction, and Craftsmen",Female,No,No,Yes,No,No,No,0,12,17,12,14.147058823529411,0
19,3.7,-1.7,Single,1st phase,Nursing,Daytime,Secondary education,Portuguese,Specialized course,Basic education or less,"Skilled Workers in Industry, Construction, and Craftsmen","Skilled Workers in Industry, Construction, and Craftsmen",Female,Yes,No,No,No,No,No,0,15,0,0,0.0,1
19,0.6,2.02,Single,2nd phase,Nursing,Daytime,Secondary education,Angolan,Specialized course,Secondary Education,Unskilled Workers,"Skilled Workers in Industry, Construction, and Craftsmen",Female,Yes,No,Yes,No,Yes,No,0,15,15,15,14.143999999999995,0
19,2.8,-4.06,Single,2nd phase,Nursing,Daytime,Secondary education,Angolan,Specialized course,Basic education or less,Unskilled Workers,Installation and Machine Operators and Assembly Workers,Female,Yes,No,Yes,No,Yes,No,0,15,16,15,13.39125,0
19,1.4,1.74,Single,1st phase,Veterinary Nursing,Daytime,Secondary education,Portuguese,Specialized course,Basic education or less,Unskilled Workers,Unskilled Workers,Female,Yes,No,Yes,No,Yes,No,0,10,10,10,14.1,0
21,0.5,1.79,Single,Specialized diploma,Social Service,Evening,Specialized course,Romanian,Secondary Education,Basic education or less,Unskilled Workers,"Skilled Workers in Industry, Construction, and Craftsmen",Female,No,No,Yes,No,Yes,No,5,12,12,12,14.25,0
18,2.8,-4.06,Single,1st phase,Journalism and Communication,Daytime,Secondary education,Portuguese,Secondary Education,Secondary Education,Intermediate Level Technicians and Professions,"Personal Services, Security and Safety Workers, and Sellers",Female,Yes,No,Yes,No,No,No,0,12,13,12,13.307692307692323,0
33,-0.8,-3.12,Married,Change in institution/course,Tourism,Daytime,Higher education,Brazilian,Specialized course,Basic education or less,Unskilled Workers,Intermediate Level Technicians and Professions,Female,Yes,No,Yes,No,No,No,18,23,33,21,13.442424242424233,0
32,3.7,-1.7,Single,Holders of other higher courses,Social Service,Evening,Higher education,Italian,Specialized course,Basic education or less,"Personal Services, Security and Safety Workers, and Sellers",Intermediate Level Technicians and Professions,Female,No,No,Yes,No,No,No,12,22,26,18,12.94155844155845,0
17,-0.8,-3.12,Single,1st phase,Nursing,Daytime,Secondary education,Portuguese,Specialized course,Basic education or less,Other,Administrative staff,Female,Yes,No,Yes,No,Yes,No,0,16,16,16,13.41625,0
31,3.7,-1.7,Married,Over 23 years old,Nursing,Daytime,Secondary education,Santomean,Specialized course,Basic education or less,Unskilled Workers,"Skilled Workers in Industry, Construction, and Craftsmen",Female,No,No,Yes,No,No,No,0,15,0,0,0.0,1
32,2.8,-4.06,Married,Over 23 years old,Social Service,Evening,Secondary education,Santomean,Specialized course,Basic education or less,Unskilled Workers,"Skilled Workers in Industry, Construction, and Craftsmen",Female,No,No,Yes,No,Yes,No,0,12,14,11,12.285714285714272,0
18,0.6,2.02,Single,1st phase,Veterinary Nursing,Daytime,Secondary education,Portuguese,Basic education or less,Higher education,Intermediate Level Technicians and Professions,"Skilled Workers in Industry, Construction, and Craftsmen",Female,Yes,No,Yes,No,No,No,0,12,18,12,15.23611111111111,1
40,1.4,1.74,Single,Change in institution/course,Management,Evening,Secondary education,Brazilian,Higher education,Basic education or less,Other,Other,Male,No,No,No,No,No,No,0,10,11,0,0.0,1
32,2.6,0.32,Married,1st phase,Management,Evening,Secondary education,Portuguese,Specialized course,Basic education or less,Unskilled Workers,Unskilled Workers,Male,Yes,No,Yes,No,No,No,0,10,10,10,14.5,0
40,3.7,-1.7,Single,Holders of other higher courses,Informatics Engineering,Daytime,Higher education,Italian,Specialized course,Basic education or less,Other,Other,Male,No,No,No,No,No,No,3,10,12,3,13.416666666666666,1
28,3.7,-1.7,Single,Change in institution/course,Management,Evening,Secondary education,Brazilian,Specialized course,Basic education or less,Unskilled Workers,Unskilled Workers,Male,No,No,No,Yes,No,No,5,15,20,5,10.0,1
19,-0.8,-3.12,Single,1st phase,Design and Multimedia,Daytime,Secondary education,Other,Secondary Education,Secondary Education,Intermediate Level Technicians and Professions,Other,Male,Yes,No,Yes,Yes,No,No,0,12,18,11,11.511111111111111,0
19,2.8,-4.06,Single,1st phase,Journalism and Communication,Daytime,Secondary education,Portuguese,Secondary Education,Basic education or less,"Personal Services, Security and Safety Workers, and Sellers",Unskilled Workers,Male,No,No,Yes,No,Yes,No,0,12,19,9,12.508771929824547,0
21,1.4,1.74,Single,1st phase,Management,Daytime,Secondary education,Portuguese,Specialized course,Basic education or less,"Skilled Workers in Industry, Construction, and Craftsmen","Skilled Workers in Industry, Construction, and Craftsmen",Male,No,Yes,Yes,No,No,No,0,10,0,0,0.0,1
22,2.6,0.32,Single,2nd phase,Management,Daytime,Secondary education,Angolan,Specialized course,Secondary Education,Other,Administrative staff,Male,Yes,No,Yes,No,No,No,0,10,18,2,4.666666666666667,1
18,0.5,1.79,Single,2nd phase,Informatics Engineering,Daytime,Secondary education,Angolan,Higher education,Secondary Education,Intermediate Level Technicians and Professions,Intermediate Level Technicians and Professions,Male,Yes,No,No,No,No,No,0,10,15,10,13.000000000000012,1
30,-0.8,-3.12,Married,Change in institution/course,Management,Evening,Secondary education,Brazilian,Specialized course,Basic education or less,Unskilled Workers,Unskilled Workers,Male,Yes,No,Yes,No,No,No,13,20,26,17,12.179487179487161,0
28,0.3,-0.92,Single,Over 23 years old,Equiniculture,Daytime,Specialized course,Santomean,Secondary Education,Higher education,Administrative staff,Other,Male,No,No,Yes,No,No,No,0,12,17,1,4.705882352941177,1
20,0.3,-0.92,Single,1st phase,Social Service,Daytime,Secondary education,Portuguese,Secondary Education,Basic education or less,Unskilled Workers,Unskilled Workers,Male,No,No,Yes,No,Yes,No,0,12,20,11,11.335714285714275,0
31,2.6,0.32,Single,Change in institution/course,Tourism,Daytime,Secondary education,Brazilian,Some High School,Basic education or less,Unskilled Workers,Unskilled Workers,Male,No,No,No,No,No,No,6,15,31,10,12.10215053763443,1
21,2.6,0.32,Single,2nd phase,Informatics Engineering,Daytime,Secondary education,Angolan,Secondary Education,Secondary Education,Unskilled Workers,Unskilled Workers,Male,No,No,No,Yes,No,No,0,10,17,4,11.235294117647058,1
27,2.6,0.32,Single,Over 23 years old,Advertising and Marketing Management,Daytime,Basic education 3rd cycle (9th/10th/11th year) or equivalent,Santomean,Some High School,Unknown,Other,Other,Male,Yes,No,No,No,No,No,0,10,14,4,10.857142857142872,1
19,2.6,0.32,Single,1st phase,Journalism and Communication,Daytime,Secondary education,Portuguese,Specialized course,Basic education or less,Unskilled Workers,Unskilled Workers,Male,Yes,No,Yes,No,No,No,0,12,23,9,12.430434782608694,0
21,0.3,-0.92,Single,Specialized diploma,Agronomy,Daytime,Specialized course,Romanian,Specialized course,Basic education or less,Administrative staff,Administrative staff,Male,Yes,No,No,No,No,No,0,12,27,2,7.87037037037037,1
35,2.6,0.32,Single,Change in institution/course,Advertising and Marketing Management,Daytime,Secondary education,Brazilian,Some High School,Unknown,Other,Other,Male,No,No,No,No,No,No,10,19,19,11,12.193609022556368,1
28,2.6,0.32,Single,Over 23 years old,Veterinary Nursing,Daytime,Secondary education,Santomean,Specialized course,Basic education or less,Other,"Skilled Workers in Industry, Construction, and Craftsmen",Male,No,No,Yes,No,No,No,0,10,18,6,11.629629629629612,1
19,-0.8,-3.12,Single,1st phase,Journalism and Communication,Daytime,Secondary education,Portuguese,Some High School,Secondary Education,"Personal Services, Security and Safety Workers, and Sellers",Armed Forces Professions,Male,Yes,No,No,No,No,No,0,10,8,0,0.0,1
20,0.3,-0.92,Single,1st phase,Design and Multimedia,Daytime,Secondary education,Portuguese,Higher education,Basic education or less,Administrative staff,Administrative staff,Male,Yes,No,Yes,No,Yes,No,0,12,14,12,12.738095238095243,0
37,1.4,3.51,Single,Over 23 years old,Veterinary Nursing,Daytime,Secondary education,Santomean,Basic education or less,Secondary Education,"Personal Services, Security and Safety Workers, and Sellers","Farmers and Skilled Workers in Agriculture, Fisheries, and Forestry",Male,No,No,No,Yes,No,No,8,14,14,8,11.833333333333352,1
19,2.6,0.32,Single,1st phase,Tourism,Daytime,Secondary education,Portuguese,Specialized course,Basic education or less,Unskilled Workers,Installation and Machine Operators and Assembly Workers,Male,Yes,No,Yes,No,No,No,0,12,25,3,12.48,1
36,-0.3,0.79,Single,Over 23 years old,Nursing,Daytime,Secondary education,Santomean,Specialized course,Basic education or less,Unskilled Workers,Installation and Machine Operators and Assembly Workers,Male,No,No,Yes,No,No,No,0,14,25,0,0.0,1
29,-0.8,-3.12,Single,Over 23 years old,Management,Daytime,Other,Santomean,Specialized course,Basic education or less,Unskilled Workers,Unskilled Workers,Male,No,No,Yes,No,No,No,0,10,0,0,0.0,1
30,-0.3,0.79,Single,Over 23 years old,Agronomy,Daytime,Secondary education,Santomean,Specialized course,Basic education or less,Unskilled Workers,Administrative staff,Male,No,No,Yes,No,No,No,0,12,20,11,11.4875,0
32,0.6,2.02,Single,Change in institution/course,Advertising and Marketing Management,Daytime,Basic education 3rd cycle (9th/10th/11th year) or equivalent,Other,Higher education,Secondary Education,Intermediate Level Technicians and Professions,Armed Forces Professions,Male,No,No,Yes,Yes,No,No,1,12,22,2,8.181818181818182,1
37,0.3,-0.92,Married,Specialized diploma,Agronomy,Daytime,Specialized course,Romanian,Specialized course,Basic education or less,Administrative staff,"Skilled Workers in Industry, Construction, and Craftsmen",Male,No,No,Yes,No,No,No,0,12,40,3,11.1375,1
27,-0.3,0.79,Single,Over 23 years old,Informatics Engineering,Daytime,Secondary education,Santomean,Secondary Education,Some High School,Administrative staff,Intermediate Level Technicians and Professions,Male,No,No,Yes,No,No,No,3,12,14,5,11.5,1
18,-0.3,0.79,Single,1st phase,Journalism and Communication,Daytime,Secondary education,Portuguese,Specialized course,Secondary Education,"Personal Services, Security and Safety Workers, and Sellers","Skilled Workers in Industry, Construction, and Craftsmen",Male,Yes,No,Yes,No,Yes,No,0,12,15,11,12.244444444444419,0
18,-0.8,-3.12,Single,1st phase,Nursing,Daytime,Secondary education,Portuguese,Specialized course,Basic education or less,Unskilled Workers,Unskilled Workers,Male,No,No,Yes,No,Yes,No,0,16,16,16,15.3,0
32,2.8,-4.06,Married,Over 23 years old,Agronomy,Daytime,Basic education 3rd cycle (9th/10th/11th year) or equivalent,Santomean,Specialized course,Basic education or less,Administrative staff,Other,Male,No,No,No,No,No,No,2,15,21,2,6.571428571428571,1
22,0.3,-0.92,Single,Change in institution/course,Agronomy,Daytime,Secondary education,Brazilian,Higher education,Higher education,Other,Other,Male,No,No,Yes,No,No,No,0,12,22,0,0.0,1
32,0.5,1.79,Other,Over 23 years old,Nursing,Daytime,Secondary education,Santomean,Secondary Education,Basic education or less,Intermediate Level Technicians and Professions,Intermediate Level Technicians and Professions,Female,No,No,Yes,No,No,No,0,15,0,0,0.0,1
19,1.4,1.74,Single,2nd phase,Advertising and Marketing Management,Daytime,Secondary education,Angolan,Secondary Education,Secondary Education,Administrative staff,"Skilled Workers in Industry, Construction, and Craftsmen",Female,No,No,No,No,No,No,0,12,17,8,12.936274509803937,1
18,1.4,3.51,Single,1st phase,Journalism and Communication,Daytime,Secondary education,Portuguese,Specialized course,Secondary Education,Unskilled Workers,Unskilled Workers,Female,Yes,No,Yes,No,Yes,No,0,12,12,12,13.75,0
18,1.4,3.51,Single,1st phase,Management,Daytime,Secondary education,Portuguese,Secondary Education,Secondary Education,Unskilled Workers,"Skilled Workers in Industry, Construction, and Craftsmen",Female,Yes,No,Yes,No,Yes,No,0,10,17,10,11.647058823529411,0
38,2.8,-4.06,Single,Holders of other higher courses,Management,Daytime,Higher education,Italian,Higher education,Basic education or less,Specialists in Intellectual and Scientific Activities,"Personal Services, Security and Safety Workers, and Sellers",Female,Yes,No,No,Yes,No,No,0,10,11,0,0.0,1
21,2.6,0.32,Single,2nd phase,Other,Daytime,Secondary education,Angolan,Some High School,Unknown,Other,Other,Female,Yes,No,Yes,No,No,No,0,12,16,9,11.15,1
21,-0.8,-3.12,Single,1st phase,Social Service,Daytime,Secondary education,Portuguese,Some High School,Basic education or less,"Personal Services, Security and Safety Workers, and Sellers","Personal Services, Security and Safety Workers, and Sellers",Female,No,No,No,No,No,No,0,12,25,3,12.28,1
19,2.6,0.32,Single,1st phase,Nursing,Daytime,Secondary education,Portuguese,Specialized course,Basic education or less,Unskilled Workers,Intermediate Level Technicians and Professions,Female,Yes,No,Yes,No,No,No,0,14,14,12,14.6166666666667,0
18,2.6,0.32,Single,2nd phase,Tourism,Daytime,Secondary education,Angolan,Secondary Education,Secondary Education,Unskilled Workers,Armed Forces Professions,Female,No,No,Yes,Yes,No,No,0,12,21,7,11.190476190476172,1
25,3.7,-1.7,Single,Holders of other higher courses,Management,Daytime,Higher education,Italian,Specialized course,Basic education or less,Unskilled Workers,Unskilled Workers,Female,No,No,Yes,No,No,No,0,10,0,0,0.0,1
19,2.6,0.32,Single,1st phase,Nursing,Daytime,Secondary education,Portuguese,Specialized course,Secondary Education,"Personal Services, Security and Safety Workers, and Sellers",Administrative staff,Female,Yes,No,Yes,No,No,No,12,28,44,14,12.1923076923077,0
18,-0.3,0.79,Single,2nd phase,Tourism,Daytime,Secondary education,Angolan,Secondary Education,Basic education or less,Unskilled Workers,Unskilled Workers,Female,Yes,No,Yes,No,Yes,No,0,12,13,12,12.564102564102532,0
19,-0.3,0.79,Single,2nd phase,Management,Daytime,Secondary education,Angolan,Specialized course,Basic education or less,Unskilled Workers,"Skilled Workers in Industry, Construction, and Craftsmen",Female,No,No,Yes,No,Yes,No,0,10,14,10,12.428571428571415,0
22,0.5,1.79,Single,1st phase,Social Service,Daytime,Secondary education,Portuguese,Specialized course,Basic education or less,Unskilled Workers,"Skilled Workers in Industry, Construction, and Craftsmen",Female,Yes,No,Yes,No,Yes,No,0,12,12,12,12.33333333333335,0
21,2.8,-4.06,Single,Specialized diploma,Agronomy,Daytime,Specialized course,Romanian,Specialized course,Basic education or less,Other,"Farmers and Skilled Workers in Agriculture, Fisheries, and Forestry",Female,Yes,No,Yes,No,No,No,0,12,23,12,13.130434782608706,0
21,1.4,3.51,Single,2nd phase,Veterinary Nursing,Daytime,Secondary education,Angolan,Specialized course,Basic education or less,Unskilled Workers,Unskilled Workers,Female,Yes,No,Yes,No,Yes,No,0,12,14,12,14.595238095238114,0
20,0.6,2.02,Single,1st phase,Other,Daytime,Secondary education,Portuguese,Specialized course,Basic education or less,Intermediate Level Technicians and Professions,"Skilled Workers in Industry, Construction, and Craftsmen",Female,No,No,Yes,No,Yes,No,0,14,14,14,12.5,0
18,2.6,0.32,Single,1st phase,Nursing,Daytime,Secondary education,Portuguese,Specialized course,Basic education or less,Unskilled Workers,Intermediate Level Technicians and Professions,Female,Yes,No,Yes,No,No,No,0,14,14,12,13.9,0
26,-0.3,0.79,Single,Over 23 years old,Nursing,Daytime,Secondary education,Santomean,Specialized course,Basic education or less,Unskilled Workers,Installation and Machine Operators and Assembly Workers,Female,No,No,Yes,No,No,No,0,14,23,6,12.95362318840583,1
31,2.6,0.32,Single,Other,Management,Daytime,Higher education,Other,Some High School,Unknown,Other,Other,Female,Yes,No,Yes,No,No,No,24,29,31,24,12.03541619670649,1
18,0.6,2.02,Single,2nd phase,Social Service,Daytime,Secondary education,Angolan,Specialized course,Basic education or less,Unskilled Workers,Installation and Machine Operators and Assembly Workers,Female,Yes,No,Yes,No,Yes,No,0,12,13,12,14.615384615384606,0
35,0.6,2.02,Other,Holders of other higher courses,Management,Daytime,Higher education,Italian,Specialized course,Secondary Education,"Personal Services, Security and Safety Workers, and Sellers","Personal Services, Security and Safety Workers, and Sellers",Female,No,No,Yes,No,No,No,0,10,10,0,0.0,1
19,2.8,-4.06,Single,1st phase,Social Service,Daytime,Secondary education,Portuguese,Specialized course,Basic education or less,"Skilled Workers in Industry, Construction, and Craftsmen","Skilled Workers in Industry, Construction, and Craftsmen",Female,No,No,Yes,No,Yes,No,0,12,17,11,10.759663865546212,0
18,0.6,2.02,Single,1st phase,Nursing,Daytime,Secondary education,Portuguese,Higher education,Secondary Education,Administrative staff,Intermediate Level Technicians and Professions,Female,No,No,Yes,No,No,No,0,15,16,15,14.535625000000032,0
20,0.5,1.79,Single,2nd phase,Veterinary Nursing,Daytime,Secondary education,Angolan,Specialized course,Basic education or less,Administrative staff,Unskilled Workers,Female,No,No,Yes,No,No,No,0,12,24,12,12.2952380952381,0
19,1.4,3.51,Single,1st phase,Design and Multimedia,Daytime,Secondary education,Portuguese,Secondary Education,Secondary Education,Unskilled Workers,"Personal Services, Security and Safety Workers, and Sellers",Female,Yes,No,Yes,No,Yes,No,10,23,28,23,13.035714285714286,0
18,0.3,-0.92,Single,2nd phase,Other,Daytime,Secondary education,Angolan,Specialized course,Basic education or less,Unskilled Workers,Unskilled Workers,Female,No,No,Yes,Yes,Yes,No,0,14,14,14,12.5,0
23,-0.8,-3.12,Single,Change in institution/course,Nursing,Daytime,Secondary education,Other,Specialized course,Basic education or less,Administrative staff,Unskilled Workers,Female,No,No,Yes,No,No,No,0,16,16,16,12.88625,0
21,0.3,-0.92,Single,1st phase,Design and Multimedia,Daytime,Secondary education,Portuguese,Secondary Education,Secondary Education,Unskilled Workers,Unskilled Workers,Female,No,No,Yes,No,Yes,No,0,12,13,11,12.846153846153861,0
19,0.6,2.02,Single,1st phase,Management,Daytime,Secondary education,Portuguese,Specialized course,Basic education or less,Unskilled Workers,Unskilled Workers,Female,No,No,Yes,No,Yes,No,0,10,13,10,11.738461538461536,0
20,1.4,3.51,Single,Specialized diploma,Veterinary Nursing,Daytime,Specialized course,Other,Specialized course,Basic education or less,Administrative staff,Unskilled Workers,Female,Yes,No,Yes,No,No,No,11,20,24,20,13.824404761904775,0
18,-0.8,-3.12,Single,1st phase,Nursing,Daytime,Secondary education,Portuguese,Specialized course,Basic education or less,Unskilled Workers,"Skilled Workers in Industry, Construction, and Craftsmen",Female,Yes,No,Yes,No,Yes,No,0,16,16,16,14.50125,0
19,2.6,0.32,Married,1st phase,Nursing,Daytime,Secondary education,Portuguese,Secondary Education,Basic education or less,Administrative staff,Administrative staff,Female,No,No,Yes,No,No,No,0,14,14,12,14.35,0
21,-0.8,-3.12,Single,2nd phase,Design and Multimedia,Daytime,Secondary education,Angolan,Specialized course,Basic education or less,"Personal Services, Security and Safety Workers, and Sellers","Personal Services, Security and Safety Workers, and Sellers",Female,No,No,Yes,No,Yes,No,0,12,12,12,11.91666666666665,0
18,3.7,-1.7,Single,1st phase,Social Service,Daytime,Secondary education,Portuguese,Specialized course,Basic education or less,Unskilled Workers,Unskilled Workers,Female,Yes,Yes,Yes,No,Yes,No,0,12,14,12,12.979591836734699,0
18,3.7,-1.7,Single,1st phase,Journalism and Communication,Daytime,Secondary education,Portuguese,Specialized course,Basic education or less,Unskilled Workers,"Personal Services, Security and Safety Workers, and Sellers",Female,No,No,Yes,No,No,No,0,12,12,11,13.33333333333335,0
18,2.8,-4.06,Single,2nd phase,Nursing,Daytime,Secondary education,Angolan,Specialized course,Basic education or less,Unskilled Workers,"Skilled Workers in Industry, Construction, and Craftsmen",Female,Yes,No,Yes,No,Yes,No,0,15,16,15,13.7975,0
18,-0.8,-3.12,Single,1st phase,Nursing,Daytime,Secondary education,Portuguese,Secondary Education,Basic education or less,Unskilled Workers,Intermediate Level Technicians and Professions,Female,Yes,No,Yes,No,Yes,No,0,16,16,16,14.15375,0
18,-0.8,-3.12,Single,1st phase,Nursing,Daytime,Secondary education,Portuguese,Secondary Education,Secondary Education,Administrative staff,"Personal Services, Security and Safety Workers, and Sellers",Female,No,No,No,No,No,No,0,16,16,0,0.0,1
20,0.6,2.02,Single,1st phase,Journalism and Communication,Daytime,Secondary education,Portuguese,Specialized course,Basic education or less,Intermediate Level Technicians and Professions,"Personal Services, Security and Safety Workers, and Sellers",Female,Yes,No,Yes,No,No,No,0,12,13,12,13.37179487179484,0
19,1.4,1.74,Single,2nd phase,Nursing,Daytime,Secondary education,Angolan,Specialized course,Basic education or less,Unskilled Workers,"Personal Services, Security and Safety Workers, and Sellers",Female,Yes,No,Yes,No,No,No,0,16,16,14,12.4542857142857,0
18,2.8,-4.06,Single,1st phase,Nursing,Daytime,Secondary education,Portuguese,Secondary Education,Basic education or less,Administrative staff,"Skilled Workers in Industry, Construction, and Craftsmen",Female,Yes,No,Yes,No,No,No,0,15,0,0,0.0,1
18,0.5,1.79,Single,2nd phase,Nursing,Daytime,Secondary education,Angolan,Secondary Education,Basic education or less,"Skilled Workers in Industry, Construction, and Craftsmen",Installation and Machine Operators and Assembly Workers,Female,Yes,No,Yes,No,Yes,No,0,15,19,13,13.08182017543861,0
21,3.7,-1.7,Single,1st phase,Tourism,Daytime,Secondary education,Portuguese,Specialized course,Basic education or less,Intermediate Level Technicians and Professions,Intermediate Level Technicians and Professions,Female,No,No,Yes,No,No,No,0,12,28,2,6.285714285714286,1
19,0.6,2.02,Single,1st phase,Other,Daytime,Secondary education,Portuguese,Specialized course,Basic education or less,Unskilled Workers,Unskilled Workers,Female,Yes,No,Yes,No,Yes,No,0,14,14,14,13.857142857142849,0
20,2.8,-4.06,Single,2nd phase,Social Service,Daytime,Secondary education,Angolan,Specialized course,Basic education or less,Administrative staff,Unskilled Workers,Female,Yes,No,Yes,No,Yes,No,0,12,13,12,13.692307692307677,0
21,-0.8,-3.12,Single,1st phase,Nursing,Daytime,Secondary education,Portuguese,Secondary Education,Secondary Education,Unskilled Workers,Administrative staff,Female,No,No,Yes,No,Yes,No,0,16,16,16,13.2575,0
23,0.6,2.02,Single,Specialized diploma,Veterinary Nursing,Daytime,Specialized course,Romanian,Specialized course,Basic education or less,Unskilled Workers,"Farmers and Skilled Workers in Agriculture, Fisheries, and Forestry",Female,Yes,No,Yes,No,No,No,0,12,14,0,0.0,1
18,3.7,-1.7,Single,2nd phase,Social Service,Daytime,Secondary education,Angolan,Secondary Education,Basic education or less,"Personal Services, Security and Safety Workers, and Sellers",Installation and Machine Operators and Assembly Workers,Female,No,No,No,No,Yes,No,0,12,16,8,12.229166666666687,1
30,3.7,-1.7,Married,Over 23 years old,Management,Evening,Higher education,Santomean,Higher education,Secondary Education,Other,Armed Forces Professions,Female,No,No,Yes,No,No,No,0,10,10,10,15.0,1
20,-0.8,-3.12,Single,1st phase,Veterinary Nursing,Daytime,Secondary education,Portuguese,Some High School,Basic education or less,Administrative staff,Other,Female,Yes,No,Yes,No,No,No,0,10,18,0,0.0,1
29,1.4,1.74,Married,Change in institution/course,Management,Daytime,Secondary education,Brazilian,Specialized course,Basic education or less,Unskilled Workers,Unskilled Workers,Female,No,No,No,No,No,No,3,10,15,3,5.75555555555554,1
20,2.6,0.32,Single,1st phase,Social Service,Daytime,Secondary education,Portuguese,Specialized course,Secondary Education,Administrative staff,Intermediate Level Technicians and Professions,Female,Yes,No,Yes,No,No,No,0,12,17,12,11.47058823529411,0
27,-0.3,0.79,Single,Change in institution/course,Social Service,Evening,Secondary education,Brazilian,Specialized course,Basic education or less,Unskilled Workers,Unskilled Workers,Female,No,No,Yes,No,No,No,0,12,12,10,13.41666666666665,1
23,2.6,0.32,Married,Holders of other higher courses,Management,Daytime,Higher education,Italian,Specialized course,Basic education or less,Unskilled Workers,Unskilled Workers,Female,No,No,Yes,No,No,No,0,10,0,0,0.0,1
23,0.6,2.02,Single,Change in institution/course,Design and Multimedia,Daytime,Secondary education,Other,Specialized course,Basic education or less,Other,Other,Female,No,No,Yes,No,Yes,No,0,12,12,12,14.75,0
18,3.7,-1.7,Single,1st phase,Nursing,Daytime,Secondary education,Portuguese,Secondary Education,Secondary Education,Administrative staff,Administrative staff,Female,Yes,No,Yes,No,No,No,0,16,16,14,14.2,0
19,3.7,-1.7,Single,1st phase,Journalism and Communication,Daytime,Secondary education,Portuguese,Specialized course,Basic education or less,Unskilled Workers,"Skilled Workers in Industry, Construction, and Craftsmen",Female,Yes,No,Yes,No,Yes,No,0,12,12,12,14.75,0
19,-0.3,0.79,Single,2nd phase,Nursing,Daytime,Secondary education,Angolan,Specialized course,Basic education or less,Administrative staff,Unskilled Workers,Female,Yes,No,Yes,No,No,No,0,15,15,15,14.03999999999998,1
18,0.6,2.02,Single,1st phase,Journalism and Communication,Daytime,Secondary education,Portuguese,Secondary Education,Basic education or less,Other,Installation and Machine Operators and Assembly Workers,Female,Yes,No,Yes,No,Yes,No,0,12,12,12,13.91666666666665,1
19,-0.8,-3.12,Single,1st phase,Design and Multimedia,Daytime,Secondary education,Portuguese,Secondary Education,Secondary Education,Administrative staff,"Skilled Workers in Industry, Construction, and Craftsmen",Female,Yes,No,Yes,No,No,No,0,12,13,12,12.461538461538446,0
18,-0.3,0.79,Single,1st phase,Journalism and Communication,Daytime,Secondary education,Portuguese,Secondary Education,Basic education or less,Administrative staff,"Skilled Workers in Industry, Construction, and Craftsmen",Female,No,No,Yes,No,Yes,No,0,12,17,12,13.470588235294105,0
24,-0.3,0.79,Single,Over 23 years old,Oral Hygiene,Daytime,Basic education 3rd cycle (9th/10th/11th year) or equivalent,Santomean,Specialized course,Basic education or less,Intermediate Level Technicians and Professions,"Skilled Workers in Industry, Construction, and Craftsmen",Female,No,No,Yes,No,No,No,0,15,19,14,11.675219298245631,0
19,1.4,3.51,Single,2nd phase,Oral Hygiene,Daytime,Secondary education,Angolan,Specialized course,Basic education or less,Unskilled Workers,Installation and Machine Operators and Assembly Workers,Female,Yes,No,Yes,No,No,No,0,14,28,4,12.0,1
20,0.6,2.02,Single,2nd phase,Tourism,Daytime,Secondary education,Angolan,Specialized course,Basic education or less,Unskilled Workers,"Skilled Workers in Industry, Construction, and Craftsmen",Female,Yes,No,Yes,No,No,No,0,12,15,11,11.979999999999999,0
18,1.4,1.74,Single,1st phase,Journalism and Communication,Daytime,Secondary education,Portuguese,Secondary Education,Basic education or less,Unskilled Workers,Unskilled Workers,Female,No,No,Yes,No,No,No,0,12,12,12,13.25,0
18,-0.3,0.79,Single,1st phase,Design and Multimedia,Daytime,Secondary education,Portuguese,Secondary Education,Basic education or less,Intermediate Level Technicians and Professions,Intermediate Level Technicians and Professions,Female,Yes,No,No,No,No,No,1,12,19,10,11.493734335839573,1
19,0.5,1.79,Single,1st phase,Nursing,Daytime,Secondary education,Portuguese,Specialized course,Secondary Education,Unskilled Workers,"Personal Services, Security and Safety Workers, and Sellers",Female,Yes,No,Yes,No,Yes,No,0,15,18,14,12.433531746031734,0
19,-0.3,0.79,Single,1st phase,Veterinary Nursing,Daytime,Secondary education,Other,Higher education,Higher education,Specialists in Intellectual and Scientific Activities,Other,Female,Yes,No,Yes,No,No,No,0,12,13,12,15.230769230769239,1
19,1.4,1.74,Single,1st phase,Journalism and Communication,Daytime,Secondary education,Portuguese,Specialized course,Basic education or less,Unskilled Workers,"Farmers and Skilled Workers in Agriculture, Fisheries, and Forestry",Female,Yes,No,Yes,No,Yes,No,0,12,13,12,13.0,0
18,0.3,-0.92,Single,1st phase,Nursing,Daytime,Secondary education,Portuguese,Higher education,Higher education,Specialists in Intellectual and Scientific Activities,Other,Female,Yes,No,Yes,No,Yes,No,0,15,16,15,14.543750000000014,0
20,3.7,-1.7,Single,Change in institution/course,Nursing,Daytime,Secondary education,Other,Secondary Education,Secondary Education,Administrative staff,Administrative staff,Female,No,No,Yes,No,No,No,2,16,16,14,11.5714285714286,0
19,3.7,-1.7,Single,1st phase,Nursing,Daytime,Secondary education,Portuguese,Specialized course,Basic education or less,Unskilled Workers,Unskilled Workers,Female,Yes,No,Yes,No,Yes,No,0,16,16,14,12.6571428571429,0
22,-0.8,-3.12,Single,2nd phase,Management,Daytime,Secondary education,Angolan,Specialized course,Basic education or less,Unskilled Workers,Unskilled Workers,Female,No,No,No,No,No,No,0,10,20,3,10.0,1
19,3.7,-1.7,Single,1st phase,Social Service,Daytime,Secondary education,Portuguese,Specialized course,Secondary Education,Other,"Personal Services, Security and Safety Workers, and Sellers",Female,Yes,No,Yes,No,No,No,0,12,13,12,13.46153846153847,0
36,0.3,-0.92,Single,Holders of other higher courses,Social Service,Daytime,Higher education,Italian,Specialized course,Basic education or less,Unskilled Workers,Unskilled Workers,Female,Yes,No,Yes,No,No,No,14,25,37,24,13.040540540540556,0
19,2.8,-4.06,Single,Specialized diploma,Agronomy,Daytime,Specialized course,Romanian,Specialized course,Basic education or less,Unskilled Workers,"Skilled Workers in Industry, Construction, and Craftsmen",Female,No,No,Yes,No,Yes,No,0,12,16,12,14.583333333333318,0
18,0.3,-0.92,Single,2nd phase,Social Service,Daytime,Secondary education,Angolan,Higher education,Higher education,Other,Other,Female,No,No,Yes,No,No,No,0,12,17,11,11.840336134453777,0
40,2.6,0.32,Other,Change in institution/course,Management,Evening,Other,Brazilian,Specialized course,Basic education or less,Unskilled Workers,Unskilled Workers,Female,No,No,No,No,No,No,0,10,15,0,0.0,1
19,2.6,0.32,Single,1st phase,Nursing,Daytime,Secondary education,Portuguese,Specialized course,Basic education or less,Unskilled Workers,"Skilled Workers in Industry, Construction, and Craftsmen",Female,Yes,No,Yes,No,Yes,No,0,14,14,12,12.9,0
32,2.8,-4.06,Single,Holders of other higher courses,Veterinary Nursing,Daytime,Higher education,Italian,Specialized course,Basic education or less,"Skilled Workers in Industry, Construction, and Craftsmen","Skilled Workers in Industry, Construction, and Craftsmen",Female,No,No,Yes,No,No,No,7,19,33,7,11.565656565656578,1
19,1.4,3.51,Single,2nd phase,Design and Multimedia,Daytime,Secondary education,Angolan,Higher education,Secondary Education,Administrative staff,Administrative staff,Female,Yes,No,Yes,No,No,No,0,12,13,12,13.461538461538446,0
35,1.4,1.74,Married,Over 23 years old,Management,Daytime,Secondary education,Santomean,Specialized course,Basic education or less,Unskilled Workers,Unskilled Workers,Female,No,No,Yes,No,No,No,0,6,1,0,0.0,1
29,3.7,-1.7,Single,2nd phase,Other,Daytime,Secondary education,Angolan,Specialized course,Basic education or less,Intermediate Level Technicians and Professions,Administrative staff,Female,No,No,Yes,No,No,No,4,16,21,15,11.264455782312904,0
18,1.4,1.74,Single,1st phase,Nursing,Daytime,Secondary education,Portuguese,Specialized course,Basic education or less,"Skilled Workers in Industry, Construction, and Craftsmen",Unskilled Workers,Female,Yes,No,Yes,No,Yes,No,0,16,16,14,13.7985714285714,0
25,2.6,0.32,Married,Over 23 years old,Social Service,Evening,Basic education 3rd cycle (9th/10th/11th year) or equivalent,Santomean,Specialized course,Basic education or less,Other,Armed Forces Professions,Female,No,No,No,Yes,No,No,0,12,13,12,13.410256410256391,0
50,1.4,3.51,Other,Over 23 years old,Social Service,Evening,Basic education 3rd cycle (9th/10th/11th year) or equivalent,Santomean,Specialized course,Basic education or less,Unskilled Workers,Unskilled Workers,Female,No,No,No,Yes,No,No,0,11,17,0,0.0,1
24,2.6,0.32,Married,1st phase,Management,Daytime,Secondary education,Portuguese,Some High School,Unknown,Other,Other,Female,No,No,Yes,No,No,No,27,29,32,27,12.055116758241759,1
18,-0.8,-3.12,Single,1st phase,Informatics Engineering,Daytime,Secondary education,Portuguese,Specialized course,Basic education or less,"Personal Services, Security and Safety Workers, and Sellers",Intermediate Level Technicians and Professions,Female,No,No,Yes,No,No,No,0,10,19,0,0.0,1
20,2.8,-4.06,Single,2nd phase,Veterinary Nursing,Daytime,Secondary education,Angolan,Specialized course,Basic education or less,Other,Other,Female,Yes,No,Yes,No,No,No,0,12,26,11,15.060439560439551,0
20,2.8,-4.06,Single,1st phase,Agronomy,Daytime,Secondary education,Other,Secondary Education,Basic education or less,Administrative staff,Unskilled Workers,Female,Yes,No,Yes,Yes,Yes,No,24,31,32,31,14.843750000000004,0
21,-0.8,-3.12,Single,Change in institution/course,Management,Evening,Secondary education,Brazilian,Specialized course,Basic education or less,Unskilled Workers,Unskilled Workers,Female,No,No,Yes,No,No,No,11,20,37,11,11.913513513513514,1
19,0.5,1.79,Single,1st phase,Tourism,Daytime,Secondary education,Portuguese,Specialized course,Basic education or less,Unskilled Workers,"Skilled Workers in Industry, Construction, and Craftsmen",Male,No,No,Yes,No,Yes,No,0,12,12,12,13.08333333333335,0
18,-0.8,-3.12,Single,1st phase,Nursing,Daytime,Secondary education,Portuguese,Specialized course,Basic education or less,Unskilled Workers,"Skilled Workers in Industry, Construction, and Craftsmen",Male,No,No,Yes,No,Yes,No,0,16,16,16,12.93875,0
25,2.8,-4.06,Single,Specialized diploma,Agronomy,Daytime,Specialized course,Romanian,Specialized course,Basic education or less,Unskilled Workers,Armed Forces Professions,Male,No,No,Yes,No,No,No,0,12,14,0,0.0,1
37,0.6,2.02,Married,Over 23 years old,Nursing,Daytime,Secondary education,Santomean,Specialized course,Basic education or less,Unskilled Workers,Unskilled Workers,Male,No,No,No,No,No,No,0,14,19,10,12.943157894736842,1
38,0.6,2.02,Single,Over 23 years old,Nursing,Daytime,Secondary education,Santomean,Specialized course,Basic education or less,"Skilled Workers in Industry, Construction, and Craftsmen","Skilled Workers in Industry, Construction, and Craftsmen",Male,No,No,No,No,No,No,0,14,22,9,11.996250000000002,1
36,-0.3,0.79,Married,Over 23 years old,Advertising and Marketing Management,Daytime,Secondary education,Santomean,Specialized course,Basic education or less,Unskilled Workers,Unskilled Workers,Male,No,No,Yes,No,No,No,0,12,25,8,11.365333333333318,1
18,3.7,-1.7,Single,1st phase,Nursing,Daytime,Secondary education,Portuguese,Specialized course,Secondary Education,Unskilled Workers,Unskilled Workers,Male,Yes,No,Yes,No,No,No,0,16,16,14,13.0,0
19,-0.8,-3.12,Single,1st phase,Advertising and Marketing Management,Daytime,Secondary education,Portuguese,Secondary Education,Secondary Education,Other,Other,Male,No,No,No,No,No,No,0,11,5,0,0.0,1
24,-0.8,-3.12,Single,Over 23 years old,Equiniculture,Daytime,Secondary education,Santomean,Secondary Education,Secondary Education,Administrative staff,Armed Forces Professions,Male,No,No,Yes,Yes,No,No,0,10,21,5,12.436507936507924,1
20,0.6,2.02,Single,1st phase,Social Service,Daytime,Secondary education,Portuguese,Secondary Education,Secondary Education,Intermediate Level Technicians and Professions,Intermediate Level Technicians and Professions,Male,No,No,Yes,No,No,No,0,12,18,10,11.58333333333335,0
32,2.6,0.32,Married,Change in institution/course,Management,Evening,Secondary education,Brazilian,Specialized course,Basic education or less,Unskilled Workers,Unskilled Workers,Male,Yes,No,Yes,No,No,No,0,10,10,0,0.0,1
39,3.7,-1.7,Married,Over 23 years old,Management,Evening,Basic education 3rd cycle (9th/10th/11th year) or equivalent,Santomean,Specialized course,Basic education or less,"Skilled Workers in Industry, Construction, and Craftsmen",Installation and Machine Operators and Assembly Workers,Male,No,No,Yes,No,No,No,0,10,14,1,3.5714285714285716,1
33,3.7,-1.7,Single,Holders of other higher courses,Informatics Engineering,Daytime,Higher education,Italian,Specialized course,Basic education or less,Unskilled Workers,Unskilled Workers,Male,No,No,No,No,No,No,0,10,11,0,0.0,1
20,-0.8,-3.12,Single,2nd phase,Advertising and Marketing Management,Daytime,Secondary education,Angolan,Specialized course,Basic education or less,"Personal Services, Security and Safety Workers, and Sellers",Installation and Machine Operators and Assembly Workers,Male,No,No,Yes,No,Yes,No,0,10,10,9,11.575,0
19,0.3,-0.92,Single,1st phase,Agronomy,Daytime,Secondary education,Portuguese,Specialized course,Basic education or less,Unskilled Workers,"Skilled Workers in Industry, Construction, and Craftsmen",Male,No,No,Yes,No,No,No,0,12,18,12,14.722222222222221,0
43,-0.3,0.79,Married,Over 23 years old,Management,Evening,Secondary education,Santomean,Specialized course,Basic education or less,"Personal Services, Security and Safety Workers, and Sellers",Installation and Machine Operators and Assembly Workers,Male,No,No,No,No,No,No,0,10,25,5,11.164000000000001,1
49,0.3,-0.92,Married,Change in institution/course,Management,Evening,Secondary education,Brazilian,Specialized course,Basic education or less,"Skilled Workers in Industry, Construction, and Craftsmen",Installation and Machine Operators and Assembly Workers,Male,No,No,Yes,No,No,No,0,10,16,8,12.358333333333318,1
18,3.7,-1.7,Single,1st phase,Journalism and Communication,Daytime,Secondary education,Portuguese,Specialized course,Basic education or less,"Personal Services, Security and Safety Workers, and Sellers","Skilled Workers in Industry, Construction, and Craftsmen",Male,Yes,No,Yes,No,Yes,No,0,12,14,12,13.023809523809543,0
19,1.4,3.51,Single,1st phase,Management,Daytime,Secondary education,Portuguese,Secondary Education,Basic education or less,Unskilled Workers,Unskilled Workers,Male,Yes,No,Yes,No,Yes,No,0,10,17,10,13.129411764705882,1
45,0.3,-0.92,Single,Over 23 years old,Design and Multimedia,Daytime,Secondary education,Santomean,Specialized course,Basic education or less,Unskilled Workers,Armed Forces Professions,Male,No,No,Yes,Yes,Yes,No,0,12,12,6,6.75,1
19,-0.3,0.79,Single,Other,Advertising and Marketing Management,Daytime,Secondary education,Other,Specialized course,Some High School,Unskilled Workers,Unskilled Workers,Male,Yes,No,No,No,No,No,0,12,14,12,13.0,0
21,-0.3,0.79,Single,Specialized diploma,Agronomy,Daytime,Specialized course,Romanian,Secondary Education,Higher education,Unskilled Workers,"Farmers and Skilled Workers in Agriculture, Fisheries, and Forestry",Male,No,No,Yes,No,Yes,No,0,12,23,10,11.726708074534152,0
18,-0.3,0.79,Single,1st phase,Advertising and Marketing Management,Daytime,Secondary education,Portuguese,Secondary Education,Secondary Education,"Personal Services, Security and Safety Workers, and Sellers",Unskilled Workers,Male,No,No,Yes,No,Yes,No,0,12,15,11,12.555555555555573,0
18,-0.8,-3.12,Single,2nd phase,Management,Daytime,Secondary education,Angolan,Specialized course,Basic education or less,"Personal Services, Security and Safety Workers, and Sellers","Skilled Workers in Industry, Construction, and Craftsmen",Male,No,No,Yes,No,No,No,0,10,23,0,0.0,1
29,-0.8,-3.12,Single,2nd phase,Tourism,Daytime,Secondary education,Angolan,Specialized course,Basic education or less,"Personal Services, Security and Safety Workers, and Sellers",Other,Male,No,No,No,No,No,No,0,12,18,0,0.0,1
19,-0.8,-3.12,Single,1st phase,Advertising and Marketing Management,Daytime,Secondary education,Portuguese,Secondary Education,Secondary Education,Administrative staff,Unskilled Workers,Male,No,No,Yes,No,No,No,0,10,11,10,11.545454545454545,0
22,0.5,1.79,Single,Specialized diploma,Design and Multimedia,Daytime,Specialized course,Romanian,Secondary Education,Secondary Education,Unskilled Workers,Unskilled Workers,Male,No,No,Yes,No,Yes,No,7,16,17,15,12.338235294117654,0
18,0.6,2.02,Single,2nd phase,Nursing,Daytime,Secondary education,Angolan,Secondary Education,Secondary Education,Administrative staff,Intermediate Level Technicians and Professions,Male,Yes,No,Yes,No,Yes,No,0,15,18,15,12.771728395061745,1
29,0.6,2.02,Other,Over 23 years old,Advertising and Marketing Management,Daytime,Basic education 3rd cycle (9th/10th/11th year) or equivalent,Santomean,Specialized course,Basic education or less,Unskilled Workers,"Skilled Workers in Industry, Construction, and Craftsmen",Male,No,No,Yes,Yes,Yes,No,0,12,23,1,9.73913043478261,1
29,2.6,0.32,Single,Over 23 years old,Advertising and Marketing Management,Daytime,Secondary education,Santomean,Basic education or less,Basic education or less,Other,Administrative staff,Male,Yes,No,Yes,No,No,No,0,10,18,7,11.4814814814815,1
18,2.6,0.32,Single,1st phase,Informatics Engineering,Daytime,Secondary education,Portuguese,Specialized course,Basic education or less,Unskilled Workers,Unskilled Workers,Male,Yes,No,Yes,No,No,No,0,10,21,1,6.285714285714286,1
22,2.6,0.32,Married,Change in institution/course,Tourism,Daytime,Secondary education,Other,Higher education,Higher education,Other,Other,Male,Yes,No,Yes,No,No,No,4,12,25,6,11.98,1
34,1.4,1.74,Single,Change in institution/course,Management,Evening,Secondary education,Brazilian,Specialized course,Basic education or less,Unskilled Workers,Unskilled Workers,Male,Yes,No,Yes,Yes,No,No,10,20,20,13,11.60714285714285,1
26,-0.3,0.79,Single,Change in institution/course,Management,Evening,Higher education,Brazilian,Higher education,Higher education,Specialists in Intellectual and Scientific Activities,Other,Male,No,No,Yes,No,No,No,0,10,14,10,13.15714285714285,0
24,0.6,2.02,Single,2nd phase,Design and Multimedia,Daytime,Secondary education,Angolan,Specialized course,Basic education or less,"Skilled Workers in Industry, Construction, and Craftsmen",Unskilled Workers,Male,Yes,No,Yes,No,No,No,24,34,44,25,11.419642857142838,1
17,0.6,2.02,Single,1st phase,Advertising and Marketing Management,Daytime,Secondary education,Portuguese,Secondary Education,Secondary Education,Unskilled Workers,Installation and Machine Operators and Assembly Workers,Male,Yes,No,Yes,No,Yes,No,0,12,16,12,14.151785714285701,0
19,0.5,1.79,Single,Specialized diploma,Agronomy,Daytime,Specialized course,Romanian,Specialized course,Basic education or less,Other,"Skilled Workers in Industry, Construction, and Craftsmen",Male,Yes,No,Yes,No,No,No,0,12,17,12,13.13025210084033,0
49,1.4,3.51,Married,Over 23 years old,Agronomy,Daytime,Secondary education,Santomean,Secondary Education,Higher education,Administrative staff,Other,Male,No,No,No,Yes,No,No,6,19,23,10,11.478260869565217,1
23,-0.3,0.79,Single,Change in institution/course,Nursing,Daytime,Secondary education,Brazilian,Higher education,Higher education,Administrative staff,"Personal Services, Security and Safety Workers, and Sellers",Male,No,No,Yes,No,No,No,0,14,28,11,12.069999999999999,1
18,0.5,1.79,Single,3rd phase,Informatics Engineering,Daytime,Secondary education,Cape Verdean,Secondary Education,Basic education or less,Unskilled Workers,Installation and Machine Operators and Assembly Workers,Male,Yes,No,Yes,No,No,No,0,10,19,7,12.831578947368422,1
19,1.4,3.51,Single,1st phase,Advertising and Marketing Management,Daytime,Secondary education,Portuguese,Higher education,Secondary Education,Specialists in Intellectual and Scientific Activities,Intermediate Level Technicians and Professions,Male,Yes,No,Yes,No,No,No,0,12,15,11,13.61333333333332,0
18,1.4,3.51,Single,1st phase,Management,Daytime,Secondary education,Portuguese,Secondary Education,Basic education or less,Administrative staff,"Skilled Workers in Industry, Construction, and Craftsmen",Male,Yes,No,Yes,No,No,No,0,10,10,10,14.2,0
45,-0.8,-3.12,Married,Over 23 years old,Tourism,Daytime,Basic education 3rd cycle (9th/10th/11th year) or equivalent,Santomean,Some High School,Unknown,Other,Other,Male,No,No,No,Yes,No,No,0,12,24,0,0.0,1
30,2.6,0.32,Single,Over 23 years old,Management,Evening,Secondary education,Santomean,Some High School,Unknown,Other,Other,Male,Yes,No,Yes,No,No,No,0,10,10,2,5.5,1
28,1.4,3.51,Single,Change in institution/course,Management,Evening,Specialized course,Other,Secondary Education,Higher education,Administrative staff,Armed Forces Professions,Male,No,No,Yes,No,No,No,22,28,30,22,11.711111111111098,1
40,3.7,-1.7,Single,Over 23 years old,Management,Evening,Secondary education,Santomean,Specialized course,Basic education or less,Unskilled Workers,Unskilled Workers,Male,No,No,Yes,No,No,No,0,10,0,0,0.0,1
32,1.4,1.74,Single,Over 23 years old,Management,Daytime,Basic education 3rd cycle (9th/10th/11th year) or equivalent,Santomean,Specialized course,Basic education or less,Administrative staff,Armed Forces Professions,Male,No,No,No,No,No,No,0,10,14,0,0.0,1
19,2.6,0.32,Single,2nd phase,Tourism,Daytime,Secondary education,Angolan,Specialized course,Basic education or less,"Personal Services, Security and Safety Workers, and Sellers","Personal Services, Security and Safety Workers, and Sellers",Male,Yes,No,Yes,No,No,No,0,12,24,8,11.375,1
20,0.3,-0.92,Single,1st phase,Design and Multimedia,Daytime,Secondary education,Portuguese,Secondary Education,Basic education or less,Intermediate Level Technicians and Professions,Unskilled Workers,Male,Yes,No,Yes,No,No,No,0,12,14,12,12.9166666666667,0
18,-0.8,-3.12,Single,2nd phase,Informatics Engineering,Daytime,Secondary education,Angolan,Secondary Education,Higher education,Administrative staff,Other,Male,No,No,Yes,No,No,No,0,10,17,1,5.882352941176471,1
20,1.4,1.74,Single,2nd phase,Advertising and Marketing Management,Daytime,Secondary education,Angolan,Specialized course,Basic education or less,Unskilled Workers,Unskilled Workers,Male,No,No,No,No,No,No,0,12,15,8,12.4,1
18,2.6,0.32,Single,2nd phase,Nursing,Daytime,Secondary education,Angolan,Specialized course,Basic education or less,Administrative staff,Unskilled Workers,Male,Yes,No,Yes,No,Yes,No,0,14,14,12,13.2666666666667,0
18,-0.3,0.79,Single,2nd phase,Nursing,Daytime,Secondary education,Angolan,Specialized course,Basic education or less,Unskilled Workers,"Farmers and Skilled Workers in Agriculture, Fisheries, and Forestry",Male,Yes,No,Yes,No,Yes,No,0,15,16,15,13.35,0
28,2.6,0.32,Married,Change in institution/course,Equiniculture,Daytime,Other,Brazilian,Some High School,Unknown,Other,Other,Male,No,No,Yes,No,No,No,0,10,14,0,0.0,1
31,3.7,-1.7,Single,Over 23 years old,Advertising and Marketing Management,Daytime,Secondary education,Santomean,Specialized course,Basic education or less,Unskilled Workers,Unskilled Workers,Male,Yes,No,No,No,No,No,0,12,20,0,0.0,1
23,2.6,0.32,Single,1st phase,Nursing,Daytime,Secondary education,Portuguese,Higher education,Basic education or less,Intermediate Level Technicians and Professions,Unskilled Workers,Male,No,No,Yes,No,No,No,0,14,14,12,13.4833333333333,0
33,0.3,-0.92,Single,Over 23 years old,Social Service,Daytime,Basic education 3rd cycle (9th/10th/11th year) or equivalent,Santomean,Specialized course,Basic education or less,Unskilled Workers,Unskilled Workers,Male,No,No,No,Yes,No,No,0,11,14,0,0.0,1
22,3.7,-1.7,Single,Change in institution/course,Management,Daytime,Secondary education,Brazilian,Specialized course,Basic education or less,"Personal Services, Security and Safety Workers, and Sellers",Intermediate Level Technicians and Professions,Male,No,No,Yes,No,No,No,0,10,18,6,12.33333333333335,1
20,0.5,1.79,Single,Specialized diploma,Informatics Engineering,Daytime,Specialized course,Romanian,Specialized course,Basic education or less,Unskilled Workers,Unskilled Workers,Male,Yes,No,Yes,Yes,No,No,0,10,13,10,17.153846153846146,1
20,0.3,-0.92,Single,Specialized diploma,Veterinary Nursing,Daytime,Specialized course,Romanian,Specialized course,Basic education or less,Administrative staff,Other,Male,Yes,No,Yes,No,No,No,2,12,18,12,13.54444444444443,0
25,-0.3,0.79,Single,Over 23 years old,Agronomy,Daytime,Secondary education,Santomean,Secondary Education,Secondary Education,Unskilled Workers,Administrative staff,Male,No,No,No,No,No,No,0,12,0,0,0.0,1
20,2.6,0.32,Single,1st phase,Advertising and Marketing Management,Daytime,Secondary education,Portuguese,Higher education,Secondary Education,Specialists in Intellectual and Scientific Activities,Administrative staff,Male,Yes,No,Yes,No,No,No,0,10,11,9,13.636363636363637,0
19,2.6,0.32,Single,2nd phase,Journalism and Communication,Daytime,Secondary education,Angolan,Secondary Education,Basic education or less,"Personal Services, Security and Safety Workers, and Sellers","Personal Services, Security and Safety Workers, and Sellers",Male,Yes,No,Yes,No,No,No,0,12,15,12,13.722222222222205,0
31,2.6,0.32,Single,Over 23 years old,Equiniculture,Daytime,Basic education 3rd cycle (9th/10th/11th year) or equivalent,Santomean,Some High School,Unknown,Other,Other,Male,No,No,Yes,No,No,No,0,10,10,0,0.0,1
24,1.4,3.51,Single,Specialized diploma,Informatics Engineering,Daytime,Specialized course,Romanian,Higher education,Basic education or less,Specialists in Intellectual and Scientific Activities,Intermediate Level Technicians and Professions,Male,No,No,No,Yes,No,No,4,13,13,4,16.0,1
23,2.8,-4.06,Single,Specialized diploma,Informatics Engineering,Daytime,Specialized course,Romanian,Specialized course,Higher education,Intermediate Level Technicians and Professions,Administrative staff,Male,No,No,No,Yes,No,No,0,10,10,0,0.0,1
26,-0.8,-3.12,Married,Over 23 years old,Management,Evening,Secondary education,Santomean,Secondary Education,Higher education,Other,Other,Male,No,No,No,No,Yes,No,0,10,23,6,10.6666666666667,1
38,0.3,-0.92,Married,Change in institution/course,Design and Multimedia,Daytime,Higher education,Brazilian,Specialized course,Basic education or less,Other,"Farmers and Skilled Workers in Agriculture, Fisheries, and Forestry",Male,Yes,No,Yes,No,No,No,27,36,36,36,14.5,0
20,1.4,3.51,Single,1st phase,Informatics Engineering,Daytime,Secondary education,Portuguese,Specialized course,Basic education or less,"Skilled Workers in Industry, Construction, and Craftsmen",Intermediate Level Technicians and Professions,Male,Yes,No,Yes,No,Yes,No,0,10,13,10,13.892307692307694,0
20,0.5,1.79,Single,2nd phase,Informatics Engineering,Daytime,Secondary education,Angolan,Secondary Education,Basic education or less,Unskilled Workers,Unskilled Workers,Male,Yes,No,Yes,No,No,No,0,10,21,8,13.458049886621314,0
25,1.4,1.74,Single,Over 23 years old,Veterinary Nursing,Daytime,Basic education 3rd cycle (9th/10th/11th year) or equivalent,Santomean,Higher education,Secondary Education,Specialists in Intellectual and Scientific Activities,"Personal Services, Security and Safety Workers, and Sellers",Male,No,No,Yes,No,No,No,0,12,0,0,0.0,1
19,1.4,3.51,Single,2nd phase,Design and Multimedia,Daytime,Secondary education,Angolan,Secondary Education,Basic education or less,Other,Other,Male,Yes,No,Yes,No,No,No,0,12,19,9,11.578947368421053,0
18,1.4,3.51,Single,2nd phase,Informatics Engineering,Daytime,Secondary education,Angolan,Secondary Education,Basic education or less,Administrative staff,"Personal Services, Security and Safety Workers, and Sellers",Male,No,No,Yes,No,No,No,0,10,14,10,16.085714285714285,0
28,1.4,1.74,Single,Change in institution/course,Management,Evening,Other,Brazilian,Some High School,Some High School,Unskilled Workers,Unskilled Workers,Male,No,No,Yes,No,No,No,12,24,26,12,10.44285714285715,1
20,1.4,3.51,Single,1st phase,Tourism,Daytime,Secondary education,Portuguese,Secondary Education,Basic education or less,Unskilled Workers,Unskilled Workers,Male,Yes,No,Yes,No,Yes,No,0,12,15,12,13.355555555555586,0
18,0.6,2.02,Single,1st phase,Equiniculture,Daytime,Secondary education,Portuguese,Higher education,Higher education,Intermediate Level Technicians and Professions,Intermediate Level Technicians and Professions,Male,No,No,Yes,No,No,No,0,12,16,12,14.607142857142886,0
19,0.5,1.79,Single,2nd phase,Management,Daytime,Secondary education,Angolan,Secondary Education,Secondary Education,Intermediate Level Technicians and Professions,Intermediate Level Technicians and Professions,Male,Yes,No,Yes,No,No,No,0,10,13,9,10.338461538461537,0
24,3.7,-1.7,Single,Change in institution/course,Nursing,Daytime,Secondary education,Other,Specialized course,Basic education or less,Unskilled Workers,Unskilled Workers,Male,No,No,Yes,Yes,No,No,0,16,32,4,10.25,1
21,1.4,1.74,Single,2nd phase,Veterinary Nursing,Daytime,Secondary education,Angolan,Secondary Education,Higher education,"Personal Services, Security and Safety Workers, and Sellers","Personal Services, Security and Safety Workers, and Sellers",Male,Yes,No,Yes,No,No,No,0,12,0,0,0.0,1
20,3.7,-1.7,Single,1st phase,Advertising and Marketing Management,Daytime,Secondary education,Portuguese,Higher education,Basic education or less,Administrative staff,"Skilled Workers in Industry, Construction, and Craftsmen",Male,No,No,Yes,No,Yes,No,0,12,13,12,14.833333333333302,0
21,-0.3,0.79,Single,Specialized diploma,Agronomy,Daytime,Specialized course,Romanian,Specialized course,Secondary Education,Unskilled Workers,Installation and Machine Operators and Assembly Workers,Male,Yes,No,Yes,No,No,No,0,12,18,10,13.283333333333333,0
24,1.4,1.74,Married,1st phase,Oral Hygiene,Daytime,Secondary education,Portuguese,Specialized course,Basic education or less,Other,Other,Male,No,No,Yes,Yes,No,No,0,15,17,14,13.086554621848776,0
27,1.4,1.74,Single,Over 23 years old,Management,Evening,Secondary education,Santomean,Specialized course,Basic education or less,Unskilled Workers,Unskilled Workers,Male,No,No,Yes,No,No,No,0,10,0,0,0.0,1
39,1.4,3.51,Single,Over 23 years old,Social Service,Evening,Secondary education,Santomean,Higher education,Basic education or less,Administrative staff,"Skilled Workers in Industry, Construction, and Craftsmen",Male,No,No,Yes,No,No,No,5,16,18,16,13.186948853615489,0
25,0.5,1.79,Single,Over 23 years old,Other,Daytime,Secondary education,Santomean,Specialized course,Basic education or less,Unskilled Workers,Unskilled Workers,Male,No,No,Yes,No,No,No,0,14,25,4,13.32,1
19,1.4,1.74,Single,Change in institution/course,Design and Multimedia,Daytime,Secondary education,Brazilian,Secondary Education,Higher education,Unskilled Workers,Other,Male,No,No,Yes,No,No,No,12,24,24,24,13.08333333333335,0
21,-0.3,0.79,Single,3rd phase,Journalism and Communication,Daytime,Secondary education,Cape Verdean,Specialized course,Basic education or less,Unskilled Workers,Installation and Machine Operators and Assembly Workers,Male,No,No,Yes,No,Yes,No,0,12,14,9,13.904761904761886,0
27,1.4,3.51,Single,Holders of other higher courses,Management,Evening,Higher education,Italian,Secondary Education,Higher education,Administrative staff,Other,Male,No,No,Yes,No,No,No,0,10,0,0,0.0,1
27,-0.8,-3.12,Single,Holders of other higher courses,Advertising and Marketing Management,Daytime,Higher education,Italian,Specialized course,Basic education or less,Intermediate Level Technicians and Professions,Intermediate Level Technicians and Professions,Male,Yes,No,Yes,No,No,No,13,23,23,15,12.731884057971014,1
18,3.7,-1.7,Single,1st phase,Journalism and Communication,Daytime,Secondary education,Portuguese,Specialized course,Basic education or less,Other,Intermediate Level Technicians and Professions,Male,Yes,No,Yes,Yes,No,No,0,12,13,11,12.353846153846156,1
19,-0.3,0.79,Single,Specialized diploma,Agronomy,Daytime,Specialized course,Romanian,Specialized course,Basic education or less,Unskilled Workers,Armed Forces Professions,Male,No,No,Yes,No,No,No,0,12,24,4,12.78125,1
18,1.4,1.74,Single,1st phase,Social Service,Daytime,Secondary education,Other,Specialized course,Basic education or less,Administrative staff,"Personal Services, Security and Safety Workers, and Sellers",Female,Yes,No,Yes,No,No,No,0,12,12,12,12.83333333333335,0
18,1.4,1.74,Single,1st phase,Journalism and Communication,Daytime,Secondary education,Other,Specialized course,Basic education or less,Unskilled Workers,Intermediate Level Technicians and Professions,Female,Yes,No,Yes,No,Yes,No,0,12,15,11,12.737777777777792,0
23,-0.8,-3.12,Single,Change in institution/course,Management,Daytime,Secondary education,Brazilian,Higher education,Basic education or less,Specialists in Intellectual and Scientific Activities,Other,Female,No,No,Yes,No,No,No,9,17,25,17,14.925454545454551,1
18,0.3,-0.92,Single,2nd phase,Journalism and Communication,Daytime,Secondary education,Angolan,Higher education,Secondary Education,Intermediate Level Technicians and Professions,Intermediate Level Technicians and Professions,Male,Yes,No,Yes,No,No,No,0,12,14,12,12.9166666666667,0
18,0.5,1.79,Single,1st phase,Journalism and Communication,Daytime,Secondary education,Portuguese,Specialized course,Basic education or less,Unskilled Workers,"Skilled Workers in Industry, Construction, and Craftsmen",Male,Yes,No,Yes,No,No,No,0,12,14,12,12.8333333333333,0
20,3.7,-1.7,Single,2nd phase,Journalism and Communication,Daytime,Secondary education,Angolan,Specialized course,Secondary Education,Unskilled Workers,Unskilled Workers,Male,Yes,No,Yes,No,No,No,0,12,12,12,12.0,0
20,2.8,-4.06,Single,1st phase,Journalism and Communication,Daytime,Secondary education,Portuguese,Higher education,Secondary Education,Specialists in Intellectual and Scientific Activities,Administrative staff,Male,Yes,No,Yes,No,No,No,0,12,17,8,12.76764705882353,0
21,0.5,1.79,Single,Specialized diploma,Design and Multimedia,Daytime,Specialized course,Romanian,Secondary Education,Secondary Education,Administrative staff,Administrative staff,Male,No,No,Yes,No,No,No,7,16,16,10,11.350000000000001,1
20,0.6,2.02,Single,2nd phase,Informatics Engineering,Daytime,Secondary education,Angolan,Specialized course,Secondary Education,"Personal Services, Security and Safety Workers, and Sellers",Administrative staff,Male,Yes,No,Yes,No,No,No,0,10,14,10,15.1857142857143,1
20,1.4,3.51,Single,2nd phase,Advertising and Marketing Management,Daytime,Secondary education,Angolan,Secondary Education,Secondary Education,Administrative staff,Administrative staff,Male,Yes,No,Yes,No,No,No,0,12,16,12,14.312500000000036,0
19,0.5,1.79,Single,Specialized diploma,Veterinary Nursing,Daytime,Specialized course,Romanian,Specialized course,Basic education or less,"Personal Services, Security and Safety Workers, and Sellers","Skilled Workers in Industry, Construction, and Craftsmen",Male,Yes,No,Yes,No,No,No,3,12,26,6,12.192307692307692,1
19,0.6,2.02,Single,1st phase,Informatics Engineering,Daytime,Secondary education,Portuguese,Secondary Education,Some High School,Intermediate Level Technicians and Professions,Intermediate Level Technicians and Professions,Male,Yes,No,Yes,No,No,No,0,11,17,5,11.117647058823529,1
18,1.4,1.74,Single,2nd phase,Advertising and Marketing Management,Daytime,Secondary education,Angolan,Specialized course,Secondary Education,"Personal Services, Security and Safety Workers, and Sellers",Administrative staff,Male,No,No,Yes,Yes,No,No,0,12,17,7,11.680672268907546,1
18,1.4,3.51,Single,1st phase,Social Service,Daytime,Secondary education,Portuguese,Specialized course,Basic education or less,Unskilled Workers,"Skilled Workers in Industry, Construction, and Craftsmen",Female,Yes,No,Yes,Yes,No,No,0,12,14,10,12.700000000000001,1
18,1.4,3.51,Single,2nd phase,Journalism and Communication,Daytime,Secondary education,Angolan,Secondary Education,Secondary Education,"Skilled Workers in Industry, Construction, and Craftsmen","Skilled Workers in Industry, Construction, and Craftsmen",Female,Yes,No,Yes,No,No,No,0,12,12,12,13.16666666666665,0
21,0.5,1.79,Single,2nd phase,Social Service,Daytime,Secondary education,Angolan,Specialized course,Basic education or less,Unskilled Workers,Unskilled Workers,Female,Yes,No,Yes,No,Yes,No,0,12,14,12,13.416666666666648,0
18,0.6,2.02,Single,Other,Veterinary Nursing,Daytime,Secondary education,Other,Specialized course,Basic education or less,Unskilled Workers,Unskilled Workers,Female,No,No,Yes,No,No,Yes,0,12,28,9,11.580357142857142,1
18,0.6,2.02,Single,1st phase,Nursing,Daytime,Secondary education,Portuguese,Secondary Education,Basic education or less,Intermediate Level Technicians and Professions,Intermediate Level Technicians and Professions,Female,Yes,No,Yes,No,Yes,No,0,15,15,15,15.63066666666668,0
18,1.4,1.74,Single,1st phase,Social Service,Daytime,Secondary education,Portuguese,Specialized course,Basic education or less,Unskilled Workers,Unskilled Workers,Female,Yes,No,Yes,No,Yes,No,0,12,12,12,14.58333333333335,0
23,-0.3,0.79,Single,3rd phase,Social Service,Evening,Secondary education,Cape Verdean,Higher education,Basic education or less,Specialists in Intellectual and Scientific Activities,Administrative staff,Female,Yes,No,Yes,No,No,No,0,12,14,4,6.285714285714286,1
21,1.4,3.51,Single,1st phase,Management,Daytime,Secondary education,Portuguese,Higher education,Basic education or less,Specialists in Intellectual and Scientific Activities,Administrative staff,Female,Yes,No,Yes,No,No,No,0,10,18,7,11.70833333333335,0
26,2.6,0.32,Single,2nd phase,Social Service,Evening,Secondary education,Angolan,Some High School,Unknown,Other,Other,Female,Yes,No,Yes,No,No,No,6,13,29,9,11.29556650246307,1
19,1.4,3.51,Single,1st phase,Advertising and Marketing Management,Daytime,Secondary education,Portuguese,Specialized course,Basic education or less,Unskilled Workers,Installation and Machine Operators and Assembly Workers,Female,No,No,No,No,Yes,No,0,12,13,12,14.076923076923068,0
20,-0.3,0.79,Single,1st phase,Nursing,Daytime,Secondary education,Portuguese,Specialized course,Secondary Education,Unskilled Workers,Intermediate Level Technicians and Professions,Female,Yes,No,Yes,No,Yes,No,0,15,19,13,12.661654135338368,0
19,0.3,-0.92,Single,1st phase,Journalism and Communication,Daytime,Secondary education,Portuguese,Specialized course,Basic education or less,"Skilled Workers in Industry, Construction, and Craftsmen","Skilled Workers in Industry, Construction, and Craftsmen",Female,Yes,No,No,Yes,No,No,0,12,17,8,11.08823529411764,1
33,1.4,1.74,Single,Over 23 years old,Tourism,Daytime,Secondary education,Santomean,Specialized course,Basic education or less,Administrative staff,"Farmers and Skilled Workers in Agriculture, Fisheries, and Forestry",Female,No,No,Yes,No,No,No,10,19,28,16,12.708333333333352,0
18,2.6,0.32,Single,1st phase,Veterinary Nursing,Daytime,Secondary education,Portuguese,Higher education,Basic education or less,Administrative staff,"Farmers and Skilled Workers in Agriculture, Fisheries, and Forestry",Female,No,No,Yes,No,No,No,0,10,13,8,12.75,0
21,2.6,0.32,Single,Change in institution/course,Nursing,Daytime,Other,Other,Specialized course,Secondary Education,Unskilled Workers,Administrative staff,Female,No,No,Yes,No,No,No,24,42,66,36,14.9333333333333,0
19,1.4,3.51,Single,1st phase,Journalism and Communication,Daytime,Secondary education,Portuguese,Higher education,Basic education or less,Specialists in Intellectual and Scientific Activities,Intermediate Level Technicians and Professions,Female,Yes,No,Yes,No,No,No,0,12,13,12,12.2820512820513,0
18,2.8,-4.06,Married,1st phase,Nursing,Daytime,Secondary education,Portuguese,Specialized course,Basic education or less,"Personal Services, Security and Safety Workers, and Sellers","Personal Services, Security and Safety Workers, and Sellers",Female,Yes,No,Yes,No,No,No,0,15,18,15,14.212777777777779,0
18,0.6,2.02,Single,1st phase,Advertising and Marketing Management,Daytime,Secondary education,Portuguese,Secondary Education,Basic education or less,Administrative staff,Administrative staff,Female,No,No,Yes,No,Yes,No,0,12,15,12,13.666666666666675,0
20,0.6,2.02,Single,1st phase,Journalism and Communication,Daytime,Secondary education,Portuguese,Specialized course,Basic education or less,Administrative staff,Administrative staff,Female,Yes,No,Yes,No,Yes,No,0,12,13,12,13.05128205128207,0
20,0.6,2.02,Single,1st phase,Tourism,Daytime,Secondary education,Portuguese,Specialized course,Basic education or less,Other,"Farmers and Skilled Workers in Agriculture, Fisheries, and Forestry",Female,Yes,No,No,No,No,No,0,12,0,0,0.0,1
20,1.4,1.74,Single,2nd phase,Social Service,Evening,Secondary education,Angolan,Specialized course,Secondary Education,Other,Other,Female,No,No,Yes,No,Yes,No,0,12,18,11,13.222222222222234,0
19,1.4,1.74,Single,2nd phase,Veterinary Nursing,Daytime,Secondary education,Angolan,Secondary Education,Basic education or less,Administrative staff,Unskilled Workers,Female,Yes,No,Yes,No,Yes,No,0,10,14,9,12.761904761904743,0
19,-0.3,0.79,Single,1st phase,Social Service,Daytime,Secondary education,Portuguese,Specialized course,Basic education or less,Other,Installation and Machine Operators and Assembly Workers,Female,Yes,No,Yes,No,Yes,No,0,12,13,12,11.769230769230747,0
21,0.6,2.02,Single,2nd phase,Social Service,Daytime,Secondary education,Angolan,Basic education or less,Secondary Education,Specialists in Intellectual and Scientific Activities,Intermediate Level Technicians and Professions,Female,Yes,No,Yes,No,No,No,0,12,15,12,12.55555555555556,0
21,0.3,-0.92,Single,2nd phase,Social Service,Daytime,Secondary education,Angolan,Specialized course,Basic education or less,Other,"Farmers and Skilled Workers in Agriculture, Fisheries, and Forestry",Female,No,No,Yes,No,No,No,0,12,0,0,0.0,1
18,3.7,-1.7,Single,1st phase,Nursing,Daytime,Secondary education,Portuguese,Specialized course,Basic education or less,"Personal Services, Security and Safety Workers, and Sellers","Personal Services, Security and Safety Workers, and Sellers",Female,Yes,No,Yes,No,No,No,0,16,16,14,12.3285714285714,0
27,0.5,1.79,Married,Over 23 years old,Other,Daytime,Basic education 3rd cycle (9th/10th/11th year) or equivalent,Santomean,Specialized course,Basic education or less,Unskilled Workers,Installation and Machine Operators and Assembly Workers,Female,No,No,Yes,No,No,No,0,14,24,7,10.972222222222243,1
20,2.8,-4.06,Single,Change in institution/course,Design and Multimedia,Daytime,Secondary education,Brazilian,Secondary Education,Basic education or less,Intermediate Level Technicians and Professions,Unskilled Workers,Female,Yes,No,Yes,No,Yes,No,10,24,24,23,12.98863636363635,0
18,2.8,-4.06,Single,2nd phase,Oral Hygiene,Daytime,Secondary education,Angolan,Specialized course,Basic education or less,Unskilled Workers,Unskilled Workers,Female,Yes,No,Yes,No,Yes,No,0,15,15,15,14.273333333333335,0
18,0.6,2.02,Single,1st phase,Journalism and Communication,Daytime,Secondary education,Portuguese,Secondary Education,Basic education or less,Administrative staff,Armed Forces Professions,Female,Yes,No,Yes,No,No,No,0,12,13,12,12.474358974358976,0
20,-0.3,0.79,Single,Specialized diploma,Social Service,Daytime,Specialized course,Romanian,Secondary Education,Secondary Education,Intermediate Level Technicians and Professions,"Personal Services, Security and Safety Workers, and Sellers",Female,No,No,Yes,No,Yes,No,5,12,12,12,12.8333333333333,0
19,3.7,-1.7,Single,1st phase,Veterinary Nursing,Daytime,Secondary education,Portuguese,Secondary Education,Basic education or less,Administrative staff,Armed Forces Professions,Female,Yes,No,Yes,No,Yes,No,0,10,17,6,12.803921568627471,0
20,-0.3,0.79,Single,1st phase,Nursing,Daytime,Secondary education,Portuguese,Specialized course,Higher education,Unskilled Workers,Other,Female,Yes,No,Yes,No,No,No,0,15,16,13,13.8714285714286,0
20,1.4,1.74,Single,1st phase,Management,Evening,Secondary education,Portuguese,Specialized course,Basic education or less,"Personal Services, Security and Safety Workers, and Sellers",Installation and Machine Operators and Assembly Workers,Female,No,No,Yes,No,Yes,No,0,10,11,10,12.636363636363619,0
19,-0.3,0.79,Single,1st phase,Social Service,Daytime,Secondary education,Portuguese,Specialized course,Secondary Education,"Skilled Workers in Industry, Construction, and Craftsmen",Armed Forces Professions,Female,Yes,No,Yes,Yes,No,No,0,11,12,0,0.0,1
18,1.4,3.51,Single,1st phase,Journalism and Communication,Daytime,Secondary education,Portuguese,Higher education,Higher education,Other,Other,Female,No,No,Yes,No,No,No,0,12,15,12,13.733333333333341,0
18,1.4,1.74,Single,1st phase,Veterinary Nursing,Daytime,Secondary education,Portuguese,Specialized course,Basic education or less,Unskilled Workers,Armed Forces Professions,Female,Yes,No,Yes,No,No,No,0,10,16,8,12.483333333333318,0
19,-0.3,0.79,Single,2nd phase,Nursing,Daytime,Secondary education,Angolan,Specialized course,Basic education or less,Unskilled Workers,Installation and Machine Operators and Assembly Workers,Female,Yes,No,Yes,No,Yes,No,0,15,18,13,12.622486772486766,0
19,0.5,1.79,Single,1st phase,Nursing,Daytime,Secondary education,Portuguese,Some High School,Basic education or less,"Personal Services, Security and Safety Workers, and Sellers",Unskilled Workers,Female,Yes,No,Yes,No,No,No,0,15,18,13,13.753756613756643,1
47,-0.8,-3.12,Married,Change in institution/course,Design and Multimedia,Daytime,Secondary education,Other,Specialized course,Some High School,Other,Administrative staff,Male,No,No,Yes,No,No,No,13,17,21,13,14.216666666666667,1
23,2.6,0.32,Single,Change in institution/course,Management,Daytime,Secondary education,Other,Some High School,Unknown,Other,Other,Male,Yes,No,No,No,No,No,0,5,5,0,0.0,1
19,1.4,3.51,Single,1st phase,Social Service,Daytime,Secondary education,Portuguese,Specialized course,Basic education or less,Unskilled Workers,Unskilled Workers,Female,Yes,No,Yes,Yes,Yes,Yes,0,12,15,12,12.666666666666702,0
20,3.7,-1.7,Single,Change in institution/course,Nursing,Daytime,Secondary education,Other,Higher education,Higher education,Specialists in Intellectual and Scientific Activities,Other,Female,Yes,No,Yes,No,No,No,0,16,22,12,12.491666666666701,0
19,1.4,3.51,Single,1st phase,Design and Multimedia,Daytime,Secondary education,Portuguese,Secondary Education,Higher education,Administrative staff,Administrative staff,Female,Yes,No,Yes,No,Yes,No,10,23,24,23,13.9166666666667,0
19,2.8,-4.06,Single,2nd phase,Veterinary Nursing,Daytime,Secondary education,Angolan,Specialized course,Basic education or less,Unskilled Workers,Unskilled Workers,Female,Yes,No,Yes,No,No,Yes,0,12,21,12,15.428571428571429,0
19,-0.3,0.79,Single,Specialized diploma,Veterinary Nursing,Daytime,Specialized course,Romanian,Specialized course,Basic education or less,Administrative staff,"Skilled Workers in Industry, Construction, and Craftsmen",Female,Yes,No,Yes,No,No,No,3,12,15,12,13.609523809523786,0
39,0.6,2.02,Single,Over 23 years old,Social Service,Evening,Basic education 3rd cycle (9th/10th/11th year) or equivalent,Santomean,Specialized course,Basic education or less,Other,Other,Female,No,No,Yes,Yes,Yes,No,0,12,18,10,12.79166666666665,0
20,1.4,1.74,Single,1st phase,Design and Multimedia,Daytime,Secondary education,Portuguese,Secondary Education,Secondary Education,Intermediate Level Technicians and Professions,"Personal Services, Security and Safety Workers, and Sellers",Female,Yes,No,Yes,No,Yes,No,0,12,14,12,12.857142857142872,0
21,2.6,0.32,Single,2nd phase,Design and Multimedia,Daytime,Secondary education,Angolan,Specialized course,Basic education or less,Unskilled Workers,Intermediate Level Technicians and Professions,Female,Yes,No,Yes,No,No,No,0,12,12,12,12.58333333333335,0
22,-0.8,-3.12,Single,Change in institution/course,Social Service,Daytime,Secondary education,Brazilian,Specialized course,Basic education or less,Unskilled Workers,"Skilled Workers in Industry, Construction, and Craftsmen",Female,Yes,No,No,Yes,No,Yes,7,21,36,13,11.089506172839512,0
19,2.6,0.32,Single,1st phase,Journalism and Communication,Daytime,Secondary education,Portuguese,Specialized course,Basic education or less,"Personal Services, Security and Safety Workers, and Sellers",Other,Female,Yes,No,Yes,No,No,No,0,11,21,1,6.809523809523809,1
22,-0.3,0.79,Single,2nd phase,Advertising and Marketing Management,Daytime,Secondary education,Angolan,Secondary Education,Basic education or less,Other,Other,Female,Yes,No,Yes,No,No,No,0,12,12,12,15.58333333333335,0
19,3.7,-1.7,Single,1st phase,Other,Daytime,Secondary education,Other,Specialized course,Basic education or less,Intermediate Level Technicians and Professions,Intermediate Level Technicians and Professions,Female,Yes,No,Yes,No,Yes,No,0,12,15,12,12.355555555555574,0
36,3.7,-1.7,Single,Over 23 years old,Management,Evening,Secondary education,Santomean,Specialized course,Basic education or less,Unskilled Workers,Unskilled Workers,Male,No,No,No,No,No,No,0,10,10,0,0.0,1
30,2.8,-4.06,Married,Over 23 years old,Management,Daytime,Secondary education,Santomean,Specialized course,Basic education or less,Unskilled Workers,"Skilled Workers in Industry, Construction, and Craftsmen",Male,No,No,Yes,No,No,No,0,10,14,6,11.214285714285714,1
24,2.8,-4.06,Single,Change in institution/course,Agronomy,Daytime,Secondary education,Brazilian,Secondary Education,Secondary Education,Administrative staff,Armed Forces Professions,Male,No,No,Yes,No,No,No,0,12,17,12,15.8235294117647,1
26,2.6,0.32,Single,1st phase,Management,Daytime,Secondary education,Portuguese,Some High School,Unknown,Other,Other,Male,No,No,Yes,No,No,No,23,29,30,22,11.227272727272698,1
19,-0.3,0.79,Single,1st phase,Management,Daytime,Secondary education,Portuguese,Specialized course,Basic education or less,Unskilled Workers,"Skilled Workers in Industry, Construction, and Craftsmen",Male,No,No,No,No,No,No,0,10,22,1,8.727272727272727,1
34,0.5,1.79,Married,Over 23 years old,Social Service,Daytime,Secondary education,Santomean,Specialized course,Basic education or less,Unskilled Workers,Armed Forces Professions,Male,No,No,Yes,No,No,No,0,12,19,9,11.81842105263158,0
19,-0.8,-3.12,Single,2nd phase,Management,Daytime,Secondary education,Angolan,Specialized course,Secondary Education,Unskilled Workers,Administrative staff,Male,Yes,No,Yes,No,No,No,0,10,18,9,11.127777777777778,0
26,1.4,3.51,Single,2nd phase,Informatics Engineering,Daytime,Secondary education,Angolan,Specialized course,Secondary Education,Administrative staff,"Personal Services, Security and Safety Workers, and Sellers",Male,Yes,No,No,Yes,No,No,0,10,25,2,10.56,1
29,0.3,-0.92,Single,Over 23 years old,Advertising and Marketing Management,Daytime,Secondary education,Santomean,Specialized course,Basic education or less,"Skilled Workers in Industry, Construction, and Craftsmen","Skilled Workers in Industry, Construction, and Craftsmen",Male,No,No,Yes,No,No,No,0,12,13,1,7.538461538461538,1
19,1.4,3.51,Single,2nd phase,Informatics Engineering,Daytime,Secondary education,Angolan,Specialized course,Basic education or less,Unskilled Workers,"Skilled Workers in Industry, Construction, and Craftsmen",Male,Yes,No,Yes,No,Yes,No,0,10,17,7,12.552941176470586,1
29,0.6,2.02,Single,Over 23 years old,Management,Evening,Basic education 3rd cycle (9th/10th/11th year) or equivalent,Santomean,Specialized course,Basic education or less,Unskilled Workers,Unskilled Workers,Male,No,No,No,No,No,No,0,10,20,3,11.633333333333315,1
21,-0.8,-3.12,Single,Change in institution/course,Tourism,Daytime,Secondary education,Brazilian,Specialized course,Basic education or less,Unskilled Workers,Unskilled Workers,Male,No,No,Yes,No,No,No,0,12,13,11,11.984615384615399,0
20,2.8,-4.06,Single,1st phase,Nursing,Daytime,Secondary education,Portuguese,Specialized course,Basic education or less,"Personal Services, Security and Safety Workers, and Sellers",Armed Forces Professions,Male,No,No,Yes,No,No,No,0,15,29,12,12.349784482758608,0
18,2.6,0.32,Single,1st phase,Veterinary Nursing,Daytime,Secondary education,Portuguese,Higher education,Secondary Education,Specialists in Intellectual and Scientific Activities,"Personal Services, Security and Safety Workers, and Sellers",Male,No,No,Yes,No,No,No,0,10,10,0,0.0,1
20,1.4,3.51,Single,1st phase,Management,Daytime,Secondary education,Portuguese,Secondary Education,Secondary Education,Administrative staff,Other,Male,Yes,No,Yes,No,No,No,0,10,0,0,0.0,1
30,3.7,-1.7,Single,Over 23 years old,Informatics Engineering,Daytime,Secondary education,Santomean,Specialized course,Basic education or less,Unskilled Workers,Unskilled Workers,Male,No,No,Yes,No,Yes,No,0,10,16,0,0.0,1
19,-0.3,0.79,Single,3rd phase,Advertising and Marketing Management,Daytime,Secondary education,Cape Verdean,Specialized course,Basic education or less,Administrative staff,Other,Male,Yes,No,Yes,No,No,No,0,12,12,12,14.08333333333335,0
30,1.4,3.51,Single,Change in institution/course,Management,Daytime,Secondary education,Other,Secondary Education,Basic education or less,Unskilled Workers,"Farmers and Skilled Workers in Agriculture, Fisheries, and Forestry",Male,Yes,No,Yes,No,No,No,0,10,14,9,13.325000000000001,1
22,3.7,-1.7,Single,1st phase,Management,Daytime,Secondary education,Portuguese,Specialized course,Secondary Education,"Personal Services, Security and Safety Workers, and Sellers","Personal Services, Security and Safety Workers, and Sellers",Male,Yes,No,Yes,No,Yes,No,0,10,21,9,11.230952380952381,0
19,0.6,2.02,Single,2nd phase,Design and Multimedia,Daytime,Secondary education,Angolan,Secondary Education,Secondary Education,Unskilled Workers,Armed Forces Professions,Male,Yes,No,No,Yes,No,No,0,12,14,11,12.171428571428587,1
21,2.6,0.32,Single,2nd phase,Advertising and Marketing Management,Daytime,Secondary education,Angolan,Secondary Education,Basic education or less,"Personal Services, Security and Safety Workers, and Sellers",Intermediate Level Technicians and Professions,Male,Yes,No,Yes,No,No,No,0,10,12,7,11.881944444444423,1
21,2.6,0.32,Single,2nd phase,Veterinary Nursing,Daytime,Secondary education,Angolan,Specialized course,Basic education or less,Other,Other,Male,No,No,Yes,No,No,No,0,10,14,9,12.125,0
27,2.8,-4.06,Single,Over 23 years old,Management,Daytime,Secondary education,Santomean,Secondary Education,Basic education or less,Administrative staff,"Skilled Workers in Industry, Construction, and Craftsmen",Male,No,No,Yes,No,No,No,0,10,22,6,10.57954545454544,1
32,-0.3,0.79,Single,Change in institution/course,Other,Daytime,Secondary education,Brazilian,Specialized course,Basic education or less,Other,Other,Male,Yes,No,Yes,No,No,No,0,14,15,0,0.0,1
40,2.8,-4.06,Single,Over 23 years old,Advertising and Marketing Management,Daytime,Other,Santomean,Specialized course,Secondary Education,Unskilled Workers,Intermediate Level Technicians and Professions,Male,No,No,No,Yes,No,No,0,12,19,0,0.0,1
20,3.7,-1.7,Single,Specialized diploma,Equiniculture,Daytime,Specialized course,Romanian,Higher education,Higher education,Specialists in Intellectual and Scientific Activities,Armed Forces Professions,Male,Yes,No,Yes,No,No,No,2,10,21,4,11.5,1
21,3.7,-1.7,Single,Change in institution/course,Management,Daytime,Secondary education,Brazilian,Secondary Education,Basic education or less,Other,"Skilled Workers in Industry, Construction, and Craftsmen",Male,No,No,Yes,No,No,No,0,10,24,2,4.8125,1
18,3.7,-1.7,Single,2nd phase,Advertising and Marketing Management,Daytime,Secondary education,Angolan,Specialized course,Basic education or less,"Personal Services, Security and Safety Workers, and Sellers",Installation and Machine Operators and Assembly Workers,Male,No,No,Yes,No,No,No,0,12,6,6,13.5,1
30,2.8,-4.06,Married,Holders of other higher courses,Design and Multimedia,Daytime,Higher education,Italian,Specialized course,Basic education or less,"Skilled Workers in Industry, Construction, and Craftsmen","Skilled Workers in Industry, Construction, and Craftsmen",Male,No,No,No,No,No,No,0,12,12,1,5.0,1
29,2.8,-4.06,Single,Over 23 years old,Agronomy,Daytime,Other,Santomean,Specialized course,Secondary Education,Unskilled Workers,Other,Male,No,No,Yes,No,No,No,0,12,25,0,0.0,1
18,2.6,0.32,Single,2nd phase,Informatics Engineering,Daytime,Secondary education,Angolan,Secondary Education,Secondary Education,Administrative staff,Administrative staff,Male,Yes,No,Yes,Yes,No,No,0,10,17,4,11.450980392156877,1
18,-0.8,-3.12,Single,1st phase,Advertising and Marketing Management,Daytime,Secondary education,Portuguese,Secondary Education,Secondary Education,Unskilled Workers,Unskilled Workers,Male,Yes,No,Yes,No,Yes,No,0,10,11,9,12.227272727272727,1
22,2.8,-4.06,Single,Specialized diploma,Agronomy,Daytime,Specialized course,Romanian,Secondary Education,Secondary Education,Intermediate Level Technicians and Professions,Armed Forces Professions,Male,No,No,Yes,No,No,No,6,17,34,11,11.501960784313738,1
27,3.7,-1.7,Single,Change in institution/course,Management,Evening,Secondary education,Brazilian,Specialized course,Basic education or less,"Personal Services, Security and Safety Workers, and Sellers","Personal Services, Security and Safety Workers, and Sellers",Male,Yes,No,No,No,No,No,0,10,10,0,0.0,1
20,1.4,1.74,Single,2nd phase,Advertising and Marketing Management,Daytime,Secondary education,Angolan,Specialized course,Secondary Education,Unskilled Workers,"Skilled Workers in Industry, Construction, and Craftsmen",Male,Yes,No,Yes,No,No,No,0,12,18,9,14.11111111111111,0
42,0.6,2.02,Single,Change in institution/course,Social Service,Evening,Higher education,Other,Specialized course,Basic education or less,Unskilled Workers,Armed Forces Professions,Male,No,No,Yes,No,No,No,15,23,23,21,14.332806324110695,0
21,2.8,-4.06,Single,1st phase,Agronomy,Daytime,Secondary education,Portuguese,Specialized course,Basic education or less,Administrative staff,Installation and Machine Operators and Assembly Workers,Male,No,No,Yes,Yes,No,No,12,24,27,24,14.4985754985755,0
23,0.3,-0.92,Single,Change in institution/course,Nursing,Daytime,Secondary education,Brazilian,Secondary Education,Basic education or less,"Skilled Workers in Industry, Construction, and Craftsmen","Skilled Workers in Industry, Construction, and Craftsmen",Male,No,Yes,Yes,No,No,No,0,15,20,13,12.34166666666665,0
21,1.4,3.51,Single,Change in institution/course,Design and Multimedia,Daytime,Secondary education,Other,Specialized course,Basic education or less,Unskilled Workers,Unskilled Workers,Male,Yes,No,Yes,No,No,No,8,24,25,9,13.344000000000001,1
40,1.4,3.51,Married,Over 23 years old,Social Service,Daytime,Secondary education,Santomean,Specialized course,Basic education or less,"Skilled Workers in Industry, Construction, and Craftsmen","Skilled Workers in Industry, Construction, and Craftsmen",Male,No,No,Yes,No,Yes,No,0,12,17,10,12.578431372549005,1
22,3.7,-1.7,Single,Change in institution/course,Management,Daytime,Secondary education,Brazilian,Specialized course,Secondary Education,Unskilled Workers,"Personal Services, Security and Safety Workers, and Sellers",Male,No,No,Yes,No,No,No,10,18,23,12,11.230434782608697,1
19,2.6,0.32,Single,1st phase,Nursing,Daytime,Secondary education,Portuguese,Specialized course,Basic education or less,Unskilled Workers,Unskilled Workers,Male,Yes,No,Yes,No,No,No,0,14,14,12,13.2,0
18,1.4,3.51,Single,2nd phase,Informatics Engineering,Daytime,Secondary education,Angolan,Higher education,Secondary Education,Unskilled Workers,Intermediate Level Technicians and Professions,Male,Yes,No,Yes,No,No,No,0,10,11,10,14.145454545454545,0
18,2.6,0.32,Single,2nd phase,Informatics Engineering,Daytime,Secondary education,Angolan,Specialized course,Basic education or less,Unskilled Workers,"Skilled Workers in Industry, Construction, and Craftsmen",Male,No,No,Yes,No,No,No,0,10,20,2,5.75,1
24,0.6,2.02,Single,Change in institution/course,Advertising and Marketing Management,Daytime,Secondary education,Other,Higher education,Secondary Education,Intermediate Level Technicians and Professions,Armed Forces Professions,Male,No,No,Yes,No,No,No,0,12,23,10,13.2795031055901,1
19,0.5,1.79,Single,2nd phase,Advertising and Marketing Management,Daytime,Secondary education,Angolan,Specialized course,Basic education or less,"Skilled Workers in Industry, Construction, and Craftsmen",Unskilled Workers,Female,Yes,No,Yes,No,Yes,No,0,12,15,11,13.7,0
18,2.6,0.32,Single,2nd phase,Other,Daytime,Secondary education,Angolan,Some High School,Secondary Education,Administrative staff,Other,Female,Yes,No,Yes,No,No,No,0,12,24,0,0.0,1
19,-0.8,-3.12,Single,1st phase,Nursing,Daytime,Secondary education,Portuguese,Secondary Education,Secondary Education,Administrative staff,Administrative staff,Female,Yes,No,Yes,No,Yes,No,0,16,16,16,12.82875,0
21,1.4,1.74,Single,Change in institution/course,Equiniculture,Daytime,Secondary education,Brazilian,Unknown,Higher education,Intermediate Level Technicians and Professions,Other,Female,Yes,No,Yes,No,No,No,0,10,12,4,6.875,0
18,-0.3,0.79,Single,1st phase,Nursing,Daytime,Secondary education,Portuguese,Secondary Education,Basic education or less,Administrative staff,"Personal Services, Security and Safety Workers, and Sellers",Female,Yes,No,Yes,Yes,No,No,0,15,0,0,0.0,1
19,-0.8,-3.12,Single,1st phase,Design and Multimedia,Daytime,Secondary education,Portuguese,Higher education,Basic education or less,Other,"Personal Services, Security and Safety Workers, and Sellers",Female,Yes,No,Yes,No,No,No,0,12,12,12,13.9166666666667,0
19,1.4,1.74,Single,2nd phase,Nursing,Daytime,Secondary education,Angolan,Specialized course,Basic education or less,"Skilled Workers in Industry, Construction, and Craftsmen","Skilled Workers in Industry, Construction, and Craftsmen",Female,Yes,No,Yes,No,No,No,0,16,16,14,13.9371428571429,0
20,2.8,-4.06,Single,1st phase,Design and Multimedia,Daytime,Secondary education,Portuguese,Higher education,Secondary Education,Specialists in Intellectual and Scientific Activities,Armed Forces Professions,Female,Yes,No,Yes,No,No,No,15,24,24,22,14.64166666666665,0
18,3.7,-1.7,Single,1st phase,Journalism and Communication,Daytime,Secondary education,Portuguese,Secondary Education,Secondary Education,Unskilled Workers,Administrative staff,Female,Yes,No,Yes,No,No,No,0,12,12,11,11.93333333333335,0
20,2.6,0.32,Single,Change in institution/course,Nursing,Daytime,Other,Brazilian,Specialized course,Basic education or less,Unskilled Workers,Unskilled Workers,Female,Yes,No,Yes,No,No,No,0,14,14,12,14.85,0
26,1.4,1.74,Single,Over 23 years old,Veterinary Nursing,Daytime,Basic education 3rd cycle (9th/10th/11th year) or equivalent,Santomean,Specialized course,Basic education or less,"Skilled Workers in Industry, Construction, and Craftsmen",Other,Female,No,No,Yes,No,No,No,0,10,23,1,5.739130434782608,1
18,-0.3,0.79,Single,3rd phase,Nursing,Daytime,Secondary education,Cape Verdean,Higher education,Secondary Education,Intermediate Level Technicians and Professions,Administrative staff,Female,Yes,No,Yes,No,No,No,0,15,17,15,14.711764705882342,1
58,-0.8,-3.12,Single,Over 23 years old,Social Service,Evening,Secondary education,Santomean,Specialized course,Basic education or less,Unskilled Workers,Unskilled Workers,Female,No,No,Yes,No,No,No,0,12,24,10,12.066666666666668,0
18,2.8,-4.06,Single,1st phase,Nursing,Daytime,Secondary education,Portuguese,Secondary Education,Higher education,Administrative staff,Intermediate Level Technicians and Professions,Female,No,No,Yes,No,No,No,0,15,18,15,13.462222222222222,0
20,0.6,2.02,Single,2nd phase,Management,Evening,Secondary education,Angolan,Specialized course,Basic education or less,Other,"Skilled Workers in Industry, Construction, and Craftsmen",Female,No,No,Yes,No,No,No,0,10,0,0,0.0,1
29,-0.8,-3.12,Single,Other,Management,Daytime,Secondary education,Other,Specialized course,Basic education or less,Unskilled Workers,Unskilled Workers,Female,Yes,No,Yes,No,No,No,25,29,36,27,11.844474969474971,0
27,0.3,-0.92,Single,Holders of other higher courses,Social Service,Daytime,Higher education,Italian,Secondary Education,Secondary Education,Administrative staff,Armed Forces Professions,Female,No,No,No,Yes,No,No,0,11,14,0,0.0,1
21,0.6,2.02,Single,1st phase,Veterinary Nursing,Daytime,Secondary education,Portuguese,Specialized course,Basic education or less,"Personal Services, Security and Safety Workers, and Sellers","Skilled Workers in Industry, Construction, and Craftsmen",Female,Yes,No,Yes,No,Yes,No,0,12,19,12,13.120300751879705,0
20,2.8,-4.06,Single,1st phase,Social Service,Daytime,Secondary education,Portuguese,Secondary Education,Basic education or less,Administrative staff,Unskilled Workers,Female,No,No,Yes,No,Yes,No,0,12,14,12,11.380952380952413,0
19,0.6,2.02,Single,2nd phase,Social Service,Daytime,Secondary education,Angolan,Specialized course,Basic education or less,Intermediate Level Technicians and Professions,"Skilled Workers in Industry, Construction, and Craftsmen",Female,No,No,Yes,No,Yes,No,0,12,22,11,11.786363636363637,0
22,0.6,2.02,Single,1st phase,Nursing,Daytime,Secondary education,Portuguese,Specialized course,Basic education or less,Other,"Farmers and Skilled Workers in Agriculture, Fisheries, and Forestry",Female,Yes,No,Yes,No,Yes,No,0,15,21,12,13.1207142857143,0
19,2.8,-4.06,Single,3rd phase,Design and Multimedia,Daytime,Secondary education,Cape Verdean,Specialized course,Basic education or less,Unskilled Workers,"Skilled Workers in Industry, Construction, and Craftsmen",Female,Yes,No,Yes,No,Yes,No,0,12,12,12,12.83333333333335,0
19,0.5,1.79,Single,2nd phase,Journalism and Communication,Daytime,Secondary education,Angolan,Specialized course,Secondary Education,Unskilled Workers,Installation and Machine Operators and Assembly Workers,Female,Yes,No,No,Yes,No,No,0,12,12,3,5.66666666666665,1
18,0.5,1.79,Single,1st phase,Journalism and Communication,Daytime,Secondary education,Portuguese,Secondary Education,Secondary Education,Administrative staff,Administrative staff,Female,Yes,No,Yes,No,Yes,No,0,12,13,11,13.1846153846154,1
19,3.7,-1.7,Single,Specialized diploma,Equiniculture,Daytime,Specialized course,Romanian,Secondary Education,Basic education or less,Administrative staff,Installation and Machine Operators and Assembly Workers,Female,No,No,Yes,No,No,No,0,12,0,0,0.0,1
20,0.5,1.79,Single,Specialized diploma,Agronomy,Daytime,Specialized course,Romanian,Secondary Education,Secondary Education,Administrative staff,Intermediate Level Technicians and Professions,Female,Yes,No,Yes,No,No,No,0,12,17,10,12.050980392156884,0
19,0.6,2.02,Single,1st phase,Social Service,Daytime,Secondary education,Portuguese,Secondary Education,Basic education or less,Unskilled Workers,"Skilled Workers in Industry, Construction, and Craftsmen",Female,Yes,No,Yes,No,Yes,No,0,12,13,12,13.461538461538446,0
26,-0.3,0.79,Single,Over 23 years old,Veterinary Nursing,Daytime,Basic education 3rd cycle (9th/10th/11th year) or equivalent,Santomean,Specialized course,Basic education or less,Unskilled Workers,Unskilled Workers,Female,Yes,No,No,Yes,Yes,No,0,12,13,0,0.0,1
18,0.6,2.02,Single,1st phase,Social Service,Daytime,Secondary education,Portuguese,Secondary Education,Basic education or less,Administrative staff,"Skilled Workers in Industry, Construction, and Craftsmen",Female,Yes,No,Yes,No,Yes,No,0,12,13,12,13.692307692307683,0
29,3.7,-1.7,Single,1st phase,Veterinary Nursing,Daytime,Secondary education,Portuguese,Specialized course,Basic education or less,Administrative staff,Unskilled Workers,Female,Yes,No,Yes,Yes,No,No,5,10,22,6,12.5,1
20,0.3,-0.92,Single,Specialized diploma,Agronomy,Daytime,Specialized course,Romanian,Higher education,Secondary Education,Specialists in Intellectual and Scientific Activities,"Farmers and Skilled Workers in Agriculture, Fisheries, and Forestry",Female,Yes,No,No,No,No,No,0,12,20,12,13.1875,0
19,2.8,-4.06,Single,1st phase,Design and Multimedia,Daytime,Secondary education,Portuguese,Specialized course,Higher education,"Skilled Workers in Industry, Construction, and Craftsmen",Intermediate Level Technicians and Professions,Female,Yes,No,Yes,No,No,No,0,12,12,12,12.9166666666667,0
18,1.4,1.74,Single,3rd phase,Nursing,Daytime,Secondary education,Cape Verdean,Higher education,Higher education,Other,Other,Female,Yes,No,Yes,No,No,No,0,16,16,14,13.1542857142857,0
19,-0.8,-3.12,Single,1st phase,Design and Multimedia,Daytime,Secondary education,Portuguese,Secondary Education,Basic education or less,Administrative staff,"Skilled Workers in Industry, Construction, and Craftsmen",Female,Yes,No,Yes,No,Yes,No,0,12,12,12,12.8333333333333,0
18,0.5,1.79,Single,2nd phase,Other,Daytime,Secondary education,Angolan,Secondary Education,Basic education or less,"Personal Services, Security and Safety Workers, and Sellers","Personal Services, Security and Safety Workers, and Sellers",Female,Yes,No,Yes,No,No,No,0,14,17,14,12.554621848739453,0
36,1.4,3.51,Single,Holders of other higher courses,Social Service,Evening,Higher education,Italian,Specialized course,Basic education or less,Unskilled Workers,Intermediate Level Technicians and Professions,Female,No,No,Yes,No,No,No,11,19,25,8,13.3,1
18,0.6,2.02,Single,1st phase,Social Service,Daytime,Secondary education,Portuguese,Specialized course,Basic education or less,Unskilled Workers,Installation and Machine Operators and Assembly Workers,Male,Yes,No,Yes,No,No,No,0,12,21,5,4.714285714285714,1
20,1.4,3.51,Single,2nd phase,Social Service,Daytime,Secondary education,Angolan,Secondary Education,Higher education,Administrative staff,Other,Male,Yes,No,No,Yes,No,No,5,15,15,5,12.99999999999998,1
18,2.8,-4.06,Single,1st phase,Nursing,Daytime,Secondary education,Portuguese,Specialized course,Basic education or less,Administrative staff,"Skilled Workers in Industry, Construction, and Craftsmen",Male,Yes,No,Yes,No,No,No,0,15,19,15,14.003684210526295,0
20,0.5,1.79,Single,Specialized diploma,Equiniculture,Daytime,Specialized course,Romanian,Higher education,Secondary Education,Intermediate Level Technicians and Professions,"Farmers and Skilled Workers in Agriculture, Fisheries, and Forestry",Male,Yes,No,Yes,Yes,No,No,3,12,22,7,10.803030303030322,1
24,-0.8,-3.12,Single,3rd phase,Informatics Engineering,Daytime,Secondary education,Cape Verdean,Specialized course,Secondary Education,Other,Intermediate Level Technicians and Professions,Male,Yes,No,No,Yes,No,No,0,10,13,0,0.0,1
19,1.4,3.51,Single,2nd phase,Journalism and Communication,Daytime,Secondary education,Angolan,Specialized course,Basic education or less,"Personal Services, Security and Safety Workers, and Sellers","Skilled Workers in Industry, Construction, and Craftsmen",Male,Yes,No,Yes,No,No,No,0,12,6,0,0.0,1
18,2.6,0.32,Single,2nd phase,Informatics Engineering,Daytime,Secondary education,Angolan,Specialized course,Basic education or less,"Skilled Workers in Industry, Construction, and Craftsmen",Unskilled Workers,Male,Yes,No,Yes,No,No,No,0,10,19,3,12.0,1
18,1.4,3.51,Single,1st phase,Informatics Engineering,Daytime,Secondary education,Portuguese,Higher education,Basic education or less,Specialists in Intellectual and Scientific Activities,"Skilled Workers in Industry, Construction, and Craftsmen",Male,Yes,No,Yes,No,No,No,0,10,14,10,13.657142857142857,0
18,1.4,3.51,Single,1st phase,Tourism,Daytime,Secondary education,Portuguese,Secondary Education,Basic education or less,Administrative staff,Administrative staff,Male,No,No,Yes,No,No,No,0,12,15,11,12.744761904761921,0
22,0.3,-0.92,Single,Change in institution/course,Advertising and Marketing Management,Daytime,Secondary education,Brazilian,Higher education,Basic education or less,Other,"Skilled Workers in Industry, Construction, and Craftsmen",Male,Yes,No,Yes,No,No,No,0,12,18,0,0.0,1
19,0.6,2.02,Single,1st phase,Advertising and Marketing Management,Daytime,Secondary education,Portuguese,Specialized course,Basic education or less,Unskilled Workers,Unskilled Workers,Male,No,No,Yes,No,No,No,0,12,15,12,14.066666666666686,0
32,-0.3,0.79,Married,Over 23 years old,Veterinary Nursing,Daytime,Other,Santomean,Secondary Education,Specialized course,"Personal Services, Security and Safety Workers, and Sellers",Intermediate Level Technicians and Professions,Female,Yes,No,No,Yes,No,No,0,12,13,0,0.0,1
21,2.6,0.32,Single,2nd phase,Other,Daytime,Secondary education,Angolan,Some High School,Basic education or less,Other,Intermediate Level Technicians and Professions,Female,Yes,No,Yes,No,Yes,No,0,12,24,0,0.0,1
19,3.7,-1.7,Single,3rd phase,Nursing,Daytime,Secondary education,Cape Verdean,Specialized course,Basic education or less,Other,"Farmers and Skilled Workers in Agriculture, Fisheries, and Forestry",Female,Yes,No,Yes,No,Yes,No,0,16,16,14,13.5428571428571,0
39,3.7,-1.7,Other,Change in institution/course,Social Service,Evening,Secondary education,Brazilian,Specialized course,Basic education or less,Unskilled Workers,Unskilled Workers,Female,No,No,Yes,No,Yes,No,5,16,19,16,12.375939849624046,0
30,2.6,0.32,Single,Change in institution/course,Social Service,Evening,Other,Brazilian,Some High School,Unknown,Other,Other,Female,Yes,No,Yes,No,No,No,5,16,18,16,12.462962962962969,0
18,-0.8,-3.12,Single,1st phase,Management,Daytime,Secondary education,Portuguese,Secondary Education,Basic education or less,"Personal Services, Security and Safety Workers, and Sellers","Personal Services, Security and Safety Workers, and Sellers",Female,Yes,No,Yes,No,No,No,0,10,23,6,10.326086956521738,1
38,2.6,0.32,Married,Change in institution/course,Management,Evening,Secondary education,Brazilian,Specialized course,Basic education or less,Unskilled Workers,Unskilled Workers,Female,Yes,No,Yes,No,No,No,6,20,24,6,10.4375,1
20,-0.8,-3.12,Single,1st phase,Design and Multimedia,Daytime,Secondary education,Portuguese,Some High School,Basic education or less,"Personal Services, Security and Safety Workers, and Sellers","Skilled Workers in Industry, Construction, and Craftsmen",Female,Yes,No,Yes,No,No,No,0,12,12,12,13.5,0
55,2.6,0.32,Single,Over 23 years old,Social Service,Evening,Basic education 3rd cycle (9th/10th/11th year) or equivalent,Santomean,Some High School,Unknown,Other,Other,Female,No,No,Yes,No,No,No,1,12,12,12,13.3333333333333,0
53,2.6,0.32,Other,Other,Design and Multimedia,Daytime,Higher education,Other,Some High School,Unknown,Other,Other,Female,No,No,Yes,No,No,No,28,36,36,33,13.08823529411765,1
54,2.6,0.32,Married,Over 23 years old,Social Service,Evening,Secondary education,Santomean,Some High School,Unknown,Other,Other,Female,No,No,Yes,No,No,No,0,12,20,9,12.66,1
44,1.4,3.51,Single,Over 23 years old,Social Service,Evening,Secondary education,Santomean,Specialized course,Basic education or less,Unskilled Workers,Installation and Machine Operators and Assembly Workers,Female,No,No,No,Yes,No,No,4,15,21,8,12.0,1
28,1.4,1.74,Single,Change in institution/course,Social Service,Daytime,Secondary education,Brazilian,Specialized course,Basic education or less,Unskilled Workers,"Farmers and Skilled Workers in Agriculture, Fisheries, and Forestry",Female,Yes,No,Yes,No,No,No,16,22,24,18,12.148148148148188,0
37,1.4,3.51,Single,Holders of other higher courses,Social Service,Evening,Higher education,Italian,Specialized course,Basic education or less,Unskilled Workers,Administrative staff,Female,No,No,Yes,No,No,No,20,25,25,25,16.679999999999996,0
20,2.6,0.32,Single,Change in institution/course,Social Service,Daytime,Secondary education,Brazilian,Some High School,Some High School,Other,Other,Female,Yes,No,Yes,No,No,No,11,17,24,16,12.101851851851842,0
19,1.4,3.51,Single,1st phase,Social Service,Daytime,Secondary education,Portuguese,Specialized course,Basic education or less,Unskilled Workers,Unskilled Workers,Male,Yes,No,Yes,No,No,No,0,12,21,7,11.214285714285714,1
23,2.8,-4.06,Single,2nd phase,Agronomy,Daytime,Secondary education,Angolan,Specialized course,Basic education or less,"Personal Services, Security and Safety Workers, and Sellers",Unskilled Workers,Male,Yes,No,Yes,No,Yes,No,29,31,32,31,12.312500000000012,0
22,-0.3,0.79,Single,2nd phase,Social Service,Daytime,Secondary education,Angolan,Specialized course,Basic education or less,Other,"Farmers and Skilled Workers in Agriculture, Fisheries, and Forestry",Male,No,No,Yes,No,No,No,0,12,0,0,0.0,1
24,0.6,2.02,Single,Over 23 years old,Tourism,Daytime,Secondary education,Santomean,Higher education,Basic education or less,Intermediate Level Technicians and Professions,"Personal Services, Security and Safety Workers, and Sellers",Male,No,No,No,No,No,No,0,12,0,0,0.0,1
26,-0.3,0.79,Single,Over 23 years old,Agronomy,Daytime,Secondary education,Santomean,Secondary Education,Basic education or less,"Personal Services, Security and Safety Workers, and Sellers","Farmers and Skilled Workers in Agriculture, Fisheries, and Forestry",Male,No,No,Yes,No,No,No,0,12,15,0,0.0,1
18,-0.8,-3.12,Single,2nd phase,Journalism and Communication,Daytime,Secondary education,Angolan,Specialized course,Basic education or less,"Personal Services, Security and Safety Workers, and Sellers","Personal Services, Security and Safety Workers, and Sellers",Male,Yes,No,Yes,No,No,No,0,12,12,12,15.0,0
24,0.6,2.02,Single,Specialized diploma,Equiniculture,Daytime,Specialized course,Romanian,Specialized course,Basic education or less,Unskilled Workers,Unskilled Workers,Male,No,No,Yes,No,No,No,3,12,16,6,12.625,1
27,0.3,-0.92,Single,Over 23 years old,Tourism,Daytime,Basic education 3rd cycle (9th/10th/11th year) or equivalent,Santomean,Specialized course,Basic education or less,Unskilled Workers,Administrative staff,Male,No,No,Yes,No,No,No,0,12,21,6,12.960317460317443,1
20,0.5,1.79,Single,Specialized diploma,Agronomy,Daytime,Specialized course,Romanian,Specialized course,Basic education or less,Unskilled Workers,"Farmers and Skilled Workers in Agriculture, Fisheries, and Forestry",Male,Yes,No,Yes,No,Yes,No,0,12,16,10,12.825,0
19,2.6,0.32,Single,1st phase,Informatics Engineering,Daytime,Secondary education,Portuguese,Some High School,Secondary Education,Administrative staff,Armed Forces Professions,Male,Yes,No,Yes,No,No,No,0,10,20,1,7.0,1
18,0.6,2.02,Single,1st phase,Veterinary Nursing,Daytime,Secondary education,Portuguese,Specialized course,Basic education or less,Administrative staff,Unskilled Workers,Male,No,No,Yes,No,Yes,No,0,12,17,10,15.5,1
18,1.4,1.74,Single,1st phase,Nursing,Daytime,Secondary education,Portuguese,Secondary Education,Secondary Education,Administrative staff,Administrative staff,Male,Yes,No,Yes,No,No,No,0,16,16,14,12.3657142857143,0
19,0.3,-0.92,Single,1st phase,Social Service,Daytime,Secondary education,Portuguese,Specialized course,Basic education or less,Other,Armed Forces Professions,Male,Yes,No,Yes,No,No,No,0,12,0,0,0.0,1
19,-0.8,-3.12,Single,1st phase,Journalism and Communication,Daytime,Secondary education,Portuguese,Secondary Education,Basic education or less,Administrative staff,Administrative staff,Male,No,No,Yes,No,Yes,No,0,12,19,10,13.210526315789458,0
30,2.8,-4.06,Married,Over 23 years old,Agronomy,Daytime,Secondary education,Santomean,Higher education,Higher education,Other,Administrative staff,Male,No,No,Yes,No,No,No,8,24,28,8,11.885714285714286,1
22,1.4,1.74,Single,Change in institution/course,Journalism and Communication,Daytime,Secondary education,Brazilian,Secondary Education,Higher education,Unskilled Workers,Intermediate Level Technicians and Professions,Male,No,No,No,No,No,No,0,9,12,3,8.0,1
19,2.8,-4.06,Single,2nd phase,Management,Daytime,Secondary education,Angolan,Higher education,Basic education or less,Other,Unskilled Workers,Male,No,No,No,No,No,No,0,10,20,7,10.466666666666654,1
21,2.6,0.32,Single,1st phase,Management,Daytime,Secondary education,Portuguese,Specialized course,Secondary Education,Unskilled Workers,Installation and Machine Operators and Assembly Workers,Male,No,No,Yes,No,No,No,0,10,19,2,10.0,1
35,-0.3,0.79,Single,Over 23 years old,Agronomy,Daytime,Basic education 3rd cycle (9th/10th/11th year) or equivalent,Santomean,Higher education,Secondary Education,Specialists in Intellectual and Scientific Activities,Installation and Machine Operators and Assembly Workers,Male,Yes,No,Yes,No,No,No,0,12,23,3,6.641304347826087,1
20,2.6,0.32,Single,1st phase,Management,Daytime,Secondary education,Other,Specialized course,Basic education or less,Unskilled Workers,Unskilled Workers,Male,Yes,No,Yes,No,No,No,0,10,15,2,10.466666666666667,1
21,2.6,0.32,Single,1st phase,Equiniculture,Daytime,Secondary education,Portuguese,Higher education,Basic education or less,Administrative staff,"Personal Services, Security and Safety Workers, and Sellers",Male,No,No,Yes,No,No,No,0,10,13,8,13.538461538461538,0
27,2.6,0.32,Single,Over 23 years old,Veterinary Nursing,Daytime,Other,Santomean,Some High School,Unknown,Other,Other,Male,No,No,No,Yes,No,No,0,10,10,0,0.0,1
26,-0.8,-3.12,Single,Change in institution/course,Journalism and Communication,Daytime,Secondary education,Brazilian,Specialized course,Basic education or less,Unskilled Workers,"Personal Services, Security and Safety Workers, and Sellers",Male,Yes,No,No,No,No,No,0,12,27,3,5.333333333333333,1
20,1.4,1.74,Single,2nd phase,Journalism and Communication,Daytime,Secondary education,Angolan,Secondary Education,Specialized course,Intermediate Level Technicians and Professions,Intermediate Level Technicians and Professions,Male,No,No,No,No,No,No,0,11,20,0,0.0,1
28,2.8,-4.06,Single,Over 23 years old,Agronomy,Daytime,Secondary education,Santomean,Specialized course,Basic education or less,Other,"Farmers and Skilled Workers in Agriculture, Fisheries, and Forestry",Male,No,No,No,Yes,No,No,6,18,36,13,11.752469135802475,1
19,0.6,2.02,Single,1st phase,Journalism and Communication,Daytime,Secondary education,Portuguese,Specialized course,Basic education or less,Unskilled Workers,"Skilled Workers in Industry, Construction, and Craftsmen",Male,Yes,No,Yes,No,No,No,0,12,12,12,13.75,0
47,3.7,-1.7,Single,Change in institution/course,Management,Evening,Secondary education,Brazilian,Specialized course,Basic education or less,Unskilled Workers,Unskilled Workers,Male,No,No,No,No,No,No,0,10,10,0,0.0,1
55,1.4,1.74,Other,Over 23 years old,Journalism and Communication,Daytime,Other,Santomean,Specialized course,Basic education or less,Administrative staff,Unskilled Workers,Male,No,No,No,No,No,No,0,12,17,10,11.929411764705883,1
39,0.3,-0.92,Single,Change in institution/course,Agronomy,Daytime,Secondary education,Brazilian,Specialized course,Basic education or less,"Personal Services, Security and Safety Workers, and Sellers",Unskilled Workers,Male,Yes,No,Yes,No,No,No,1,12,16,2,5.5,1
35,2.8,-4.06,Married,1st phase,Agronomy,Daytime,Secondary education,Portuguese,Specialized course,Basic education or less,Unskilled Workers,Unskilled Workers,Male,Yes,No,Yes,Yes,No,No,26,29,29,26,10.6527093596059,1
32,2.6,0.32,Single,Over 23 years old,Social Service,Daytime,Secondary education,Santomean,Specialized course,Some High School,Other,Administrative staff,Male,No,No,No,No,No,No,0,12,22,2,5.0,1
20,1.4,3.51,Single,1st phase,Journalism and Communication,Daytime,Secondary education,Portuguese,Higher education,Some High School,Specialists in Intellectual and Scientific Activities,Unskilled Workers,Male,Yes,No,Yes,No,No,No,0,12,12,12,16.75,0
36,3.7,-1.7,Single,Over 23 years old,Tourism,Daytime,Secondary education,Santomean,Specialized course,Basic education or less,Unskilled Workers,Unskilled Workers,Male,No,No,Yes,No,No,No,0,12,17,11,13.3747899159664,0
34,0.3,-0.92,Single,Over 23 years old,Management,Evening,Basic education 3rd cycle (9th/10th/11th year) or equivalent,Santomean,Specialized course,Basic education or less,Unskilled Workers,Armed Forces Professions,Male,No,No,Yes,Yes,Yes,No,0,10,25,10,14.524285714285707,0
21,-0.8,-3.12,Single,1st phase,Advertising and Marketing Management,Daytime,Secondary education,Portuguese,Specialized course,Basic education or less,Other,Other,Male,Yes,No,Yes,No,No,No,0,10,13,0,0.0,1
42,-0.3,0.79,Single,Change in institution/course,Management,Evening,Secondary education,Brazilian,Specialized course,Basic education or less,Intermediate Level Technicians and Professions,Armed Forces Professions,Male,No,No,Yes,No,Yes,No,0,10,28,2,10.5,1
25,0.5,1.79,Single,Over 23 years old,Agronomy,Daytime,Basic education 3rd cycle (9th/10th/11th year) or equivalent,Santomean,Specialized course,Basic education or less,Unskilled Workers,"Skilled Workers in Industry, Construction, and Craftsmen",Male,No,No,Yes,No,No,No,0,12,28,5,11.348214285714286,1
18,1.4,3.51,Single,3rd phase,Journalism and Communication,Daytime,Secondary education,Cape Verdean,Specialized course,Basic education or less,Other,"Skilled Workers in Industry, Construction, and Craftsmen",Male,Yes,No,Yes,No,Yes,No,0,12,6,1,11.0,1
18,3.7,-1.7,Single,1st phase,Journalism and Communication,Daytime,Secondary education,Portuguese,Specialized course,Basic education or less,Unskilled Workers,Unskilled Workers,Male,No,No,Yes,No,Yes,No,0,12,12,11,12.41666666666665,0
19,2.6,0.32,Single,1st phase,Social Service,Daytime,Secondary education,Portuguese,Specialized course,Basic education or less,Unskilled Workers,"Skilled Workers in Industry, Construction, and Craftsmen",Male,Yes,No,Yes,No,No,No,0,12,17,12,11.426470588235311,0
34,-0.3,0.79,Single,Change in institution/course,Veterinary Nursing,Daytime,Secondary education,Brazilian,Higher education,Basic education or less,Administrative staff,"Farmers and Skilled Workers in Agriculture, Fisheries, and Forestry",Male,No,No,No,Yes,No,No,2,12,21,5,11.396825396825378,1
20,1.4,1.74,Single,2nd phase,Journalism and Communication,Daytime,Secondary education,Angolan,Secondary Education,Secondary Education,Administrative staff,"Personal Services, Security and Safety Workers, and Sellers",Male,No,No,Yes,No,No,No,0,12,27,2,6.666666666666667,1
20,-0.3,0.79,Single,1st phase,Nursing,Daytime,Secondary education,Portuguese,Specialized course,Basic education or less,"Skilled Workers in Industry, Construction, and Craftsmen","Skilled Workers in Industry, Construction, and Craftsmen",Male,No,No,Yes,No,No,No,0,14,15,0,0.0,1
21,1.4,1.74,Single,2nd phase,Nursing,Daytime,Secondary education,Angolan,Specialized course,Basic education or less,Administrative staff,Unskilled Workers,Male,No,No,Yes,No,No,No,0,16,16,14,14.54,0
19,0.5,1.79,Single,Specialized diploma,Agronomy,Daytime,Specialized course,Romanian,Secondary Education,Basic education or less,Intermediate Level Technicians and Professions,Armed Forces Professions,Male,Yes,No,Yes,No,No,No,0,12,23,10,12.673913043478274,0
31,-0.8,-3.12,Single,Over 23 years old,Veterinary Nursing,Daytime,Secondary education,Santomean,Secondary Education,Secondary Education,Administrative staff,Administrative staff,Male,No,No,No,Yes,No,No,0,10,25,7,12.620000000000015,1
21,0.6,2.02,Single,2nd phase,Advertising and Marketing Management,Daytime,Secondary education,Angolan,Secondary Education,Basic education or less,Administrative staff,"Personal Services, Security and Safety Workers, and Sellers",Male,No,No,Yes,No,No,No,0,12,17,11,14.529411764705866,0
20,-0.3,0.79,Single,1st phase,Management,Daytime,Secondary education,Portuguese,Specialized course,Basic education or less,Unskilled Workers,Unskilled Workers,Male,No,No,Yes,No,Yes,No,0,10,15,10,12.04444444444446,0
22,2.6,0.32,Single,Change in institution/course,Nursing,Daytime,Other,Brazilian,Secondary Education,Basic education or less,Administrative staff,Armed Forces Professions,Male,No,No,Yes,No,No,No,0,14,14,12,12.7333333333333,0
19,-0.8,-3.12,Single,1st phase,Design and Multimedia,Daytime,Secondary education,Portuguese,Specialized course,Basic education or less,Intermediate Level Technicians and Professions,Intermediate Level Technicians and Professions,Male,Yes,Yes,No,No,No,No,0,12,15,4,7.5,1
41,3.7,-1.7,Single,Over 23 years old,Equiniculture,Daytime,Secondary education,Santomean,Secondary Education,Secondary Education,Other,Other,Male,Yes,No,No,Yes,No,No,0,10,10,0,0.0,1
27,2.6,0.32,Single,Change in institution/course,Nursing,Daytime,Basic education 3rd cycle (9th/10th/11th year) or equivalent,Brazilian,Some High School,Unknown,Other,Other,Male,Yes,No,Yes,No,No,No,0,14,14,0,0.0,1
19,-0.3,0.79,Single,2nd phase,Nursing,Daytime,Secondary education,Angolan,Secondary Education,Secondary Education,Administrative staff,Armed Forces Professions,Female,No,No,Yes,No,No,No,0,15,15,14,13.618095238095234,1
20,-0.8,-3.12,Single,3rd phase,Nursing,Daytime,Secondary education,Cape Verdean,Secondary Education,Secondary Education,Administrative staff,Intermediate Level Technicians and Professions,Female,Yes,No,Yes,No,Yes,Yes,0,16,16,16,14.2,0
19,2.6,0.32,Single,Change in institution/course,Nursing,Daytime,Other,Brazilian,Specialized course,Basic education or less,"Personal Services, Security and Safety Workers, and Sellers",Unskilled Workers,Female,Yes,No,Yes,No,Yes,No,0,14,14,12,13.55,0
35,2.8,-4.06,Married,Over 23 years old,Management,Evening,Secondary education,Santomean,Specialized course,Basic education or less,Unskilled Workers,Unskilled Workers,Female,No,No,Yes,No,No,No,0,10,11,10,11.363636363636381,0
22,-0.3,0.79,Single,2nd phase,Journalism and Communication,Daytime,Secondary education,Angolan,Specialized course,Some High School,"Skilled Workers in Industry, Construction, and Craftsmen",Intermediate Level Technicians and Professions,Female,Yes,No,Yes,No,No,No,0,12,14,12,14.428571428571448,0
20,0.6,2.02,Single,1st phase,Tourism,Daytime,Secondary education,Portuguese,Secondary Education,Basic education or less,"Personal Services, Security and Safety Workers, and Sellers","Skilled Workers in Industry, Construction, and Craftsmen",Female,Yes,No,Yes,No,Yes,No,0,12,12,12,14.41666666666665,0
18,1.4,1.74,Single,1st phase,Advertising and Marketing Management,Daytime,Secondary education,Portuguese,Specialized course,Basic education or less,Unskilled Workers,Unskilled Workers,Female,Yes,No,No,Yes,No,No,0,12,16,8,11.029017857142883,1
18,0.5,1.79,Single,1st phase,Social Service,Daytime,Secondary education,Portuguese,Specialized course,Basic education or less,Unskilled Workers,Unskilled Workers,Female,Yes,No,Yes,No,Yes,No,0,12,16,9,10.790624999999999,0
30,1.4,1.74,Single,Holders of other higher courses,Nursing,Daytime,Higher education,Italian,Secondary Education,Basic education or less,Unskilled Workers,"Personal Services, Security and Safety Workers, and Sellers",Female,No,No,Yes,No,No,No,0,16,16,14,15.6757142857143,0
18,0.6,2.02,Single,3rd phase,Social Service,Daytime,Secondary education,Cape Verdean,Specialized course,Basic education or less,Unskilled Workers,"Skilled Workers in Industry, Construction, and Craftsmen",Female,No,No,Yes,Yes,Yes,No,0,12,17,12,11.382352941176453,0
19,2.6,0.32,Single,2nd phase,Veterinary Nursing,Daytime,Secondary education,Angolan,Specialized course,Basic education or less,"Personal Services, Security and Safety Workers, and Sellers",Intermediate Level Technicians and Professions,Female,No,No,Yes,No,No,No,0,10,14,10,13.166666666666648,0
21,2.8,-4.06,Single,1st phase,Oral Hygiene,Daytime,Secondary education,Portuguese,Secondary Education,Basic education or less,Intermediate Level Technicians and Professions,Installation and Machine Operators and Assembly Workers,Female,Yes,No,Yes,No,Yes,No,0,15,15,15,13.246666666666647,0
18,3.7,-1.7,Single,1st phase,Management,Daytime,Secondary education,Portuguese,Secondary Education,Secondary Education,"Personal Services, Security and Safety Workers, and Sellers","Skilled Workers in Industry, Construction, and Craftsmen",Female,Yes,No,Yes,No,Yes,No,0,10,18,8,13.569444444444445,0
35,-0.8,-3.12,Other,Over 23 years old,Veterinary Nursing,Daytime,Secondary education,Santomean,Specialized course,Basic education or less,Other,Other,Female,No,No,No,No,No,No,0,10,25,3,11.34,1
18,2.6,0.32,Single,1st phase,Nursing,Daytime,Secondary education,Portuguese,Specialized course,Basic education or less,Unskilled Workers,"Skilled Workers in Industry, Construction, and Craftsmen",Male,Yes,No,Yes,No,Yes,No,0,14,14,12,13.1833333333333,0
20,2.8,-4.06,Single,2nd phase,Nursing,Daytime,Secondary education,Angolan,Specialized course,Secondary Education,Unskilled Workers,"Farmers and Skilled Workers in Agriculture, Fisheries, and Forestry",Male,Yes,No,Yes,No,Yes,No,0,15,16,15,12.311875,0
34,-0.8,-3.12,Married,Over 23 years old,Tourism,Daytime,Secondary education,Santomean,Specialized course,Basic education or less,Administrative staff,"Skilled Workers in Industry, Construction, and Craftsmen",Female,Yes,No,Yes,No,No,No,0,12,15,10,12.613333333333333,0
22,2.6,0.32,Single,1st phase,Nursing,Daytime,Secondary education,Portuguese,Specialized course,Basic education or less,Unskilled Workers,Unskilled Workers,Female,Yes,No,Yes,No,Yes,No,0,14,14,12,13.9,0
39,-0.8,-3.12,Married,Over 23 years old,Management,Daytime,Secondary education,Santomean,Specialized course,Basic education or less,Administrative staff,"Skilled Workers in Industry, Construction, and Craftsmen",Female,Yes,No,No,No,No,No,0,10,27,6,10.6666666666667,1
19,0.6,2.02,Single,3rd phase,Nursing,Daytime,Secondary education,Cape Verdean,Specialized course,Basic education or less,Unskilled Workers,"Personal Services, Security and Safety Workers, and Sellers",Female,Yes,No,No,No,No,No,0,15,14,0,0.0,1
36,1.4,1.74,Other,Over 23 years old,Tourism,Daytime,Secondary education,Santomean,Specialized course,Basic education or less,Unskilled Workers,Installation and Machine Operators and Assembly Workers,Female,No,No,Yes,No,Yes,No,0,12,24,9,11.194444444444423,0
21,3.7,-1.7,Single,1st phase,Nursing,Daytime,Secondary education,Portuguese,Specialized course,Basic education or less,Unskilled Workers,Unskilled Workers,Female,Yes,No,Yes,No,Yes,No,0,16,16,14,13.9571428571429,0
42,0.6,2.02,Married,Over 23 years old,Social Service,Daytime,Secondary education,Santomean,Specialized course,Basic education or less,Unskilled Workers,"Skilled Workers in Industry, Construction, and Craftsmen",Female,No,No,Yes,Yes,Yes,No,0,12,15,12,14.244444444444435,0
34,1.4,1.74,Single,Over 23 years old,Informatics Engineering,Daytime,Secondary education,Santomean,Specialized course,Basic education or less,Other,Other,Female,Yes,No,Yes,No,No,No,0,10,11,0,0.0,1
33,-0.3,0.79,Married,Specialized diploma,Social Service,Evening,Specialized course,Romanian,Specialized course,Basic education or less,Unskilled Workers,Armed Forces Professions,Female,No,No,Yes,No,No,No,5,12,14,12,15.607142857142849,0
20,-0.3,0.79,Single,1st phase,Tourism,Daytime,Secondary education,Portuguese,Secondary Education,Basic education or less,Unskilled Workers,"Farmers and Skilled Workers in Agriculture, Fisheries, and Forestry",Female,Yes,No,Yes,No,No,No,0,12,17,10,11.211764705882354,0
19,2.6,0.32,Single,1st phase,Advertising and Marketing Management,Daytime,Secondary education,Portuguese,Some High School,Basic education or less,Other,"Personal Services, Security and Safety Workers, and Sellers",Female,Yes,No,Yes,Yes,No,No,0,10,15,8,12.483333333333333,0
34,0.3,-0.92,Married,Change in institution/course,Management,Evening,Higher education,Brazilian,Specialized course,Basic education or less,Unskilled Workers,Administrative staff,Female,No,No,Yes,Yes,No,No,7,19,43,13,12.209302325581385,1
18,2.6,0.32,Single,1st phase,Management,Daytime,Secondary education,Portuguese,Specialized course,Basic education or less,Unskilled Workers,"Farmers and Skilled Workers in Agriculture, Fisheries, and Forestry",Female,Yes,No,Yes,No,No,No,0,10,11,10,13.454545454545455,0
24,1.4,1.74,Single,2nd phase,Social Service,Evening,Secondary education,Angolan,Specialized course,Basic education or less,Other,"Farmers and Skilled Workers in Agriculture, Fisheries, and Forestry",Female,No,No,Yes,No,Yes,No,0,12,18,10,12.38888888888889,0
18,2.6,0.32,Single,1st phase,Other,Daytime,Secondary education,Portuguese,Specialized course,Some High School,Unskilled Workers,"Skilled Workers in Industry, Construction, and Craftsmen",Female,Yes,No,Yes,No,No,No,0,12,13,12,12.794871794871764,0
21,1.4,1.74,Single,2nd phase,Nursing,Daytime,Secondary education,Angolan,Secondary Education,Secondary Education,Administrative staff,Intermediate Level Technicians and Professions,Female,Yes,No,Yes,No,No,No,0,16,16,14,12.91,0
19,-0.8,-3.12,Single,1st phase,Social Service,Daytime,Secondary education,Portuguese,Specialized course,Secondary Education,Unskilled Workers,"Personal Services, Security and Safety Workers, and Sellers",Female,Yes,No,Yes,No,Yes,No,0,12,21,9,11.0,0
19,2.8,-4.06,Single,2nd phase,Nursing,Daytime,Secondary education,Angolan,Specialized course,Basic education or less,"Personal Services, Security and Safety Workers, and Sellers","Skilled Workers in Industry, Construction, and Craftsmen",Female,No,No,Yes,No,Yes,No,0,15,16,14,13.258125,0
18,0.5,1.79,Single,1st phase,Social Service,Daytime,Secondary education,Portuguese,Specialized course,Basic education or less,"Personal Services, Security and Safety Workers, and Sellers","Personal Services, Security and Safety Workers, and Sellers",Female,Yes,No,Yes,No,Yes,No,0,12,18,10,12.444444444444445,0
38,-0.3,0.79,Other,Over 23 years old,Social Service,Evening,Secondary education,Santomean,Specialized course,Basic education or less,"Personal Services, Security and Safety Workers, and Sellers","Personal Services, Security and Safety Workers, and Sellers",Female,No,No,Yes,No,Yes,No,6,16,22,15,12.934343434343441,0
19,-0.8,-3.12,Single,2nd phase,Nursing,Daytime,Secondary education,Angolan,Specialized course,Secondary Education,Administrative staff,Intermediate Level Technicians and Professions,Female,Yes,No,Yes,No,No,No,0,16,16,16,14.34125,0
18,-0.3,0.79,Single,1st phase,Journalism and Communication,Daytime,Secondary education,Portuguese,Specialized course,Basic education or less,"Personal Services, Security and Safety Workers, and Sellers",Intermediate Level Technicians and Professions,Female,Yes,No,No,Yes,No,No,0,12,14,11,13.224489795918343,1
18,3.7,-1.7,Single,1st phase,Journalism and Communication,Daytime,Secondary education,Portuguese,Secondary Education,Secondary Education,"Personal Services, Security and Safety Workers, and Sellers",Unskilled Workers,Female,No,No,Yes,No,Yes,Yes,0,12,12,12,13.75,0
18,-0.3,0.79,Single,1st phase,Equiniculture,Daytime,Secondary education,Portuguese,Higher education,Secondary Education,Administrative staff,Unskilled Workers,Female,Yes,No,Yes,No,No,No,0,12,17,12,13.63025210084036,0
26,0.6,2.02,Single,Holders of other higher courses,Management,Evening,Higher education,Italian,Specialized course,Basic education or less,"Skilled Workers in Industry, Construction, and Craftsmen",Intermediate Level Technicians and Professions,Female,No,No,Yes,No,No,No,10,20,25,18,13.018666666666684,0
19,3.7,-1.7,Single,3rd phase,Advertising and Marketing Management,Daytime,Secondary education,Cape Verdean,Specialized course,Basic education or less,Unskilled Workers,Unskilled Workers,Female,Yes,No,Yes,No,Yes,No,0,12,16,0,0.0,1
20,-0.8,-3.12,Single,1st phase,Equiniculture,Daytime,Secondary education,Portuguese,Specialized course,Basic education or less,Unskilled Workers,Unskilled Workers,Female,Yes,No,Yes,Yes,No,No,0,10,19,6,11.526315789473685,1
19,0.6,2.02,Single,1st phase,Nursing,Daytime,Secondary education,Portuguese,Specialized course,Secondary Education,"Personal Services, Security and Safety Workers, and Sellers","Personal Services, Security and Safety Workers, and Sellers",Female,Yes,No,Yes,No,No,No,0,15,16,15,14.725625,0
20,0.5,1.79,Single,1st phase,Nursing,Daytime,Secondary education,Portuguese,Higher education,Secondary Education,"Personal Services, Security and Safety Workers, and Sellers",Armed Forces Professions,Female,Yes,No,Yes,No,No,No,0,15,15,15,14.683333333333353,0
29,0.6,2.02,Single,Over 23 years old,Other,Daytime,Basic education 3rd cycle (9th/10th/11th year) or equivalent,Santomean,Specialized course,Higher education,Unskilled Workers,Administrative staff,Female,Yes,No,Yes,No,No,No,0,13,20,0,0.0,1
19,3.7,-1.7,Single,2nd phase,Social Service,Daytime,Secondary education,Angolan,Higher education,Higher education,Specialists in Intellectual and Scientific Activities,Other,Female,Yes,No,Yes,No,No,No,0,12,22,10,11.454545454545455,0
24,-0.3,0.79,Married,Over 23 years old,Management,Daytime,Secondary education,Santomean,Secondary Education,Secondary Education,Administrative staff,Installation and Machine Operators and Assembly Workers,Female,No,No,No,Yes,No,No,0,10,0,0,0.0,1
27,1.4,3.51,Married,Over 23 years old,Agronomy,Daytime,Secondary education,Santomean,Secondary Education,Secondary Education,Administrative staff,Installation and Machine Operators and Assembly Workers,Female,No,No,No,Yes,No,No,0,12,13,0,0.0,1
18,-0.3,0.79,Single,2nd phase,Journalism and Communication,Daytime,Secondary education,Angolan,Specialized course,Basic education or less,Unskilled Workers,Installation and Machine Operators and Assembly Workers,Female,Yes,No,Yes,No,Yes,No,0,12,14,12,14.0714285714286,0
21,3.7,-1.7,Single,2nd phase,Oral Hygiene,Daytime,Secondary education,Angolan,Specialized course,Basic education or less,Intermediate Level Technicians and Professions,"Skilled Workers in Industry, Construction, and Craftsmen",Female,Yes,No,Yes,No,No,No,0,14,0,0,0.0,1
43,0.5,1.79,Married,Over 23 years old,Advertising and Marketing Management,Daytime,Secondary education,Santomean,Specialized course,Basic education or less,Unskilled Workers,Administrative staff,Female,No,No,Yes,No,Yes,No,0,12,17,10,12.058823529411764,0
18,0.3,-0.92,Single,Change in institution/course,Management,Daytime,Secondary education,Brazilian,Secondary Education,Basic education or less,Unskilled Workers,Armed Forces Professions,Female,No,No,Yes,No,Yes,No,0,10,22,10,13.909090909090908,0
21,1.4,3.51,Single,3rd phase,Veterinary Nursing,Daytime,Secondary education,Cape Verdean,Specialized course,Basic education or less,Unskilled Workers,Unskilled Workers,Female,Yes,No,Yes,No,Yes,No,0,12,13,9,14.34615384615383,1
26,-0.8,-3.12,Single,Holders of other higher courses,Management,Daytime,Higher education,Italian,Higher education,Some High School,Other,"Skilled Workers in Industry, Construction, and Craftsmen",Female,No,No,Yes,No,No,No,0,10,5,0,0.0,1
19,3.7,-1.7,Single,1st phase,Nursing,Daytime,Secondary education,Portuguese,Secondary Education,Basic education or less,Unskilled Workers,Administrative staff,Female,Yes,No,Yes,No,Yes,No,0,16,16,14,14.2142857142857,0
18,2.6,0.32,Single,1st phase,Veterinary Nursing,Daytime,Secondary education,Portuguese,Specialized course,Basic education or less,Other,Other,Female,No,No,Yes,No,No,No,0,10,10,10,12.7,0
22,-0.8,-3.12,Single,1st phase,Journalism and Communication,Daytime,Secondary education,Portuguese,Higher education,Higher education,Specialists in Intellectual and Scientific Activities,Other,Female,Yes,No,Yes,No,No,No,0,12,27,3,10.962962962962964,1
27,0.6,2.02,Single,Over 23 years old,Nursing,Daytime,Basic education 3rd cycle (9th/10th/11th year) or equivalent,Santomean,Secondary Education,Basic education or less,Administrative staff,Armed Forces Professions,Female,Yes,No,Yes,No,No,No,0,15,0,0,0.0,1
18,-0.8,-3.12,Single,1st phase,Management,Daytime,Secondary education,Portuguese,Specialized course,Basic education or less,Unskilled Workers,Armed Forces Professions,Female,Yes,No,Yes,No,No,No,0,10,12,10,12.700000000000001,0
19,-0.8,-3.12,Single,2nd phase,Veterinary Nursing,Daytime,Secondary education,Angolan,Specialized course,Basic education or less,"Skilled Workers in Industry, Construction, and Craftsmen",Unskilled Workers,Female,No,No,Yes,No,No,No,0,10,20,8,12.969999999999999,0
18,-0.3,0.79,Single,2nd phase,Nursing,Daytime,Secondary education,Angolan,Specialized course,Basic education or less,Intermediate Level Technicians and Professions,Armed Forces Professions,Female,Yes,No,Yes,No,No,No,0,15,15,15,14.920000000000012,0
19,0.6,2.02,Single,1st phase,Veterinary Nursing,Daytime,Secondary education,Portuguese,Specialized course,Basic education or less,Administrative staff,Administrative staff,Female,No,No,Yes,No,Yes,No,0,12,17,12,14.924369747899181,0
32,0.6,2.02,Single,Over 23 years old,Veterinary Nursing,Daytime,Secondary education,Santomean,Specialized course,Basic education or less,Unskilled Workers,Unskilled Workers,Female,No,No,No,No,No,No,0,12,0,0,0.0,1
23,2.8,-4.06,Single,Change in institution/course,Nursing,Daytime,Secondary education,Other,Specialized course,Secondary Education,Unskilled Workers,Administrative staff,Female,Yes,No,Yes,No,No,No,34,43,44,43,15.056818181818192,0
20,2.6,0.32,Single,2nd phase,Nursing,Daytime,Secondary education,Angolan,Specialized course,Basic education or less,Administrative staff,Intermediate Level Technicians and Professions,Female,Yes,No,Yes,No,No,No,0,14,14,12,13.3833333333333,0
20,1.4,3.51,Single,1st phase,Design and Multimedia,Daytime,Secondary education,Portuguese,Specialized course,Basic education or less,"Personal Services, Security and Safety Workers, and Sellers","Personal Services, Security and Safety Workers, and Sellers",Female,Yes,No,Yes,Yes,No,No,10,23,28,22,13.159090909090915,0
19,0.3,-0.92,Single,2nd phase,Social Service,Daytime,Secondary education,Angolan,Specialized course,Basic education or less,Administrative staff,"Personal Services, Security and Safety Workers, and Sellers",Female,Yes,No,No,Yes,No,No,0,12,23,7,11.122153209109742,1
18,-0.8,-3.12,Single,1st phase,Nursing,Daytime,Secondary education,Portuguese,Specialized course,Basic education or less,"Personal Services, Security and Safety Workers, and Sellers","Personal Services, Security and Safety Workers, and Sellers",Female,Yes,No,Yes,No,Yes,No,0,16,16,16,13.01125,0
21,2.8,-4.06,Single,Specialized diploma,Agronomy,Daytime,Specialized course,Romanian,Specialized course,Basic education or less,Unskilled Workers,Administrative staff,Female,No,No,Yes,No,No,No,0,12,24,7,11.33333333333335,1
22,0.5,1.79,Single,Specialized diploma,Veterinary Nursing,Daytime,Specialized course,Romanian,Higher education,Basic education or less,Specialists in Intellectual and Scientific Activities,Administrative staff,Female,Yes,No,Yes,No,No,No,2,12,27,9,12.777777777777798,0
26,3.7,-1.7,Single,Specialized diploma,Management,Evening,Specialized course,Romanian,Specialized course,Basic education or less,Unskilled Workers,Unskilled Workers,Female,No,No,Yes,No,No,No,0,10,12,10,11.65,0
20,3.7,-1.7,Single,1st phase,Design and Multimedia,Daytime,Secondary education,Portuguese,Specialized course,Basic education or less,Intermediate Level Technicians and Professions,Intermediate Level Technicians and Professions,Female,Yes,No,Yes,No,No,No,0,12,13,11,13.04615384615386,0
19,0.3,-0.92,Single,1st phase,Nursing,Daytime,Secondary education,Portuguese,Specialized course,Basic education or less,"Personal Services, Security and Safety Workers, and Sellers",Intermediate Level Technicians and Professions,Female,Yes,No,Yes,No,No,No,0,15,20,13,12.75,0
31,2.6,0.32,Single,Over 23 years old,Management,Evening,Secondary education,Santomean,Specialized course,Basic education or less,Unskilled Workers,Unskilled Workers,Female,No,No,Yes,No,No,No,0,10,14,9,11.085714285714285,0
20,2.8,-4.06,Single,Change in institution/course,Nursing,Daytime,Secondary education,Brazilian,Secondary Education,Basic education or less,Unskilled Workers,"Skilled Workers in Industry, Construction, and Craftsmen",Female,Yes,No,Yes,Yes,Yes,No,0,15,19,15,12.016315789473696,0
20,1.4,1.74,Single,Change in institution/course,Veterinary Nursing,Daytime,Secondary education,Brazilian,Specialized course,Basic education or less,"Skilled Workers in Industry, Construction, and Craftsmen","Skilled Workers in Industry, Construction, and Craftsmen",Female,Yes,No,Yes,No,No,No,0,10,19,9,12.751879699248105,0
21,0.3,-0.92,Single,2nd phase,Nursing,Daytime,Secondary education,Angolan,Specialized course,Basic education or less,"Personal Services, Security and Safety Workers, and Sellers","Personal Services, Security and Safety Workers, and Sellers",Female,Yes,No,Yes,No,No,No,0,15,16,15,14.474999999999982,0
18,0.5,1.79,Single,1st phase,Nursing,Daytime,Secondary education,Portuguese,Specialized course,Basic education or less,Unskilled Workers,"Skilled Workers in Industry, Construction, and Craftsmen",Female,Yes,No,Yes,No,No,No,0,15,15,15,13.157333333333334,0
19,2.6,0.32,Single,2nd phase,Nursing,Daytime,Secondary education,Angolan,Specialized course,Secondary Education,Unskilled Workers,Administrative staff,Female,Yes,No,Yes,No,Yes,No,0,14,14,12,13.8,0
18,-0.3,0.79,Single,1st phase,Other,Daytime,Secondary education,Portuguese,Specialized course,Basic education or less,Intermediate Level Technicians and Professions,"Skilled Workers in Industry, Construction, and Craftsmen",Female,Yes,No,Yes,No,Yes,No,0,14,14,14,15.0,0
18,-0.3,0.79,Single,2nd phase,Social Service,Daytime,Secondary education,Angolan,Secondary Education,Basic education or less,Administrative staff,"Skilled Workers in Industry, Construction, and Craftsmen",Female,No,No,Yes,No,Yes,No,0,12,13,12,12.692307692307653,0
18,1.4,3.51,Single,1st phase,Veterinary Nursing,Daytime,Secondary education,Portuguese,Basic education or less,Higher education,Specialists in Intellectual and Scientific Activities,Other,Female,Yes,No,Yes,No,No,No,0,12,13,12,15.282051282051283,0
19,2.8,-4.06,Single,2nd phase,Nursing,Daytime,Secondary education,Angolan,Secondary Education,Basic education or less,Administrative staff,Intermediate Level Technicians and Professions,Female,Yes,No,Yes,No,No,No,0,15,27,12,12.32716049382718,0
19,0.5,1.79,Single,2nd phase,Social Service,Daytime,Secondary education,Angolan,Specialized course,Basic education or less,Unskilled Workers,"Skilled Workers in Industry, Construction, and Craftsmen",Female,No,No,Yes,No,Yes,No,0,12,13,12,12.987179487179485,0
28,1.4,3.51,Single,Over 23 years old,Agronomy,Daytime,Secondary education,Santomean,Specialized course,Basic education or less,Unskilled Workers,"Farmers and Skilled Workers in Agriculture, Fisheries, and Forestry",Female,No,No,No,Yes,No,No,0,12,13,0,0.0,1
20,2.6,0.32,Single,2nd phase,Design and Multimedia,Daytime,Secondary education,Angolan,Specialized course,Basic education or less,Unskilled Workers,Installation and Machine Operators and Assembly Workers,Female,Yes,No,Yes,No,No,No,0,12,12,12,12.58333333333335,0
18,-0.8,-3.12,Single,1st phase,Journalism and Communication,Daytime,Secondary education,Portuguese,Specialized course,Basic education or less,Unskilled Workers,Unskilled Workers,Female,Yes,No,Yes,No,No,No,0,12,23,9,11.934782608695652,0
18,2.6,0.32,Single,1st phase,Nursing,Daytime,Secondary education,Portuguese,Secondary Education,Secondary Education,Administrative staff,Intermediate Level Technicians and Professions,Female,Yes,No,Yes,No,No,No,0,14,14,12,15.25,0
20,-0.8,-3.12,Single,1st phase,Veterinary Nursing,Daytime,Secondary education,Portuguese,Specialized course,Basic education or less,Unskilled Workers,Unskilled Workers,Female,Yes,No,Yes,No,Yes,No,0,10,23,8,13.130434782608695,0
28,0.3,-0.92,Single,Change in institution/course,Social Service,Daytime,Secondary education,Brazilian,Specialized course,Basic education or less,Unskilled Workers,Administrative staff,Female,No,No,Yes,Yes,No,No,28,29,29,24,12.083192669399581,0
23,1.4,3.51,Single,Other,Other,Daytime,Secondary education,Other,Basic education or less,Secondary Education,Other,Other,Female,No,No,Yes,No,No,Yes,17,26,29,25,14.734195402298855,0
19,0.3,-0.92,Single,1st phase,Other,Daytime,Secondary education,Portuguese,Specialized course,Basic education or less,"Personal Services, Security and Safety Workers, and Sellers","Personal Services, Security and Safety Workers, and Sellers",Female,Yes,No,Yes,No,No,No,0,14,17,6,10.5,1
18,1.4,3.51,Single,2nd phase,Social Service,Daytime,Secondary education,Angolan,Specialized course,Basic education or less,Other,Other,Female,Yes,No,Yes,No,Yes,No,0,12,14,12,12.547619047619042,0
20,1.4,1.74,Single,1st phase,Journalism and Communication,Daytime,Secondary education,Portuguese,Specialized course,Basic education or less,Unskilled Workers,Unskilled Workers,Female,No,No,No,Yes,Yes,Yes,0,12,13,11,12.123076923076924,0
20,0.6,2.02,Single,1st phase,Design and Multimedia,Daytime,Secondary education,Portuguese,Higher education,Secondary Education,Specialists in Intellectual and Scientific Activities,Administrative staff,Female,Yes,No,Yes,No,No,No,8,23,31,21,12.129032258064516,0
27,2.6,0.32,Married,Over 23 years old,Management,Evening,Secondary education,Santomean,Specialized course,Basic education or less,Unskilled Workers,Unskilled Workers,Female,No,No,Yes,No,No,No,0,10,10,2,5.25,1
18,3.7,-1.7,Single,1st phase,Other,Daytime,Secondary education,Portuguese,Secondary Education,Secondary Education,Unskilled Workers,Unskilled Workers,Female,Yes,No,Yes,No,No,No,0,12,24,5,12.0,1
37,1.4,1.74,Other,Over 23 years old,Oral Hygiene,Daytime,Basic education 3rd cycle (9th/10th/11th year) or equivalent,Santomean,Specialized course,Basic education or less,Administrative staff,"Farmers and Skilled Workers in Agriculture, Fisheries, and Forestry",Female,No,No,Yes,No,Yes,No,0,15,21,15,11.674149659863954,0
42,0.5,1.79,Other,Holders of other higher courses,Nursing,Daytime,Higher education,Italian,Specialized course,Basic education or less,Administrative staff,"Farmers and Skilled Workers in Agriculture, Fisheries, and Forestry",Female,No,No,No,No,No,No,5,14,21,8,13.430158730158748,1
20,-0.3,0.79,Single,2nd phase,Nursing,Daytime,Secondary education,Angolan,Secondary Education,Basic education or less,Administrative staff,Installation and Machine Operators and Assembly Workers,Female,Yes,No,Yes,No,No,No,0,15,17,14,13.570588235294117,1
34,2.8,-4.06,Married,Over 23 years old,Informatics Engineering,Daytime,Secondary education,Santomean,Some High School,Unknown,Unskilled Workers,Unskilled Workers,Male,No,No,No,No,No,No,0,10,10,0,0.0,1
22,1.4,1.74,Single,Change in institution/course,Informatics Engineering,Daytime,Secondary education,Other,Higher education,Higher education,Intermediate Level Technicians and Professions,Other,Male,Yes,No,Yes,No,No,No,0,10,0,0,0.0,1
39,0.5,1.79,Married,Over 23 years old,Tourism,Daytime,Basic education 3rd cycle (9th/10th/11th year) or equivalent,Santomean,Specialized course,Basic education or less,Unskilled Workers,"Personal Services, Security and Safety Workers, and Sellers",Male,No,No,Yes,No,No,No,0,12,12,12,13.41666666666665,0
18,2.6,0.32,Single,1st phase,Nursing,Daytime,Secondary education,Portuguese,Specialized course,Basic education or less,Unskilled Workers,Unskilled Workers,Male,Yes,No,Yes,No,Yes,No,0,14,14,12,13.5166666666667,0
21,1.4,3.51,Single,1st phase,Design and Multimedia,Daytime,Secondary education,Portuguese,Specialized course,Basic education or less,Unskilled Workers,Unskilled Workers,Male,Yes,No,Yes,No,Yes,No,0,12,14,12,13.234693877551043,0
34,1.4,1.74,Married,Over 23 years old,Veterinary Nursing,Daytime,Secondary education,Santomean,Specialized course,Basic education or less,Other,Armed Forces Professions,Male,No,No,Yes,No,No,No,0,12,0,0,0.0,1
22,0.3,-0.92,Single,Specialized diploma,Agronomy,Daytime,Specialized course,Romanian,Specialized course,Basic education or less,Unskilled Workers,Unskilled Workers,Male,No,No,Yes,No,Yes,No,0,12,18,12,13.055555555555555,0
31,0.3,-0.92,Single,Over 23 years old,Agronomy,Daytime,Secondary education,Santomean,Secondary Education,Basic education or less,Administrative staff,"Skilled Workers in Industry, Construction, and Craftsmen",Male,No,No,Yes,No,No,No,0,12,35,3,6.171428571428572,1
19,1.4,1.74,Single,3rd phase,Other,Daytime,Secondary education,Cape Verdean,Specialized course,Basic education or less,"Personal Services, Security and Safety Workers, and Sellers",Unskilled Workers,Male,Yes,No,No,No,No,No,0,12,22,4,5.454545454545454,1
19,1.4,1.74,Single,2nd phase,Tourism,Daytime,Secondary education,Angolan,Specialized course,Secondary Education,"Personal Services, Security and Safety Workers, and Sellers",Unskilled Workers,Male,No,No,Yes,No,No,No,0,10,15,0,0.0,1
31,2.8,-4.06,Single,Over 23 years old,Oral Hygiene,Daytime,Basic education 3rd cycle (9th/10th/11th year) or equivalent,Santomean,Specialized course,Basic education or less,Unskilled Workers,Armed Forces Professions,Male,No,No,Yes,No,No,No,0,14,14,0,0.0,1
30,-0.8,-3.12,Married,Over 23 years old,Advertising and Marketing Management,Daytime,Secondary education,Santomean,Specialized course,Basic education or less,Unskilled Workers,Unskilled Workers,Female,No,No,Yes,No,No,Yes,0,12,0,0,0.0,1
20,0.6,2.02,Single,Change in institution/course,Nursing,Daytime,Secondary education,Other,Specialized course,Basic education or less,Intermediate Level Technicians and Professions,Intermediate Level Technicians and Professions,Female,Yes,No,Yes,No,Yes,No,2,15,16,15,15.78875,0
18,0.5,1.79,Single,2nd phase,Nursing,Daytime,Secondary education,Angolan,Specialized course,Basic education or less,"Skilled Workers in Industry, Construction, and Craftsmen","Skilled Workers in Industry, Construction, and Craftsmen",Female,Yes,No,Yes,No,Yes,No,0,15,16,15,14.816874999999989,0
31,1.4,1.74,Other,Over 23 years old,Management,Evening,Secondary education,Santomean,Specialized course,Basic education or less,"Personal Services, Security and Safety Workers, and Sellers","Personal Services, Security and Safety Workers, and Sellers",Female,No,No,Yes,No,No,No,0,10,13,6,11.102564102564084,1
19,2.6,0.32,Single,2nd phase,Tourism,Daytime,Secondary education,Angolan,Specialized course,Secondary Education,Unskilled Workers,Administrative staff,Female,Yes,No,Yes,No,No,No,0,12,22,7,11.625,1
43,1.4,3.51,Other,Over 23 years old,Social Service,Evening,Secondary education,Santomean,Specialized course,Basic education or less,Unskilled Workers,"Skilled Workers in Industry, Construction, and Craftsmen",Female,No,No,Yes,No,Yes,No,0,11,11,0,0.0,1
20,-0.3,0.79,Single,2nd phase,Tourism,Daytime,Secondary education,Angolan,Specialized course,Basic education or less,Unskilled Workers,Installation and Machine Operators and Assembly Workers,Female,Yes,No,Yes,No,Yes,No,0,12,12,12,13.58333333333335,0
19,-0.8,-3.12,Single,1st phase,Nursing,Daytime,Secondary education,Portuguese,Secondary Education,Secondary Education,"Personal Services, Security and Safety Workers, and Sellers",Unskilled Workers,Female,Yes,No,Yes,No,Yes,No,0,16,16,16,13.9475,0
22,-0.8,-3.12,Single,1st phase,Advertising and Marketing Management,Daytime,Secondary education,Portuguese,Higher education,Secondary Education,Other,"Skilled Workers in Industry, Construction, and Craftsmen",Female,No,No,Yes,No,No,No,0,10,11,3,6.181818181818164,1
26,0.3,-0.92,Single,1st phase,Social Service,Evening,Secondary education,Portuguese,Higher education,Secondary Education,Other,"Skilled Workers in Industry, Construction, and Craftsmen",Female,No,No,Yes,No,No,No,4,15,18,14,12.56944444444445,0
19,1.4,1.74,Single,3rd phase,Management,Daytime,Secondary education,Cape Verdean,Specialized course,Basic education or less,"Personal Services, Security and Safety Workers, and Sellers",Installation and Machine Operators and Assembly Workers,Female,Yes,No,Yes,No,Yes,No,0,10,14,10,11.828571428571427,0
29,3.7,-1.7,Single,Holders of other higher courses,Nursing,Daytime,Higher education,Italian,Specialized course,Higher education,Administrative staff,Other,Female,Yes,No,Yes,No,No,No,0,16,16,12,12.25,1
41,2.8,-4.06,Single,Over 23 years old,Agronomy,Daytime,Secondary education,Santomean,Specialized course,Basic education or less,Unskilled Workers,"Personal Services, Security and Safety Workers, and Sellers",Female,No,No,Yes,No,No,No,11,24,39,21,12.322222222222207,0
19,3.7,-1.7,Single,1st phase,Nursing,Daytime,Secondary education,Portuguese,Specialized course,Basic education or less,Administrative staff,Unskilled Workers,Female,Yes,No,Yes,No,No,No,0,16,20,12,13.0666666666667,1
19,1.4,1.74,Single,1st phase,Design and Multimedia,Daytime,Secondary education,Portuguese,Secondary Education,Basic education or less,Administrative staff,"Personal Services, Security and Safety Workers, and Sellers",Female,No,No,Yes,Yes,No,No,0,12,14,12,13.857142857142843,0
43,0.3,-0.92,Other,Holders of other higher courses,Nursing,Daytime,Higher education,Italian,Higher education,Basic education or less,Specialists in Intellectual and Scientific Activities,Intermediate Level Technicians and Professions,Female,No,No,Yes,No,No,No,0,14,14,3,6.91666666666665,1
19,1.4,1.74,Single,2nd phase,Equiniculture,Daytime,Secondary education,Angolan,Specialized course,Basic education or less,Unskilled Workers,"Skilled Workers in Industry, Construction, and Craftsmen",Female,Yes,No,Yes,No,No,No,0,10,10,10,12.5,0
18,-0.8,-3.12,Single,1st phase,Nursing,Daytime,Secondary education,Portuguese,Higher education,Basic education or less,Intermediate Level Technicians and Professions,Unskilled Workers,Male,Yes,No,Yes,No,No,No,0,16,16,16,13.74625,0
38,-0.8,-3.12,Married,Over 23 years old,Social Service,Evening,Basic education 3rd cycle (9th/10th/11th year) or equivalent,Santomean,Some High School,Unknown,Other,Other,Male,No,No,Yes,No,No,No,0,12,0,0,0.0,1
37,0.3,-0.92,Married,Holders of other higher courses,Equiniculture,Daytime,Higher education,Italian,Specialized course,Basic education or less,Administrative staff,Installation and Machine Operators and Assembly Workers,Male,Yes,No,Yes,No,No,No,0,12,15,0,0.0,1
26,1.4,1.74,Single,Over 23 years old,Advertising and Marketing Management,Daytime,Secondary education,Santomean,Secondary Education,Basic education or less,Administrative staff,Armed Forces Professions,Female,Yes,No,Yes,No,Yes,No,0,12,16,11,14.062499999999988,0
18,1.4,3.51,Single,1st phase,Veterinary Nursing,Daytime,Secondary education,Portuguese,Secondary Education,Basic education or less,Unskilled Workers,Unskilled Workers,Female,Yes,No,Yes,No,Yes,No,0,12,15,12,15.463492063492087,0
18,0.3,-0.92,Single,1st phase,Other,Daytime,Secondary education,Portuguese,Higher education,Basic education or less,Specialists in Intellectual and Scientific Activities,Intermediate Level Technicians and Professions,Female,No,No,Yes,No,No,No,0,14,16,14,11.8571428571429,0
18,-0.8,-3.12,Single,1st phase,Veterinary Nursing,Daytime,Secondary education,Portuguese,Higher education,Secondary Education,Specialists in Intellectual and Scientific Activities,Administrative staff,Female,No,No,Yes,No,No,No,0,10,17,10,14.235294117647058,0
19,2.8,-4.06,Single,2nd phase,Social Service,Daytime,Secondary education,Angolan,Specialized course,Secondary Education,Unskilled Workers,Administrative staff,Female,No,No,Yes,No,No,No,0,12,13,12,13.000000000000009,0
18,0.6,2.02,Single,1st phase,Journalism and Communication,Daytime,Secondary education,Portuguese,Specialized course,Basic education or less,Unskilled Workers,Unskilled Workers,Female,Yes,No,Yes,No,No,No,0,12,14,11,12.257142857142856,0
19,1.4,3.51,Single,2nd phase,Social Service,Daytime,Secondary education,Angolan,Specialized course,Basic education or less,Other,Other,Female,No,No,Yes,Yes,Yes,No,0,12,13,12,12.846153846153861,0
19,0.3,-0.92,Single,1st phase,Nursing,Daytime,Secondary education,Portuguese,Specialized course,Basic education or less,"Skilled Workers in Industry, Construction, and Craftsmen",Installation and Machine Operators and Assembly Workers,Female,No,No,Yes,No,No,No,0,15,0,0,0.0,1
18,3.7,-1.7,Single,1st phase,Tourism,Daytime,Secondary education,Portuguese,Specialized course,Secondary Education,Unskilled Workers,Installation and Machine Operators and Assembly Workers,Female,Yes,No,Yes,No,Yes,No,0,12,17,10,12.941176470588251,0
18,3.7,-1.7,Married,1st phase,Nursing,Daytime,Secondary education,Portuguese,Secondary Education,Secondary Education,Unskilled Workers,Armed Forces Professions,Female,No,No,Yes,No,No,No,0,16,16,14,13.9,0
20,1.4,1.74,Single,1st phase,Nursing,Daytime,Secondary education,Portuguese,Specialized course,Basic education or less,Unskilled Workers,"Skilled Workers in Industry, Construction, and Craftsmen",Female,Yes,No,Yes,No,Yes,No,0,16,16,14,13.8171428571429,0
22,1.4,3.51,Single,Specialized diploma,Oral Hygiene,Daytime,Specialized course,Other,Secondary Education,Basic education or less,Administrative staff,"Personal Services, Security and Safety Workers, and Sellers",Female,No,No,Yes,No,Yes,No,3,15,20,13,13.09464285714285,0
18,2.6,0.32,Single,1st phase,Equiniculture,Daytime,Secondary education,Portuguese,Some High School,Secondary Education,Other,Other,Female,No,No,Yes,No,No,No,0,12,0,0,0.0,1
19,0.5,1.79,Single,2nd phase,Tourism,Daytime,Secondary education,Angolan,Specialized course,Basic education or less,"Skilled Workers in Industry, Construction, and Craftsmen","Skilled Workers in Industry, Construction, and Craftsmen",Female,Yes,No,Yes,No,Yes,No,0,12,12,12,12.1666666666667,0
20,2.6,0.32,Single,1st phase,Tourism,Daytime,Secondary education,Portuguese,Specialized course,Basic education or less,Unskilled Workers,Unskilled Workers,Female,Yes,No,No,No,Yes,No,0,12,24,7,11.29166666666665,1
20,1.4,3.51,Single,1st phase,Journalism and Communication,Daytime,Secondary education,Portuguese,Specialized course,Basic education or less,"Personal Services, Security and Safety Workers, and Sellers","Personal Services, Security and Safety Workers, and Sellers",Female,Yes,Yes,Yes,No,Yes,No,0,12,13,12,14.615384615384645,0
28,0.6,2.02,Single,Over 23 years old,Veterinary Nursing,Daytime,Secondary education,Santomean,Higher education,Basic education or less,Specialists in Intellectual and Scientific Activities,Unskilled Workers,Female,No,No,Yes,No,No,No,0,12,29,8,12.0,1
19,0.5,1.79,Single,1st phase,Veterinary Nursing,Daytime,Secondary education,Portuguese,Secondary Education,Secondary Education,Other,Other,Female,No,No,Yes,No,No,No,0,12,26,9,13.076923076923098,0
19,2.8,-4.06,Single,1st phase,Veterinary Nursing,Daytime,Secondary education,Portuguese,Secondary Education,Higher education,Unskilled Workers,Other,Female,Yes,No,Yes,No,No,No,1,12,23,12,14.398411371237433,0
18,-0.3,0.79,Single,1st phase,Journalism and Communication,Daytime,Secondary education,Portuguese,Specialized course,Basic education or less,"Personal Services, Security and Safety Workers, and Sellers","Personal Services, Security and Safety Workers, and Sellers",Female,Yes,No,No,No,No,No,0,12,0,0,0.0,1
18,1.4,3.51,Single,1st phase,Equiniculture,Daytime,Secondary education,Other,Higher education,Higher education,Specialists in Intellectual and Scientific Activities,Other,Female,Yes,No,Yes,No,No,No,0,12,12,12,14.91666666666665,0
22,3.7,-1.7,Single,Change in institution/course,Equiniculture,Daytime,Secondary education,Brazilian,Higher education,Secondary Education,Specialists in Intellectual and Scientific Activities,Intermediate Level Technicians and Professions,Female,Yes,No,Yes,No,No,No,0,10,20,9,12.716071428571436,0
20,1.4,3.51,Single,Specialized diploma,Veterinary Nursing,Daytime,Specialized course,Other,Secondary Education,Basic education or less,Administrative staff,"Skilled Workers in Industry, Construction, and Craftsmen",Female,No,No,Yes,No,No,No,11,20,22,20,15.63636363636366,0
24,0.3,-0.92,Single,Over 23 years old,Management,Evening,Secondary education,Santomean,Secondary Education,Basic education or less,Unskilled Workers,"Skilled Workers in Industry, Construction, and Craftsmen",Female,No,No,Yes,No,Yes,No,0,10,16,10,12.546875000000007,0
20,3.7,-1.7,Single,1st phase,Oral Hygiene,Daytime,Secondary education,Portuguese,Specialized course,Basic education or less,Unskilled Workers,Unskilled Workers,Female,Yes,No,Yes,No,Yes,No,0,15,20,15,11.92256944444445,0
35,1.4,1.74,Married,Holders of other higher courses,Social Service,Evening,Higher education,Italian,Specialized course,Secondary Education,Unskilled Workers,Unskilled Workers,Female,No,No,No,No,No,No,0,12,0,0,0.0,1
18,-0.8,-3.12,Single,1st phase,Advertising and Marketing Management,Daytime,Secondary education,Portuguese,Secondary Education,Secondary Education,"Personal Services, Security and Safety Workers, and Sellers","Skilled Workers in Industry, Construction, and Craftsmen",Female,No,No,Yes,No,Yes,No,0,10,11,10,12.163636363636364,0
19,-0.8,-3.12,Single,2nd phase,Social Service,Daytime,Secondary education,Angolan,Higher education,Higher education,Intermediate Level Technicians and Professions,Intermediate Level Technicians and Professions,Female,Yes,No,Yes,No,No,No,0,12,16,12,11.4479166666667,0
18,0.3,-0.92,Single,3rd phase,Nursing,Daytime,Secondary education,Cape Verdean,Higher education,Higher education,Intermediate Level Technicians and Professions,Intermediate Level Technicians and Professions,Female,No,No,Yes,No,No,No,0,15,16,15,14.362500000000018,0
18,2.6,0.32,Single,1st phase,Tourism,Daytime,Secondary education,Portuguese,Secondary Education,Basic education or less,Administrative staff,Unskilled Workers,Female,Yes,No,Yes,No,No,No,0,12,23,8,10.76086956521739,1
19,2.8,-4.06,Single,2nd phase,Social Service,Daytime,Secondary education,Angolan,Specialized course,Basic education or less,"Personal Services, Security and Safety Workers, and Sellers","Skilled Workers in Industry, Construction, and Craftsmen",Female,No,No,Yes,No,Yes,No,0,12,14,12,13.75,0
20,2.8,-4.06,Single,3rd phase,Nursing,Daytime,Secondary education,Cape Verdean,Specialized course,Basic education or less,Administrative staff,Unskilled Workers,Female,Yes,No,Yes,No,Yes,No,0,15,18,15,12.819444444444445,0
21,2.8,-4.06,Single,2nd phase,Veterinary Nursing,Daytime,Secondary education,Angolan,Specialized course,Basic education or less,"Personal Services, Security and Safety Workers, and Sellers","Skilled Workers in Industry, Construction, and Craftsmen",Female,No,No,Yes,No,No,No,0,12,0,0,0.0,1
18,3.7,-1.7,Single,1st phase,Nursing,Daytime,Secondary education,Portuguese,Specialized course,Basic education or less,Unskilled Workers,"Skilled Workers in Industry, Construction, and Craftsmen",Female,Yes,No,Yes,No,Yes,No,0,16,16,14,13.9714285714286,0
18,-0.8,-3.12,Single,1st phase,Design and Multimedia,Daytime,Secondary education,Portuguese,Some High School,Secondary Education,"Personal Services, Security and Safety Workers, and Sellers","Skilled Workers in Industry, Construction, and Craftsmen",Female,Yes,No,Yes,No,No,No,0,12,7,2,11.0,1
33,1.4,1.74,Married,Over 23 years old,Management,Evening,Secondary education,Santomean,Specialized course,Basic education or less,Administrative staff,Installation and Machine Operators and Assembly Workers,Female,No,No,Yes,No,No,No,0,10,11,10,14.181818181818164,0
28,0.3,-0.92,Single,Holders of other higher courses,Management,Evening,Higher education,Italian,Higher education,Basic education or less,Specialists in Intellectual and Scientific Activities,Intermediate Level Technicians and Professions,Female,No,No,Yes,No,No,No,0,10,14,10,13.4285714285714,0
29,3.7,-1.7,Married,Over 23 years old,Management,Daytime,Secondary education,Santomean,Secondary Education,Basic education or less,Unskilled Workers,Unskilled Workers,Female,No,No,No,No,No,No,0,9,4,0,0.0,1
36,0.5,1.79,Single,Specialized diploma,Equiniculture,Daytime,Specialized course,Romanian,Secondary Education,Basic education or less,Intermediate Level Technicians and Professions,Intermediate Level Technicians and Professions,Female,Yes,No,No,Yes,No,No,3,12,17,9,13.254901960784329,1
32,3.7,-1.7,Single,Over 23 years old,Social Service,Evening,Basic education 3rd cycle (9th/10th/11th year) or equivalent,Santomean,Specialized course,Basic education or less,Unskilled Workers,"Skilled Workers in Industry, Construction, and Craftsmen",Female,No,No,Yes,No,Yes,No,0,12,14,12,13.0,0
34,-0.8,-3.12,Married,Change in institution/course,Social Service,Evening,Other,Brazilian,Some High School,Unknown,Other,Other,Female,No,No,No,No,No,No,5,14,28,4,12.535714285714286,1
33,2.6,0.32,Married,Over 23 years old,Social Service,Evening,Secondary education,Santomean,Some High School,Unknown,Other,Other,Female,No,No,Yes,No,No,No,1,12,17,11,11.303921568627466,0
29,0.3,-0.92,Single,Change in institution/course,Management,Evening,Secondary education,Brazilian,Specialized course,Basic education or less,Unskilled Workers,Installation and Machine Operators and Assembly Workers,Female,No,No,No,Yes,No,No,0,10,27,5,12.96111111111111,1
18,0.5,1.79,Single,1st phase,Nursing,Daytime,Secondary education,Portuguese,Secondary Education,Secondary Education,Administrative staff,Armed Forces Professions,Female,No,No,Yes,No,No,No,0,15,23,6,4.218768115942039,1
18,2.8,-4.06,Single,1st phase,Journalism and Communication,Daytime,Secondary education,Portuguese,Specialized course,Basic education or less,"Skilled Workers in Industry, Construction, and Craftsmen","Skilled Workers in Industry, Construction, and Craftsmen",Female,No,No,Yes,No,Yes,No,0,12,13,12,12.153846153846144,0
38,0.3,-0.92,Married,Holders of other higher courses,Social Service,Daytime,Higher education,Italian,Specialized course,Basic education or less,Administrative staff,"Personal Services, Security and Safety Workers, and Sellers",Female,No,No,Yes,No,No,No,0,12,32,10,14.1015625,0
19,2.6,0.32,Single,1st phase,Nursing,Daytime,Secondary education,Portuguese,Specialized course,Basic education or less,Unskilled Workers,Installation and Machine Operators and Assembly Workers,Female,Yes,No,Yes,No,Yes,No,0,14,14,12,15.4333333333333,0
39,0.6,2.02,Other,Over 23 years old,Social Service,Evening,Basic education 3rd cycle (9th/10th/11th year) or equivalent,Santomean,Specialized course,Basic education or less,Unskilled Workers,Unskilled Workers,Female,No,No,Yes,No,Yes,No,0,12,12,12,14.66666666666665,0
37,3.7,-1.7,Single,Change in institution/course,Management,Evening,Higher education,Brazilian,Specialized course,Basic education or less,Unskilled Workers,Unskilled Workers,Female,No,No,Yes,No,No,No,18,26,36,23,11.63762626262626,0
32,0.3,-0.92,Single,2nd phase,Oral Hygiene,Daytime,Secondary education,Angolan,Specialized course,Basic education or less,"Personal Services, Security and Safety Workers, and Sellers","Personal Services, Security and Safety Workers, and Sellers",Female,Yes,No,Yes,No,No,No,0,15,15,0,0.0,1
18,1.4,1.74,Single,3rd phase,Social Service,Daytime,Secondary education,Cape Verdean,Specialized course,Unknown,Administrative staff,Other,Female,No,No,Yes,No,No,No,0,7,1,0,0.0,1
20,2.6,0.32,Single,1st phase,Design and Multimedia,Daytime,Secondary education,Portuguese,Specialized course,Basic education or less,Unskilled Workers,Unskilled Workers,Female,Yes,No,Yes,No,No,No,0,12,12,12,11.6666666666667,0
23,1.4,3.51,Single,2nd phase,Veterinary Nursing,Daytime,Secondary education,Angolan,Specialized course,Basic education or less,Unskilled Workers,Unskilled Workers,Female,Yes,No,Yes,No,Yes,No,0,12,14,12,13.387755102040813,0
18,-0.3,0.79,Single,1st phase,Social Service,Daytime,Secondary education,Portuguese,Specialized course,Basic education or less,Unskilled Workers,Armed Forces Professions,Female,No,No,Yes,No,No,No,0,12,15,12,13.895238095238101,0
19,1.4,1.74,Single,1st phase,Management,Daytime,Secondary education,Portuguese,Specialized course,Basic education or less,Unskilled Workers,Unskilled Workers,Male,Yes,No,Yes,No,No,No,0,10,15,10,11.896296296296267,0
20,0.5,1.79,Single,2nd phase,Journalism and Communication,Daytime,Secondary education,Angolan,Secondary Education,Basic education or less,"Personal Services, Security and Safety Workers, and Sellers","Skilled Workers in Industry, Construction, and Craftsmen",Female,Yes,No,Yes,No,No,No,0,12,20,9,12.4525,0
19,-0.8,-3.12,Single,1st phase,Nursing,Daytime,Secondary education,Portuguese,Specialized course,Basic education or less,Unskilled Workers,"Skilled Workers in Industry, Construction, and Craftsmen",Female,Yes,No,Yes,No,No,No,0,16,20,12,13.779999999999998,1
19,1.4,1.74,Single,2nd phase,Nursing,Daytime,Secondary education,Angolan,Specialized course,Basic education or less,Administrative staff,"Personal Services, Security and Safety Workers, and Sellers",Female,Yes,No,Yes,No,No,No,0,16,16,14,15.11,0
18,1.4,1.74,Single,1st phase,Social Service,Daytime,Secondary education,Portuguese,Secondary Education,Basic education or less,Administrative staff,"Personal Services, Security and Safety Workers, and Sellers",Female,No,No,Yes,No,No,No,0,12,18,9,11.088888888888889,0
20,1.4,1.74,Single,1st phase,Nursing,Daytime,Secondary education,Portuguese,Specialized course,Basic education or less,Unskilled Workers,"Personal Services, Security and Safety Workers, and Sellers",Female,Yes,No,Yes,No,Yes,No,0,16,16,14,15.7985714285714,0
20,0.5,1.79,Single,1st phase,Nursing,Daytime,Secondary education,Portuguese,Specialized course,Basic education or less,Unskilled Workers,Unskilled Workers,Female,Yes,No,Yes,No,No,No,0,15,15,15,14.748666666666672,0
24,1.4,1.74,Other,Over 23 years old,Nursing,Daytime,Secondary education,Santomean,Specialized course,Basic education or less,"Skilled Workers in Industry, Construction, and Craftsmen","Skilled Workers in Industry, Construction, and Craftsmen",Female,Yes,No,Yes,No,No,No,0,16,22,14,12.159999999999998,0
24,1.4,1.74,Other,Over 23 years old,Oral Hygiene,Daytime,Secondary education,Santomean,Specialized course,Basic education or less,"Skilled Workers in Industry, Construction, and Craftsmen","Skilled Workers in Industry, Construction, and Craftsmen",Female,Yes,No,Yes,No,No,No,0,14,0,0,0.0,1
20,0.5,1.79,Single,2nd phase,Journalism and Communication,Daytime,Secondary education,Angolan,Higher education,Secondary Education,Specialists in Intellectual and Scientific Activities,"Skilled Workers in Industry, Construction, and Craftsmen",Female,Yes,No,Yes,No,No,No,0,12,12,12,14.91666666666665,0
18,3.7,-1.7,Single,1st phase,Nursing,Daytime,Secondary education,Portuguese,Secondary Education,Basic education or less,Unskilled Workers,Unskilled Workers,Female,No,No,Yes,No,No,No,0,16,16,14,14.2,0
21,1.4,1.74,Single,1st phase,Veterinary Nursing,Daytime,Secondary education,Portuguese,Higher education,Secondary Education,Administrative staff,Intermediate Level Technicians and Professions,Female,Yes,No,Yes,No,No,No,0,10,11,10,12.654545454545454,0
18,-0.8,-3.12,Single,2nd phase,Other,Daytime,Secondary education,Angolan,Secondary Education,Basic education or less,Administrative staff,Armed Forces Professions,Female,Yes,No,Yes,No,No,No,0,12,19,9,13.315789473684225,0
19,3.7,-1.7,Single,2nd phase,Nursing,Daytime,Secondary education,Angolan,Specialized course,Secondary Education,"Personal Services, Security and Safety Workers, and Sellers",Intermediate Level Technicians and Professions,Female,Yes,No,Yes,No,Yes,No,0,16,16,14,12.4857142857143,0
22,0.6,2.02,Single,Holders of other higher courses,Veterinary Nursing,Daytime,Higher education,Italian,Secondary Education,Secondary Education,Administrative staff,Administrative staff,Female,Yes,No,Yes,No,No,No,0,12,14,12,16.64285714285715,0
19,1.4,3.51,Single,2nd phase,Social Service,Daytime,Secondary education,Angolan,Specialized course,Basic education or less,"Skilled Workers in Industry, Construction, and Craftsmen","Skilled Workers in Industry, Construction, and Craftsmen",Female,Yes,No,Yes,No,No,No,0,12,16,11,10.44375000000002,0
18,2.6,0.32,Single,1st phase,Nursing,Daytime,Secondary education,Portuguese,Specialized course,Basic education or less,Unskilled Workers,Unskilled Workers,Female,Yes,No,Yes,No,No,Yes,0,14,14,12,14.7166666666667,0
34,1.4,1.74,Single,1st phase,Social Service,Evening,Secondary education,Portuguese,Specialized course,Basic education or less,"Personal Services, Security and Safety Workers, and Sellers",Other,Female,No,No,Yes,No,No,No,0,12,13,12,12.025641025641024,0
19,2.8,-4.06,Single,2nd phase,Veterinary Nursing,Daytime,Secondary education,Angolan,Specialized course,Basic education or less,Unskilled Workers,Unskilled Workers,Female,Yes,No,Yes,No,No,No,0,22,35,12,14.775549450549446,0
18,2.6,0.32,Single,1st phase,Nursing,Daytime,Secondary education,Portuguese,Specialized course,Basic education or less,"Skilled Workers in Industry, Construction, and Craftsmen",Unskilled Workers,Female,Yes,No,Yes,No,Yes,No,0,14,14,12,12.6666666666667,0
19,2.8,-4.06,Single,1st phase,Nursing,Daytime,Secondary education,Portuguese,Specialized course,Basic education or less,Unskilled Workers,"Personal Services, Security and Safety Workers, and Sellers",Female,Yes,No,Yes,No,Yes,No,0,15,18,15,14.403888888888888,0
25,1.4,1.74,Single,Over 23 years old,Nursing,Daytime,Secondary education,Santomean,Specialized course,Secondary Education,Other,Other,Female,No,No,Yes,No,No,No,0,16,16,14,12.0842857142857,0
18,-0.8,-3.12,Single,1st phase,Social Service,Daytime,Secondary education,Portuguese,Some High School,Basic education or less,Administrative staff,"Skilled Workers in Industry, Construction, and Craftsmen",Female,No,No,Yes,No,Yes,No,0,12,21,10,11.214285714285714,0
28,-0.8,-3.12,Single,1st phase,Social Service,Evening,Secondary education,Portuguese,Specialized course,Basic education or less,Unskilled Workers,"Skilled Workers in Industry, Construction, and Craftsmen",Female,Yes,No,Yes,No,No,No,0,12,16,10,11.9,0
18,3.7,-1.7,Married,Change in institution/course,Nursing,Daytime,Secondary education,Brazilian,Secondary Education,Basic education or less,"Personal Services, Security and Safety Workers, and Sellers","Personal Services, Security and Safety Workers, and Sellers",Female,No,No,Yes,No,Yes,No,0,16,16,14,11.8571428571429,0
41,1.4,3.51,Married,Over 23 years old,Tourism,Daytime,Secondary education,Santomean,Specialized course,Basic education or less,Unskilled Workers,Unskilled Workers,Female,No,No,Yes,No,No,No,0,12,18,11,12.682539682539689,0
18,2.6,0.32,Single,2nd phase,Other,Daytime,Secondary education,Angolan,Specialized course,Basic education or less,"Personal Services, Security and Safety Workers, and Sellers",Other,Female,No,No,Yes,No,No,No,0,12,22,7,12.91666666666665,1
21,2.8,-4.06,Single,2nd phase,Social Service,Daytime,Secondary education,Angolan,Specialized course,Basic education or less,"Skilled Workers in Industry, Construction, and Craftsmen","Skilled Workers in Industry, Construction, and Craftsmen",Female,No,No,Yes,No,Yes,No,0,12,23,8,11.328260869565218,0
41,0.6,2.02,Other,Holders of other higher courses,Social Service,Daytime,Higher education,Italian,Some High School,Unknown,Other,Other,Female,No,No,Yes,Yes,No,No,0,12,0,0,0.0,1
32,2.6,0.32,Single,Holders of other higher courses,Design and Multimedia,Daytime,Higher education,Italian,Higher education,Higher education,Specialists in Intellectual and Scientific Activities,Other,Female,Yes,No,Yes,No,No,No,0,6,6,3,16.0,1
29,2.6,0.32,Single,Change in institution/course,Social Service,Evening,Other,Brazilian,Some High School,Unknown,Other,Other,Female,No,No,Yes,No,No,No,0,12,17,12,11.392156862745118,0
21,2.8,-4.06,Single,1st phase,Social Service,Daytime,Secondary education,Portuguese,Specialized course,Secondary Education,Other,Intermediate Level Technicians and Professions,Female,No,No,Yes,No,No,No,0,12,0,0,0.0,1
39,0.6,2.02,Married,Over 23 years old,Nursing,Daytime,Basic education 3rd cycle (9th/10th/11th year) or equivalent,Santomean,Specialized course,Basic education or less,Unskilled Workers,Armed Forces Professions,Female,Yes,No,Yes,No,No,No,0,14,25,8,12.2925,1
21,2.6,0.32,Single,Change in institution/course,Nursing,Daytime,Secondary education,Brazilian,Specialized course,Basic education or less,Unskilled Workers,Installation and Machine Operators and Assembly Workers,Female,No,No,Yes,No,No,No,22,28,52,24,13.4173913043478,0
18,2.6,0.32,Single,1st phase,Journalism and Communication,Daytime,Secondary education,Portuguese,Some High School,Basic education or less,Other,"Farmers and Skilled Workers in Agriculture, Fisheries, and Forestry",Female,Yes,No,Yes,No,No,No,0,12,13,12,15.000000000000039,0
34,0.3,-0.92,Single,Over 23 years old,Agronomy,Daytime,Secondary education,Santomean,Specialized course,Basic education or less,"Personal Services, Security and Safety Workers, and Sellers","Personal Services, Security and Safety Workers, and Sellers",Female,No,No,Yes,Yes,No,No,0,12,23,10,13.079710144927523,0
18,2.6,0.32,Single,1st phase,Veterinary Nursing,Daytime,Secondary education,Portuguese,Some High School,Basic education or less,Other,Other,Female,Yes,No,Yes,No,No,No,0,10,13,9,14.123076923076907,0
18,-0.8,-3.12,Single,1st phase,Other,Daytime,Secondary education,Portuguese,Specialized course,Basic education or less,Other,"Skilled Workers in Industry, Construction, and Craftsmen",Female,Yes,No,Yes,No,No,No,0,12,22,6,11.166666666666702,1
19,0.3,-0.92,Single,1st phase,Veterinary Nursing,Daytime,Secondary education,Portuguese,Higher education,Basic education or less,Specialists in Intellectual and Scientific Activities,Intermediate Level Technicians and Professions,Female,Yes,No,Yes,No,No,No,0,12,21,11,14.326530612244886,0
19,3.7,-1.7,Single,1st phase,Equiniculture,Daytime,Secondary education,Portuguese,Higher education,Secondary Education,Specialists in Intellectual and Scientific Activities,Unskilled Workers,Female,Yes,No,Yes,No,No,No,0,10,20,3,12.825,1
19,0.5,1.79,Single,1st phase,Nursing,Daytime,Secondary education,Portuguese,Higher education,Basic education or less,Administrative staff,"Skilled Workers in Industry, Construction, and Craftsmen",Female,Yes,No,Yes,No,Yes,No,0,15,18,13,12.505555555555555,0
18,1.4,1.74,Single,1st phase,Advertising and Marketing Management,Daytime,Secondary education,Portuguese,Specialized course,Basic education or less,"Personal Services, Security and Safety Workers, and Sellers",Unskilled Workers,Female,Yes,No,Yes,No,Yes,No,0,12,15,12,13.60000000000002,0
23,-0.8,-3.12,Single,Specialized diploma,Management,Evening,Specialized course,Romanian,Specialized course,Basic education or less,"Skilled Workers in Industry, Construction, and Craftsmen","Skilled Workers in Industry, Construction, and Craftsmen",Female,Yes,No,Yes,No,Yes,No,4,12,16,11,12.06666666666665,0
33,2.6,0.32,Other,Change in institution/course,Other,Daytime,Secondary education,Brazilian,Specialized course,Specialized course,Other,Other,Female,No,No,Yes,No,No,Yes,0,12,15,9,11.46666666666668,1
19,1.4,3.51,Single,2nd phase,Social Service,Daytime,Secondary education,Angolan,Specialized course,Basic education or less,Unskilled Workers,Unskilled Workers,Female,Yes,No,Yes,No,No,No,0,12,18,12,11.58333333333335,0
18,0.5,1.79,Single,1st phase,Nursing,Daytime,Secondary education,Portuguese,Specialized course,Basic education or less,Unskilled Workers,Unskilled Workers,Female,No,No,Yes,No,No,No,0,15,16,15,13.356250000000017,0
19,-0.8,-3.12,Single,2nd phase,Design and Multimedia,Daytime,Secondary education,Angolan,Specialized course,Basic education or less,Administrative staff,"Skilled Workers in Industry, Construction, and Craftsmen",Female,Yes,No,Yes,No,No,No,0,12,12,12,13.91666666666665,0
20,2.6,0.32,Single,1st phase,Journalism and Communication,Daytime,Secondary education,Portuguese,Some High School,Basic education or less,Other,"Personal Services, Security and Safety Workers, and Sellers",Female,Yes,No,Yes,No,No,No,0,12,18,8,11.055555555555555,0
20,2.6,0.32,Single,1st phase,Journalism and Communication,Daytime,Secondary education,Portuguese,Specialized course,Basic education or less,Other,"Personal Services, Security and Safety Workers, and Sellers",Female,Yes,No,Yes,No,No,No,0,8,16,0,0.0,1
20,0.6,2.02,Single,1st phase,Nursing,Daytime,Secondary education,Portuguese,Specialized course,Basic education or less,"Skilled Workers in Industry, Construction, and Craftsmen","Skilled Workers in Industry, Construction, and Craftsmen",Female,Yes,No,Yes,No,Yes,No,0,15,17,15,14.519999999999982,0
21,-0.8,-3.12,Single,1st phase,Social Service,Daytime,Secondary education,Portuguese,Specialized course,Basic education or less,"Personal Services, Security and Safety Workers, and Sellers","Farmers and Skilled Workers in Agriculture, Fisheries, and Forestry",Female,No,No,Yes,No,Yes,No,0,12,14,12,13.238095238095243,0
19,3.7,-1.7,Single,Change in institution/course,Nursing,Daytime,Secondary education,Brazilian,Specialized course,Basic education or less,Unskilled Workers,"Personal Services, Security and Safety Workers, and Sellers",Female,Yes,No,Yes,No,No,No,0,16,24,14,12.0714285714286,0
18,0.5,1.79,Single,1st phase,Tourism,Daytime,Secondary education,Portuguese,Specialized course,Secondary Education,"Skilled Workers in Industry, Construction, and Craftsmen",Unskilled Workers,Female,Yes,No,Yes,No,Yes,No,0,12,12,12,12.58333333333335,0
21,2.8,-4.06,Single,1st phase,Nursing,Daytime,Secondary education,Portuguese,Specialized course,Basic education or less,"Skilled Workers in Industry, Construction, and Craftsmen",Unskilled Workers,Female,Yes,No,Yes,No,Yes,No,0,15,18,14,13.22875,0
18,2.8,-4.06,Single,2nd phase,Nursing,Daytime,Secondary education,Angolan,Higher education,Basic education or less,Administrative staff,"Skilled Workers in Industry, Construction, and Craftsmen",Female,Yes,No,Yes,No,Yes,No,0,15,16,15,14.330625000000001,0
28,1.4,1.74,Single,Change in institution/course,Other,Daytime,Secondary education,Brazilian,Specialized course,Basic education or less,Unskilled Workers,Unskilled Workers,Female,No,No,No,Yes,No,No,0,11,10,0,0.0,1
36,0.6,2.02,Single,Over 23 years old,Oral Hygiene,Daytime,Secondary education,Santomean,Specialized course,Higher education,Specialists in Intellectual and Scientific Activities,Other,Female,No,No,Yes,No,No,No,0,14,27,8,11.785185185185185,1
20,3.7,-1.7,Single,1st phase,Veterinary Nursing,Daytime,Secondary education,Portuguese,Specialized course,Basic education or less,Unskilled Workers,Armed Forces Professions,Female,Yes,No,Yes,No,No,No,0,10,12,10,14.4,0
19,2.6,0.32,Single,1st phase,Social Service,Daytime,Secondary education,Portuguese,Specialized course,Basic education or less,Other,"Skilled Workers in Industry, Construction, and Craftsmen",Female,Yes,No,Yes,No,No,No,0,12,21,10,11.247619047619049,0
28,0.3,-0.92,Married,Over 23 years old,Social Service,Evening,Secondary education,Santomean,Specialized course,Basic education or less,Intermediate Level Technicians and Professions,"Skilled Workers in Industry, Construction, and Craftsmen",Female,No,No,Yes,No,No,No,0,12,14,11,12.333333333333314,0
20,2.6,0.32,Single,1st phase,Advertising and Marketing Management,Daytime,Secondary education,Portuguese,Specialized course,Secondary Education,"Skilled Workers in Industry, Construction, and Craftsmen",Other,Female,No,No,Yes,No,No,No,0,10,14,9,11.775000000000002,0
28,-0.8,-3.12,Single,Change in institution/course,Tourism,Daytime,Secondary education,Other,Specialized course,Basic education or less,Other,Other,Female,Yes,No,Yes,No,No,No,11,26,42,20,12.174603174603156,0
24,-0.8,-3.12,Single,Change in institution/course,Management,Evening,Specialized course,Brazilian,Specialized course,Basic education or less,Unskilled Workers,Unskilled Workers,Female,No,No,Yes,No,No,No,6,20,40,9,11.76666666666666,1
18,0.3,-0.92,Single,2nd phase,Tourism,Daytime,Secondary education,Angolan,Secondary Education,Higher education,Administrative staff,Administrative staff,Female,No,No,Yes,No,Yes,No,0,12,16,10,12.531250000000007,0
22,3.7,-1.7,Single,1st phase,Management,Daytime,Secondary education,Portuguese,Specialized course,Basic education or less,Unskilled Workers,Unskilled Workers,Female,Yes,No,No,Yes,No,No,0,10,24,2,5.75,1
18,-0.8,-3.12,Single,1st phase,Tourism,Daytime,Secondary education,Portuguese,Specialized course,Basic education or less,Unskilled Workers,"Skilled Workers in Industry, Construction, and Craftsmen",Female,Yes,No,Yes,No,Yes,No,0,12,20,10,11.95833333333335,0
21,3.7,-1.7,Single,1st phase,Nursing,Daytime,Secondary education,Portuguese,Specialized course,Basic education or less,"Personal Services, Security and Safety Workers, and Sellers","Personal Services, Security and Safety Workers, and Sellers",Female,No,No,Yes,No,Yes,No,0,16,16,14,13.5142857142857,0
19,2.6,0.32,Single,2nd phase,Journalism and Communication,Daytime,Secondary education,Angolan,Secondary Education,Secondary Education,Administrative staff,Other,Female,Yes,No,Yes,No,No,No,0,12,16,12,13.401785714285705,0
20,1.4,1.74,Single,1st phase,Nursing,Daytime,Secondary education,Portuguese,Specialized course,Basic education or less,"Personal Services, Security and Safety Workers, and Sellers","Personal Services, Security and Safety Workers, and Sellers",Female,Yes,No,Yes,No,Yes,No,0,16,16,14,12.7442857142857,0
20,0.6,2.02,Single,1st phase,Management,Daytime,Secondary education,Portuguese,Specialized course,Basic education or less,Other,Other,Female,No,No,Yes,No,No,No,0,10,18,9,11.772222222222222,0
19,1.4,1.74,Single,2nd phase,Social Service,Evening,Secondary education,Angolan,Specialized course,Basic education or less,"Personal Services, Security and Safety Workers, and Sellers","Farmers and Skilled Workers in Agriculture, Fisheries, and Forestry",Female,Yes,No,Yes,Yes,No,No,0,12,13,12,11.89743589743593,0
20,-0.3,0.79,Single,1st phase,Design and Multimedia,Daytime,Secondary education,Portuguese,Specialized course,Basic education or less,Unskilled Workers,Unskilled Workers,Female,Yes,No,Yes,No,Yes,No,1,12,18,11,12.887500000000001,0
20,2.6,0.32,Single,1st phase,Social Service,Daytime,Secondary education,Portuguese,Some High School,Basic education or less,Other,"Skilled Workers in Industry, Construction, and Craftsmen",Female,Yes,No,Yes,No,No,No,0,12,19,9,11.642105263157895,1
19,2.6,0.32,Single,1st phase,Nursing,Daytime,Secondary education,Portuguese,Secondary Education,Basic education or less,Administrative staff,Unskilled Workers,Female,Yes,No,Yes,No,No,No,0,14,14,12,13.5333333333333,0
18,2.8,-4.06,Single,1st phase,Tourism,Daytime,Secondary education,Portuguese,Specialized course,Basic education or less,Unskilled Workers,Unskilled Workers,Female,Yes,No,Yes,No,Yes,No,0,12,17,10,14.068627450980406,0
18,0.5,1.79,Single,1st phase,Nursing,Daytime,Secondary education,Portuguese,Specialized course,Basic education or less,"Skilled Workers in Industry, Construction, and Craftsmen",Installation and Machine Operators and Assembly Workers,Female,No,No,Yes,No,Yes,No,0,15,16,15,14.710625000000007,0
20,-0.8,-3.12,Single,1st phase,Management,Daytime,Secondary education,Portuguese,Specialized course,Basic education or less,Unskilled Workers,Unskilled Workers,Male,No,No,Yes,No,No,Yes,0,10,12,10,13.25,0
22,0.3,-0.92,Single,1st phase,Tourism,Daytime,Secondary education,Portuguese,Specialized course,Secondary Education,Intermediate Level Technicians and Professions,"Skilled Workers in Industry, Construction, and Craftsmen",Female,No,No,Yes,No,Yes,No,0,12,15,10,12.99999999999998,0
18,-0.8,-3.12,Single,1st phase,Social Service,Daytime,Secondary education,Portuguese,Specialized course,Basic education or less,"Personal Services, Security and Safety Workers, and Sellers",Administrative staff,Female,Yes,No,Yes,No,Yes,No,0,12,12,12,14.9166666666667,0
19,0.5,1.79,Single,2nd phase,Journalism and Communication,Daytime,Secondary education,Angolan,Secondary Education,Secondary Education,Administrative staff,Installation and Machine Operators and Assembly Workers,Female,Yes,No,Yes,No,No,No,0,12,12,12,14.0,0
20,1.4,1.74,Single,1st phase,Social Service,Daytime,Secondary education,Portuguese,Specialized course,Basic education or less,Unskilled Workers,Unskilled Workers,Female,No,No,No,No,Yes,No,0,12,19,10,12.45263157894737,0
19,-0.3,0.79,Single,1st phase,Nursing,Daytime,Secondary education,Portuguese,Specialized course,Basic education or less,"Personal Services, Security and Safety Workers, and Sellers","Farmers and Skilled Workers in Agriculture, Fisheries, and Forestry",Female,Yes,No,Yes,No,Yes,No,0,15,17,15,14.406617647058823,0
20,0.5,1.79,Single,1st phase,Journalism and Communication,Daytime,Secondary education,Portuguese,Secondary Education,Basic education or less,Intermediate Level Technicians and Professions,Intermediate Level Technicians and Professions,Female,Yes,No,No,Yes,No,No,0,9,9,0,0.0,1
19,-0.8,-3.12,Single,1st phase,Journalism and Communication,Daytime,Secondary education,Portuguese,Secondary Education,Higher education,Unskilled Workers,Intermediate Level Technicians and Professions,Female,Yes,No,Yes,No,Yes,No,0,12,13,12,12.871794871794853,0
18,1.4,1.74,Single,1st phase,Social Service,Daytime,Secondary education,Other,Specialized course,Basic education or less,Unskilled Workers,Unskilled Workers,Female,Yes,No,Yes,No,No,No,0,12,15,11,12.45555555555554,0
22,-0.8,-3.12,Single,1st phase,Advertising and Marketing Management,Daytime,Secondary education,Portuguese,Some High School,Basic education or less,Other,Administrative staff,Female,No,No,Yes,No,No,No,0,10,11,2,6.818181818181818,1
18,0.5,1.79,Single,1st phase,Social Service,Daytime,Secondary education,Portuguese,Specialized course,Basic education or less,Unskilled Workers,Unskilled Workers,Female,No,No,Yes,No,No,No,0,12,21,12,16.476190476190474,0
20,1.4,1.74,Single,1st phase,Social Service,Daytime,Secondary education,Portuguese,Specialized course,Secondary Education,Unskilled Workers,Unskilled Workers,Female,Yes,No,Yes,No,No,No,0,12,13,12,13.26923076923077,0
19,1.4,3.51,Single,2nd phase,Tourism,Daytime,Secondary education,Angolan,Specialized course,Basic education or less,"Personal Services, Security and Safety Workers, and Sellers","Personal Services, Security and Safety Workers, and Sellers",Female,Yes,No,Yes,No,No,No,0,12,13,12,12.307692307692285,0
19,0.3,-0.92,Single,Change in institution/course,Nursing,Daytime,Secondary education,Brazilian,Specialized course,Basic education or less,"Personal Services, Security and Safety Workers, and Sellers",Installation and Machine Operators and Assembly Workers,Female,No,No,Yes,No,Yes,No,0,15,20,14,13.509999999999986,0
21,0.5,1.79,Single,Specialized diploma,Social Service,Daytime,Specialized course,Romanian,Specialized course,Basic education or less,"Personal Services, Security and Safety Workers, and Sellers",Other,Female,No,No,Yes,No,No,No,5,12,13,12,13.000000000000016,0
19,-0.8,-3.12,Single,2nd phase,Social Service,Evening,Secondary education,Angolan,Specialized course,Secondary Education,"Personal Services, Security and Safety Workers, and Sellers","Personal Services, Security and Safety Workers, and Sellers",Female,Yes,No,Yes,No,Yes,No,0,12,21,10,11.5,1
19,0.6,2.02,Single,1st phase,Social Service,Daytime,Secondary education,Portuguese,Specialized course,Secondary Education,"Skilled Workers in Industry, Construction, and Craftsmen",Administrative staff,Female,Yes,No,Yes,No,Yes,No,0,12,13,12,13.384615384615394,0
28,-0.8,-3.12,Married,Over 23 years old,Veterinary Nursing,Daytime,Secondary education,Santomean,Basic education or less,Basic education or less,Other,"Personal Services, Security and Safety Workers, and Sellers",Female,No,No,No,No,Yes,No,0,10,19,1,8.842105263157896,1
28,-0.3,0.79,Married,Change in institution/course,Nursing,Daytime,Secondary education,Brazilian,Higher education,Higher education,Specialists in Intellectual and Scientific Activities,Other,Female,No,No,Yes,No,No,No,0,15,16,15,14.84375,0
19,2.8,-4.06,Single,Change in institution/course,Advertising and Marketing Management,Daytime,Secondary education,Brazilian,Secondary Education,Basic education or less,Administrative staff,Administrative staff,Female,No,No,No,Yes,No,No,0,12,19,7,11.16666666666669,1
19,1.4,1.74,Single,1st phase,Nursing,Daytime,Secondary education,Portuguese,Specialized course,Basic education or less,Unskilled Workers,"Personal Services, Security and Safety Workers, and Sellers",Female,Yes,No,Yes,No,No,No,0,16,16,14,14.9928571428571,0
20,0.5,1.79,Single,Change in institution/course,Journalism and Communication,Daytime,Secondary education,Brazilian,Specialized course,Basic education or less,Unskilled Workers,Unskilled Workers,Male,Yes,No,Yes,No,Yes,No,0,12,13,12,13.230769230769216,0
20,2.6,0.32,Single,1st phase,Veterinary Nursing,Daytime,Secondary education,Portuguese,Specialized course,Basic education or less,Administrative staff,Other,Male,No,No,No,Yes,No,No,0,10,15,5,11.422222222222207,1
27,-0.3,0.79,Single,Over 23 years old,Veterinary Nursing,Daytime,Higher education,Santomean,Higher education,Higher education,Intermediate Level Technicians and Professions,Other,Female,Yes,No,Yes,No,No,No,0,12,14,12,15.4047619047619,0
22,0.6,2.02,Single,Change in institution/course,Veterinary Nursing,Daytime,Secondary education,Other,Secondary Education,Secondary Education,Unskilled Workers,Administrative staff,Female,No,No,Yes,No,No,No,0,12,18,11,14.277777777777747,0
19,1.4,1.74,Single,1st phase,Nursing,Daytime,Secondary education,Portuguese,Specialized course,Basic education or less,Unskilled Workers,Unskilled Workers,Female,Yes,No,No,Yes,No,No,0,16,16,14,13.3271428571429,1
19,3.7,-1.7,Single,2nd phase,Social Service,Daytime,Secondary education,Angolan,Specialized course,Basic education or less,Intermediate Level Technicians and Professions,Intermediate Level Technicians and Professions,Female,Yes,No,No,No,No,No,0,12,26,6,11.25,1
19,1.4,3.51,Single,1st phase,Design and Multimedia,Daytime,Secondary education,Portuguese,Higher education,Higher education,Specialists in Intellectual and Scientific Activities,"Personal Services, Security and Safety Workers, and Sellers",Female,Yes,No,Yes,No,No,No,10,23,25,22,12.522424242424213,1
20,0.6,2.02,Single,3rd phase,Other,Daytime,Secondary education,Cape Verdean,Specialized course,Basic education or less,Unskilled Workers,"Farmers and Skilled Workers in Agriculture, Fisheries, and Forestry",Female,Yes,No,No,Yes,No,No,0,13,15,0,0.0,1
39,1.4,1.74,Married,Change in institution/course,Management,Evening,Secondary education,Brazilian,Specialized course,Basic education or less,Intermediate Level Technicians and Professions,Intermediate Level Technicians and Professions,Female,No,No,No,No,No,No,19,28,29,20,11.594827586206915,1
37,2.6,0.32,Married,Over 23 years old,Social Service,Evening,Basic education 3rd cycle (9th/10th/11th year) or equivalent,Santomean,Specialized course,Basic education or less,Administrative staff,"Skilled Workers in Industry, Construction, and Craftsmen",Female,No,No,Yes,Yes,No,No,0,12,16,12,11.468749999999982,0
30,-0.3,0.79,Married,Over 23 years old,Nursing,Daytime,Higher education,Santomean,Secondary Education,Secondary Education,Administrative staff,"Farmers and Skilled Workers in Agriculture, Fisheries, and Forestry",Female,No,No,No,Yes,No,No,6,14,20,6,12.033333333333328,1
41,3.7,-1.7,Married,Change in institution/course,Management,Evening,Higher education,Brazilian,Specialized course,Basic education or less,Unskilled Workers,Unskilled Workers,Female,No,No,Yes,No,No,No,10,20,21,20,14.252380952380953,0
40,-0.8,-3.12,Other,Over 23 years old,Nursing,Daytime,Basic education 3rd cycle (9th/10th/11th year) or equivalent,Santomean,Specialized course,Basic education or less,"Personal Services, Security and Safety Workers, and Sellers","Skilled Workers in Industry, Construction, and Craftsmen",Female,No,No,No,No,No,No,0,16,22,10,11.832,1
20,-0.8,-3.12,Single,1st phase,Management,Daytime,Secondary education,Portuguese,Some High School,Specialized course,Administrative staff,Intermediate Level Technicians and Professions,Female,No,No,Yes,No,No,No,0,10,23,2,5.6521739130434785,1
28,2.6,0.32,Married,1st phase,Management,Evening,Secondary education,Portuguese,Specialized course,Basic education or less,Unskilled Workers,Unskilled Workers,Female,No,No,Yes,No,No,No,0,10,11,10,11.781818181818181,0
19,0.5,1.79,Single,3rd phase,Other,Daytime,Secondary education,Cape Verdean,Specialized course,Basic education or less,Unskilled Workers,Administrative staff,Female,Yes,No,No,Yes,No,No,0,14,24,5,5.591666666666666,1
23,2.6,0.32,Single,1st phase,Advertising and Marketing Management,Daytime,Secondary education,Portuguese,Specialized course,Basic education or less,"Personal Services, Security and Safety Workers, and Sellers",Unskilled Workers,Female,Yes,No,Yes,No,No,No,0,10,12,7,11.298611111111091,1
18,2.8,-4.06,Single,Holders of other higher courses,Social Service,Evening,Higher education,Italian,Higher education,Higher education,Specialists in Intellectual and Scientific Activities,Other,Female,No,No,Yes,No,No,No,17,27,39,22,13.349769888231416,1
24,1.4,1.74,Single,Over 23 years old,Nursing,Daytime,Secondary education,Santomean,Secondary Education,Basic education or less,Administrative staff,Installation and Machine Operators and Assembly Workers,Female,No,No,Yes,No,No,No,0,16,16,14,12.4128571428571,0
19,1.4,1.74,Single,1st phase,Nursing,Daytime,Secondary education,Portuguese,Specialized course,Basic education or less,"Skilled Workers in Industry, Construction, and Craftsmen","Skilled Workers in Industry, Construction, and Craftsmen",Female,Yes,No,Yes,No,No,No,0,16,22,14,12.545714285714299,0
19,-0.8,-3.12,Single,1st phase,Journalism and Communication,Daytime,Secondary education,Portuguese,Specialized course,Basic education or less,Unskilled Workers,Armed Forces Professions,Female,Yes,No,Yes,No,No,No,0,12,25,5,13.52,1
48,0.6,2.02,Single,Over 23 years old,Agronomy,Daytime,Secondary education,Santomean,Specialized course,Basic education or less,Unskilled Workers,Unskilled Workers,Female,No,No,No,Yes,No,No,0,12,12,0,0.0,1
38,-0.8,-3.12,Married,Change in institution/course,Management,Evening,Higher education,Brazilian,Specialized course,Basic education or less,Unskilled Workers,Unskilled Workers,Female,No,No,No,No,No,No,18,24,24,18,12.6111111111111,1
19,3.7,-1.7,Single,2nd phase,Management,Daytime,Secondary education,Angolan,Secondary Education,Basic education or less,Intermediate Level Technicians and Professions,"Skilled Workers in Industry, Construction, and Craftsmen",Female,No,No,Yes,No,No,No,0,10,18,10,13.158730158730167,0
30,2.6,0.32,Married,Over 23 years old,Management,Evening,Other,Santomean,Specialized course,Secondary Education,Unskilled Workers,Administrative staff,Male,No,No,Yes,No,No,No,0,10,15,4,11.311111111111128,1
24,-0.3,0.79,Single,Specialized diploma,Agronomy,Daytime,Specialized course,Romanian,Specialized course,Basic education or less,Unskilled Workers,Unskilled Workers,Male,No,No,Yes,No,Yes,No,0,12,16,12,13.166666666666707,0
19,0.3,-0.92,Single,2nd phase,Journalism and Communication,Daytime,Secondary education,Angolan,Secondary Education,Basic education or less,Unskilled Workers,"Personal Services, Security and Safety Workers, and Sellers",Male,Yes,No,Yes,No,No,No,0,12,14,12,12.744897959183671,0
21,1.4,1.74,Single,1st phase,Tourism,Daytime,Secondary education,Portuguese,Secondary Education,Secondary Education,"Personal Services, Security and Safety Workers, and Sellers","Personal Services, Security and Safety Workers, and Sellers",Male,Yes,No,Yes,No,Yes,No,0,12,13,11,11.95384615384617,0
19,2.8,-4.06,Single,1st phase,Management,Evening,Secondary education,Portuguese,Higher education,Secondary Education,Administrative staff,Administrative staff,Male,No,No,Yes,No,No,No,0,10,19,8,11.526315789473685,1
18,0.5,1.79,Single,2nd phase,Design and Multimedia,Daytime,Secondary education,Angolan,Specialized course,Basic education or less,Unskilled Workers,"Skilled Workers in Industry, Construction, and Craftsmen",Male,No,No,Yes,No,Yes,No,0,12,12,12,12.83333333333335,0
19,1.4,3.51,Single,2nd phase,Informatics Engineering,Daytime,Secondary education,Angolan,Secondary Education,Higher education,Other,Administrative staff,Male,Yes,No,Yes,No,No,No,0,10,11,10,14.872727272727273,1
19,3.7,-1.7,Single,1st phase,Nursing,Daytime,Secondary education,Portuguese,Secondary Education,Basic education or less,Unskilled Workers,Unskilled Workers,Male,No,No,Yes,No,Yes,No,0,16,16,14,12.5142857142857,0
29,1.4,3.51,Married,Over 23 years old,Management,Daytime,Secondary education,Santomean,Secondary Education,Basic education or less,Administrative staff,"Skilled Workers in Industry, Construction, and Craftsmen",Male,No,No,No,No,No,No,0,10,10,1,6.5,1
21,2.6,0.32,Single,2nd phase,Informatics Engineering,Daytime,Secondary education,Angolan,Specialized course,Basic education or less,Other,"Personal Services, Security and Safety Workers, and Sellers",Male,Yes,No,Yes,No,No,No,0,10,18,4,11.629629629629644,1
18,0.6,2.02,Single,1st phase,Journalism and Communication,Daytime,Secondary education,Portuguese,Secondary Education,Secondary Education,Administrative staff,"Skilled Workers in Industry, Construction, and Craftsmen",Male,Yes,No,Yes,Yes,Yes,No,0,12,12,12,14.8333333333333,0
20,1.4,1.74,Single,2nd phase,Tourism,Daytime,Secondary education,Angolan,Specialized course,Secondary Education,Unskilled Workers,Unskilled Workers,Male,No,No,Yes,No,Yes,No,0,12,18,0,0.0,1
27,-0.3,0.79,Single,Over 23 years old,Management,Evening,Secondary education,Santomean,Specialized course,Basic education or less,Unskilled Workers,"Skilled Workers in Industry, Construction, and Craftsmen",Male,No,No,Yes,No,No,No,0,10,14,1,5.5,1
20,1.4,1.74,Single,3rd phase,Management,Daytime,Secondary education,Cape Verdean,Specialized course,Basic education or less,"Personal Services, Security and Safety Workers, and Sellers",Unskilled Workers,Male,Yes,No,Yes,No,No,No,0,10,19,7,10.6372180451128,1
28,1.4,1.74,Single,Over 23 years old,Management,Daytime,Basic education 3rd cycle (9th/10th/11th year) or equivalent,Santomean,Specialized course,Basic education or less,"Skilled Workers in Industry, Construction, and Craftsmen",Unskilled Workers,Male,No,No,No,Yes,No,No,0,10,16,1,4.8125,1
20,1.4,1.74,Single,1st phase,Veterinary Nursing,Daytime,Secondary education,Portuguese,Specialized course,Basic education or less,Unskilled Workers,Unskilled Workers,Male,Yes,No,Yes,No,No,No,0,10,17,9,13.258823529411783,0
21,-0.8,-3.12,Single,Specialized diploma,Veterinary Nursing,Daytime,Specialized course,Romanian,Secondary Education,Secondary Education,Administrative staff,Administrative staff,Male,No,No,Yes,No,No,No,1,10,22,8,12.036363636363614,0
23,-0.3,0.79,Single,Specialized diploma,Agronomy,Daytime,Specialized course,Romanian,Secondary Education,Higher education,Unskilled Workers,Other,Male,Yes,No,No,Yes,No,No,0,12,20,4,11.99999999999998,1
18,1.4,1.74,Single,1st phase,Social Service,Daytime,Secondary education,Portuguese,Specialized course,Secondary Education,"Skilled Workers in Industry, Construction, and Craftsmen",Intermediate Level Technicians and Professions,Male,Yes,No,Yes,No,No,No,0,12,16,11,11.437500000000012,0
20,0.6,2.02,Single,1st phase,Design and Multimedia,Daytime,Secondary education,Portuguese,Secondary Education,Some High School,Administrative staff,Administrative staff,Male,Yes,No,Yes,No,Yes,No,15,27,29,23,11.53074511695201,0
32,-0.3,0.79,Married,Over 23 years old,Nursing,Daytime,Higher education,Santomean,Secondary Education,Secondary Education,Administrative staff,"Farmers and Skilled Workers in Agriculture, Fisheries, and Forestry",Male,No,No,Yes,No,No,No,0,15,15,15,13.779999999999985,0
20,1.4,1.74,Single,1st phase,Tourism,Daytime,Secondary education,Portuguese,Specialized course,Basic education or less,Unskilled Workers,Unskilled Workers,Male,Yes,No,Yes,No,No,No,0,12,32,4,10.66666666666665,1
32,2.8,-4.06,Single,Over 23 years old,Agronomy,Daytime,Secondary education,Santomean,Specialized course,Basic education or less,"Skilled Workers in Industry, Construction, and Craftsmen","Skilled Workers in Industry, Construction, and Craftsmen",Male,No,No,Yes,No,No,No,22,31,40,30,13.7417763157895,0
21,0.5,1.79,Single,Specialized diploma,Design and Multimedia,Daytime,Specialized course,Romanian,Secondary Education,Basic education or less,"Personal Services, Security and Safety Workers, and Sellers","Personal Services, Security and Safety Workers, and Sellers",Male,Yes,Yes,Yes,No,Yes,No,7,16,17,11,11.878151260504175,0
19,1.4,1.74,Single,1st phase,Journalism and Communication,Daytime,Secondary education,Portuguese,Specialized course,Basic education or less,Unskilled Workers,"Farmers and Skilled Workers in Agriculture, Fisheries, and Forestry",Male,No,No,Yes,No,Yes,No,0,12,16,11,13.5,0
24,1.4,1.74,Single,Over 23 years old,Management,Evening,Specialized course,Santomean,Specialized course,Basic education or less,Unskilled Workers,Unskilled Workers,Male,No,No,Yes,No,No,No,0,10,13,3,6.102564102564084,1
18,3.7,-1.7,Single,2nd phase,Management,Daytime,Secondary education,Angolan,Specialized course,Basic education or less,Unskilled Workers,Installation and Machine Operators and Assembly Workers,Male,No,No,Yes,No,No,No,0,10,18,2,10.0,1
20,0.3,-0.92,Single,Specialized diploma,Agronomy,Daytime,Specialized course,Romanian,Secondary Education,Basic education or less,Other,"Farmers and Skilled Workers in Agriculture, Fisheries, and Forestry",Male,Yes,No,Yes,No,No,No,0,12,29,10,11.862068965517233,0
25,2.6,0.32,Single,2nd phase,Management,Daytime,Secondary education,Angolan,Specialized course,Basic education or less,Unskilled Workers,Unskilled Workers,Male,Yes,No,Yes,No,No,No,24,29,30,25,11.30128205128205,1
18,-0.8,-3.12,Single,2nd phase,Journalism and Communication,Daytime,Secondary education,Angolan,Secondary Education,Secondary Education,Administrative staff,"Personal Services, Security and Safety Workers, and Sellers",Male,Yes,No,Yes,No,No,No,0,12,16,11,11.75,1
19,0.5,1.79,Single,1st phase,Management,Daytime,Secondary education,Portuguese,Specialized course,Secondary Education,"Skilled Workers in Industry, Construction, and Craftsmen","Personal Services, Security and Safety Workers, and Sellers",Male,Yes,No,Yes,No,No,No,0,10,11,4,7.5,1
18,-0.3,0.79,Single,1st phase,Management,Daytime,Secondary education,Portuguese,Specialized course,Higher education,Unskilled Workers,Unskilled Workers,Male,Yes,No,Yes,No,No,No,0,10,23,9,10.804347826086957,1
25,2.8,-4.06,Single,Change in institution/course,Management,Daytime,Secondary education,Other,Specialized course,Secondary Education,Administrative staff,Administrative staff,Male,No,No,No,No,No,No,0,10,11,0,0.0,1
19,0.3,-0.92,Single,1st phase,Journalism and Communication,Daytime,Secondary education,Portuguese,Secondary Education,Basic education or less,Unskilled Workers,Unskilled Workers,Male,Yes,No,Yes,No,No,No,0,12,17,11,12.843137254901947,0
22,0.5,1.79,Single,Specialized diploma,Veterinary Nursing,Daytime,Specialized course,Romanian,Specialized course,Basic education or less,Unskilled Workers,Administrative staff,Male,Yes,No,Yes,No,Yes,No,1,12,21,12,13.5408163265306,0
32,0.3,-0.92,Single,Holders of other higher courses,Management,Evening,Higher education,Italian,Specialized course,Basic education or less,Intermediate Level Technicians and Professions,Unskilled Workers,Male,No,No,No,No,No,No,0,10,21,6,14.857142857142858,1
37,0.5,1.79,Single,Change in institution/course,Other,Daytime,Secondary education,Brazilian,Higher education,Specialized course,Specialists in Intellectual and Scientific Activities,"Personal Services, Security and Safety Workers, and Sellers",Male,No,No,Yes,No,No,No,32,40,40,40,12.350000000000026,0
21,2.6,0.32,Single,2nd phase,Informatics Engineering,Daytime,Secondary education,Angolan,Specialized course,Basic education or less,Unskilled Workers,"Farmers and Skilled Workers in Agriculture, Fisheries, and Forestry",Male,Yes,No,Yes,No,No,No,0,10,13,0,0.0,1
18,1.4,1.74,Single,1st phase,Tourism,Daytime,Secondary education,Portuguese,Secondary Education,Higher education,Administrative staff,Other,Male,Yes,No,Yes,No,No,No,0,12,29,5,12.068965517241397,1
19,1.4,3.51,Single,1st phase,Design and Multimedia,Daytime,Secondary education,Portuguese,Basic education or less,Higher education,Other,Other,Male,Yes,No,Yes,Yes,No,No,0,12,13,12,12.846153846153861,0
19,0.5,1.79,Single,2nd phase,Advertising and Marketing Management,Daytime,Secondary education,Angolan,Secondary Education,Basic education or less,Administrative staff,Installation and Machine Operators and Assembly Workers,Male,No,No,Yes,No,Yes,No,0,12,13,12,12.923076923076923,0
19,1.4,3.51,Single,1st phase,Design and Multimedia,Daytime,Secondary education,Portuguese,Secondary Education,Secondary Education,Unskilled Workers,"Skilled Workers in Industry, Construction, and Craftsmen",Female,Yes,No,No,No,No,Yes,10,23,24,23,15.125,0
19,3.7,-1.7,Single,2nd phase,Journalism and Communication,Daytime,Secondary education,Angolan,Specialized course,Basic education or less,Unskilled Workers,Unskilled Workers,Male,Yes,No,Yes,No,Yes,No,0,12,15,11,12.70666666666668,0
19,0.3,-0.92,Single,1st phase,Journalism and Communication,Daytime,Secondary education,Portuguese,Secondary Education,Secondary Education,Intermediate Level Technicians and Professions,"Personal Services, Security and Safety Workers, and Sellers",Female,Yes,No,No,Yes,No,Yes,0,12,14,9,12.007142857142856,1
28,0.5,1.79,Single,Over 23 years old,Management,Evening,Basic education 3rd cycle (9th/10th/11th year) or equivalent,Santomean,Specialized course,Basic education or less,Unskilled Workers,"Farmers and Skilled Workers in Agriculture, Fisheries, and Forestry",Female,No,No,Yes,Yes,No,No,0,10,20,2,7.35,1
19,3.7,-1.7,Single,1st phase,Nursing,Daytime,Secondary education,Portuguese,Specialized course,Basic education or less,"Skilled Workers in Industry, Construction, and Craftsmen",Unskilled Workers,Female,No,No,Yes,No,Yes,No,0,16,16,14,14.4,0
32,1.4,1.74,Married,Holders of other higher courses,Social Service,Evening,Higher education,Italian,Specialized course,Basic education or less,Intermediate Level Technicians and Professions,"Skilled Workers in Industry, Construction, and Craftsmen",Female,No,No,Yes,No,No,No,15,25,37,23,12.8224532224532,0
26,0.3,-0.92,Single,Over 23 years old,Social Service,Evening,Specialized course,Santomean,Specialized course,Basic education or less,Unskilled Workers,Installation and Machine Operators and Assembly Workers,Female,No,No,No,Yes,No,No,0,12,20,9,12.419999999999998,1
25,-0.8,-3.12,Married,Over 23 years old,Management,Daytime,Other,Santomean,Specialized course,Basic education or less,Unskilled Workers,Unskilled Workers,Female,No,No,Yes,No,No,No,0,10,0,0,0.0,1
31,-0.8,-3.12,Married,Change in institution/course,Other,Daytime,Secondary education,Brazilian,Specialized course,Specialized course,Administrative staff,Other,Female,No,No,Yes,No,No,No,4,13,16,11,13.58333333333335,1
20,3.7,-1.7,Single,2nd phase,Social Service,Daytime,Secondary education,Angolan,Specialized course,Secondary Education,Unskilled Workers,"Personal Services, Security and Safety Workers, and Sellers",Female,Yes,No,Yes,No,Yes,No,0,12,18,11,11.772486772486811,0
19,3.7,-1.7,Single,1st phase,Social Service,Daytime,Secondary education,Portuguese,Secondary Education,Basic education or less,Other,Unskilled Workers,Female,Yes,No,Yes,No,No,No,0,12,0,0,0.0,1
18,-0.8,-3.12,Single,1st phase,Social Service,Daytime,Secondary education,Portuguese,Specialized course,Secondary Education,Unskilled Workers,Unskilled Workers,Female,Yes,No,Yes,No,No,No,0,12,14,11,12.399999999999986,0
19,-0.3,0.79,Single,1st phase,Social Service,Daytime,Secondary education,Portuguese,Specialized course,Basic education or less,Unskilled Workers,Installation and Machine Operators and Assembly Workers,Female,Yes,No,Yes,No,Yes,No,0,12,20,11,11.68571428571428,1
18,2.8,-4.06,Single,1st phase,Tourism,Daytime,Secondary education,Portuguese,Specialized course,Basic education or less,Unskilled Workers,Armed Forces Professions,Female,No,No,Yes,No,No,No,0,12,12,12,12.58333333333335,0
24,3.7,-1.7,Single,1st phase,Veterinary Nursing,Daytime,Secondary education,Portuguese,Secondary Education,Basic education or less,Administrative staff,Unskilled Workers,Female,Yes,No,Yes,No,No,No,0,10,15,9,13.15,0
25,2.6,0.32,Single,Change in institution/course,Nursing,Daytime,Secondary education,Other,Higher education,Basic education or less,Specialists in Intellectual and Scientific Activities,"Farmers and Skilled Workers in Agriculture, Fisheries, and Forestry",Female,Yes,No,Yes,No,No,No,0,28,28,24,13.2916666666667,0
20,-0.8,-3.12,Single,2nd phase,Veterinary Nursing,Daytime,Secondary education,Angolan,Higher education,Higher education,Specialists in Intellectual and Scientific Activities,Other,Female,No,No,Yes,No,No,No,0,10,23,7,11.586956521739149,0
18,1.4,1.74,Single,2nd phase,Nursing,Daytime,Secondary education,Angolan,Specialized course,Basic education or less,"Personal Services, Security and Safety Workers, and Sellers",Unskilled Workers,Female,Yes,No,Yes,No,No,No,0,16,16,14,14.24,0
24,2.6,0.32,Single,Over 23 years old,Advertising and Marketing Management,Daytime,Secondary education,Santomean,Some High School,Unknown,Other,Other,Female,Yes,No,Yes,No,No,No,0,10,21,6,12.126984126984109,1
21,-0.3,0.79,Single,2nd phase,Social Service,Daytime,Secondary education,Angolan,Specialized course,Basic education or less,Unskilled Workers,Unskilled Workers,Female,No,No,No,Yes,No,No,0,12,20,10,12.51666666666665,1
18,-0.8,-3.12,Single,1st phase,Journalism and Communication,Daytime,Secondary education,Portuguese,Secondary Education,Basic education or less,"Personal Services, Security and Safety Workers, and Sellers",Armed Forces Professions,Female,Yes,No,Yes,No,No,No,0,12,12,12,13.0833333333333,0
20,1.4,1.74,Single,2nd phase,Tourism,Daytime,Secondary education,Angolan,Some High School,Basic education or less,"Personal Services, Security and Safety Workers, and Sellers","Personal Services, Security and Safety Workers, and Sellers",Female,Yes,No,Yes,No,No,No,0,12,28,1,5.714285714285714,1
19,2.6,0.32,Single,2nd phase,Management,Daytime,Secondary education,Angolan,Secondary Education,Secondary Education,Administrative staff,Administrative staff,Female,Yes,No,Yes,No,No,No,0,10,21,4,10.428571428571429,1
20,0.6,2.02,Single,1st phase,Nursing,Daytime,Secondary education,Portuguese,Higher education,Secondary Education,Specialists in Intellectual and Scientific Activities,Unskilled Workers,Female,Yes,No,Yes,No,No,No,0,15,15,15,13.869333333333339,0
20,3.7,-1.7,Single,1st phase,Nursing,Daytime,Secondary education,Portuguese,Specialized course,Basic education or less,Unskilled Workers,"Farmers and Skilled Workers in Agriculture, Fisheries, and Forestry",Female,Yes,No,Yes,No,No,No,0,16,24,14,12.471428571428598,0
20,0.5,1.79,Single,Specialized diploma,Veterinary Nursing,Daytime,Specialized course,Romanian,Higher education,Secondary Education,Administrative staff,Intermediate Level Technicians and Professions,Female,Yes,No,Yes,No,Yes,No,3,12,28,11,11.84778911564627,0
20,2.6,0.32,Single,1st phase,Design and Multimedia,Daytime,Secondary education,Portuguese,Secondary Education,Secondary Education,Administrative staff,Installation and Machine Operators and Assembly Workers,Female,Yes,No,Yes,No,No,No,0,12,12,12,12.66666666666665,0
18,1.4,1.74,Single,1st phase,Other,Daytime,Secondary education,Portuguese,Specialized course,Basic education or less,Unskilled Workers,"Skilled Workers in Industry, Construction, and Craftsmen",Female,Yes,No,Yes,No,No,No,0,12,14,12,12.0,1
18,-0.8,-3.12,Single,1st phase,Veterinary Nursing,Daytime,Secondary education,Portuguese,Higher education,Basic education or less,Specialists in Intellectual and Scientific Activities,"Personal Services, Security and Safety Workers, and Sellers",Female,Yes,No,Yes,No,No,No,0,10,17,10,15.170868347338956,0
35,0.6,2.02,Single,Over 23 years old,Veterinary Nursing,Daytime,Basic education 3rd cycle (9th/10th/11th year) or equivalent,Santomean,Specialized course,Basic education or less,Administrative staff,Installation and Machine Operators and Assembly Workers,Female,No,No,Yes,No,No,No,0,12,18,3,7.740740740740762,1
31,0.6,2.02,Single,Over 23 years old,Social Service,Evening,Secondary education,Santomean,Specialized course,Basic education or less,"Skilled Workers in Industry, Construction, and Craftsmen",Installation and Machine Operators and Assembly Workers,Female,No,No,No,Yes,No,No,0,12,20,5,11.04999999999999,1
19,2.6,0.32,Single,Change in institution/course,Tourism,Daytime,Secondary education,Brazilian,Specialized course,Basic education or less,Unskilled Workers,Unskilled Workers,Female,Yes,No,Yes,Yes,No,No,0,12,26,3,11.25,1
19,1.4,3.51,Single,1st phase,Social Service,Daytime,Secondary education,Portuguese,Secondary Education,Basic education or less,Administrative staff,"Personal Services, Security and Safety Workers, and Sellers",Female,Yes,No,Yes,No,No,No,0,12,14,11,13.228571428571428,0
19,2.6,0.32,Single,2nd phase,Nursing,Daytime,Secondary education,Angolan,Specialized course,Basic education or less,Administrative staff,Installation and Machine Operators and Assembly Workers,Female,Yes,No,Yes,No,No,No,0,14,14,12,11.9666666666667,0
19,-0.8,-3.12,Single,2nd phase,Nursing,Daytime,Secondary education,Angolan,Higher education,Higher education,Specialists in Intellectual and Scientific Activities,Intermediate Level Technicians and Professions,Female,No,No,Yes,No,No,No,0,16,16,16,13.3475,0
21,2.6,0.32,Single,1st phase,Veterinary Nursing,Daytime,Secondary education,Portuguese,Secondary Education,Basic education or less,Unskilled Workers,Other,Female,No,No,Yes,No,No,No,0,10,14,9,12.25,0
18,2.6,0.32,Single,2nd phase,Other,Daytime,Secondary education,Angolan,Some High School,Unknown,Other,Other,Female,No,No,Yes,No,No,No,0,12,23,2,4.565217391304348,1
18,0.5,1.79,Single,1st phase,Advertising and Marketing Management,Daytime,Secondary education,Portuguese,Higher education,Basic education or less,Intermediate Level Technicians and Professions,Unskilled Workers,Male,Yes,No,Yes,No,No,No,0,12,20,10,13.80714285714287,0
18,0.3,-0.92,Single,2nd phase,Veterinary Nursing,Daytime,Secondary education,Angolan,Specialized course,Basic education or less,Other,Other,Male,Yes,No,Yes,No,No,No,0,12,20,12,13.35,0
25,-0.8,-3.12,Single,Over 23 years old,Management,Evening,Secondary education,Santomean,Specialized course,Basic education or less,Unskilled Workers,Unskilled Workers,Male,Yes,No,No,No,No,No,0,10,10,0,0.0,1
18,0.5,1.79,Single,1st phase,Nursing,Daytime,Secondary education,Portuguese,Specialized course,Basic education or less,Intermediate Level Technicians and Professions,Intermediate Level Technicians and Professions,Male,Yes,No,Yes,No,No,No,0,15,15,15,14.108666666666673,0
24,0.5,1.79,Single,Over 23 years old,Agronomy,Daytime,Secondary education,Santomean,Some High School,Some High School,Unskilled Workers,Unskilled Workers,Male,No,No,Yes,No,No,No,0,12,17,0,0.0,1
29,3.7,-1.7,Married,Holders of other higher courses,Nursing,Daytime,Higher education,Italian,Specialized course,Basic education or less,Administrative staff,Unskilled Workers,Female,No,No,Yes,No,No,No,2,16,22,14,13.7428571428571,0
27,2.6,0.32,Single,Change in institution/course,Management,Evening,Secondary education,Brazilian,Specialized course,Basic education or less,Unskilled Workers,Unskilled Workers,Female,Yes,No,Yes,No,No,No,0,10,10,0,0.0,1
18,0.6,2.02,Single,2nd phase,Nursing,Daytime,Secondary education,Angolan,Specialized course,Secondary Education,Unskilled Workers,Armed Forces Professions,Female,Yes,No,Yes,No,No,No,0,15,19,14,12.16017857142859,0
28,-0.8,-3.12,Married,Change in institution/course,Management,Evening,Secondary education,Brazilian,Specialized course,Basic education or less,Unskilled Workers,Unskilled Workers,Female,No,No,Yes,No,No,No,26,29,31,26,11.206605222734252,1
32,-0.3,0.79,Married,Over 23 years old,Other,Daytime,Basic education 3rd cycle (9th/10th/11th year) or equivalent,Santomean,Specialized course,Basic education or less,Unskilled Workers,Unskilled Workers,Female,No,No,Yes,No,Yes,No,2,15,18,15,13.349206349206334,0
30,1.4,1.74,Single,Over 23 years old,Management,Evening,Secondary education,Santomean,Specialized course,Basic education or less,"Skilled Workers in Industry, Construction, and Craftsmen","Skilled Workers in Industry, Construction, and Craftsmen",Female,No,No,Yes,No,No,No,0,10,13,10,12.44615384615386,1
29,3.7,-1.7,Single,Holders of other higher courses,Nursing,Daytime,Higher education,Italian,Specialized course,Basic education or less,"Skilled Workers in Industry, Construction, and Craftsmen",Installation and Machine Operators and Assembly Workers,Female,No,No,Yes,No,No,No,0,16,28,8,11.325,1
19,3.7,-1.7,Single,1st phase,Nursing,Daytime,Secondary education,Portuguese,Secondary Education,Secondary Education,Unskilled Workers,Unskilled Workers,Female,No,No,Yes,No,No,No,0,16,16,14,15.0,0
29,0.5,1.79,Single,Over 23 years old,Social Service,Evening,Secondary education,Santomean,Specialized course,Basic education or less,Unskilled Workers,Unskilled Workers,Female,No,No,Yes,No,No,No,0,12,15,12,14.477777777777794,0
27,-0.8,-3.12,Married,1st phase,Social Service,Daytime,Secondary education,Portuguese,Specialized course,Unknown,Unskilled Workers,"Skilled Workers in Industry, Construction, and Craftsmen",Female,No,No,No,No,No,No,0,12,26,6,10.73076923076923,1
19,0.5,1.79,Single,1st phase,Social Service,Daytime,Secondary education,Portuguese,Specialized course,Basic education or less,Other,Other,Female,No,No,Yes,No,No,No,0,12,0,0,0.0,1
21,2.6,0.32,Single,2nd phase,Advertising and Marketing Management,Daytime,Secondary education,Angolan,Specialized course,Basic education or less,Other,"Skilled Workers in Industry, Construction, and Craftsmen",Female,Yes,No,Yes,No,Yes,No,0,10,12,5,12.402777777777757,1
29,1.4,1.74,Married,1st phase,Management,Evening,Secondary education,Portuguese,Specialized course,Basic education or less,Unskilled Workers,Unskilled Workers,Female,No,No,No,No,No,No,0,10,12,9,11.20833333333335,1
42,2.8,-4.06,Married,Change in institution/course,Management,Daytime,Higher education,Brazilian,Specialized course,Basic education or less,Unskilled Workers,Unskilled Workers,Female,No,No,No,Yes,No,No,25,25,25,25,12.199999999999989,1
18,2.8,-4.06,Single,1st phase,Social Service,Daytime,Secondary education,Portuguese,Specialized course,Basic education or less,Unskilled Workers,"Skilled Workers in Industry, Construction, and Craftsmen",Female,No,No,Yes,No,Yes,No,0,12,13,12,14.23076923076919,0
24,1.4,1.74,Single,Over 23 years old,Veterinary Nursing,Daytime,Secondary education,Santomean,Specialized course,Basic education or less,Unskilled Workers,Unskilled Workers,Female,Yes,No,Yes,No,No,No,0,10,11,10,12.454545454545455,0
27,0.6,2.02,Single,Over 23 years old,Management,Evening,Secondary education,Santomean,Specialized course,Basic education or less,"Personal Services, Security and Safety Workers, and Sellers","Skilled Workers in Industry, Construction, and Craftsmen",Female,No,No,Yes,No,No,No,0,10,20,6,11.5,0
18,-0.8,-3.12,Single,1st phase,Nursing,Daytime,Secondary education,Portuguese,Specialized course,Secondary Education,Unskilled Workers,Armed Forces Professions,Female,Yes,No,Yes,No,No,No,0,16,16,16,14.88875,0
19,-0.8,-3.12,Single,2nd phase,Journalism and Communication,Daytime,Secondary education,Angolan,Some High School,Unknown,Other,Other,Female,Yes,No,Yes,Yes,Yes,No,0,12,16,11,12.28333333333335,1
18,0.6,2.02,Single,1st phase,Journalism and Communication,Daytime,Secondary education,Portuguese,Specialized course,Basic education or less,Unskilled Workers,Armed Forces Professions,Female,Yes,No,Yes,No,Yes,No,0,12,13,12,12.974358974358976,0
26,0.3,-0.92,Single,Over 23 years old,Management,Daytime,Secondary education,Santomean,Specialized course,Basic education or less,"Skilled Workers in Industry, Construction, and Craftsmen",Unskilled Workers,Female,No,Yes,Yes,No,Yes,No,0,10,18,8,12.583333333333334,0
22,-0.8,-3.12,Single,1st phase,Tourism,Daytime,Secondary education,Portuguese,Specialized course,Basic education or less,Unskilled Workers,Unskilled Workers,Female,Yes,No,Yes,No,Yes,No,0,12,15,12,14.05833333333332,0
37,-0.8,-3.12,Married,Over 23 years old,Management,Evening,Secondary education,Santomean,Specialized course,Basic education or less,Other,Intermediate Level Technicians and Professions,Male,No,No,Yes,Yes,No,No,0,10,22,7,12.15909090909089,1
24,2.6,0.32,Single,Holders of other higher courses,Veterinary Nursing,Daytime,Higher education,Italian,Specialized course,Basic education or less,Other,Other,Male,No,No,Yes,No,No,No,3,10,15,3,9.7777777777778,1
19,2.8,-4.06,Single,2nd phase,Nursing,Daytime,Secondary education,Angolan,Secondary Education,Secondary Education,Administrative staff,Armed Forces Professions,Male,Yes,No,Yes,No,Yes,No,0,15,23,13,11.8125,0
28,0.3,-0.92,Married,Over 23 years old,Equiniculture,Daytime,Basic education 3rd cycle (9th/10th/11th year) or equivalent,Santomean,Higher education,Secondary Education,Other,Installation and Machine Operators and Assembly Workers,Male,Yes,No,No,Yes,No,No,0,12,21,3,10.785714285714286,1
18,3.7,-1.7,Single,1st phase,Nursing,Daytime,Secondary education,Portuguese,Specialized course,Basic education or less,"Skilled Workers in Industry, Construction, and Craftsmen","Skilled Workers in Industry, Construction, and Craftsmen",Male,Yes,No,Yes,No,Yes,No,0,16,16,14,14.3142857142857,0
18,2.8,-4.06,Single,1st phase,Journalism and Communication,Daytime,Secondary education,Portuguese,Secondary Education,Basic education or less,Administrative staff,Administrative staff,Male,Yes,No,Yes,No,No,No,0,12,13,12,13.076923076923068,0
47,3.7,-1.7,Married,Over 23 years old,Journalism and Communication,Daytime,Secondary education,Santomean,Specialized course,Basic education or less,Unskilled Workers,Unskilled Workers,Male,No,No,Yes,No,No,No,0,12,18,11,11.548148148148167,1
38,-0.3,0.79,Married,Change in institution/course,Management,Evening,Secondary education,Brazilian,Specialized course,Basic education or less,Administrative staff,Other,Male,No,No,Yes,No,No,No,0,10,11,10,14.454545454545437,0
20,1.4,1.74,Single,1st phase,Design and Multimedia,Daytime,Secondary education,Portuguese,Specialized course,Basic education or less,Unskilled Workers,Administrative staff,Male,No,No,Yes,No,Yes,No,2,12,16,11,12.9375,0
21,-0.3,0.79,Single,Specialized diploma,Equiniculture,Daytime,Specialized course,Romanian,Specialized course,Basic education or less,Unskilled Workers,Intermediate Level Technicians and Professions,Male,Yes,No,Yes,No,No,No,1,12,19,9,12.982456140350857,1
18,-0.8,-3.12,Single,1st phase,Equiniculture,Daytime,Secondary education,Portuguese,Higher education,Basic education or less,Intermediate Level Technicians and Professions,"Personal Services, Security and Safety Workers, and Sellers",Female,Yes,No,Yes,No,No,No,0,10,14,10,11.685714285714287,0
46,0.6,2.02,Other,Over 23 years old,Nursing,Daytime,Basic education 3rd cycle (9th/10th/11th year) or equivalent,Santomean,Specialized course,Basic education or less,Other,"Farmers and Skilled Workers in Agriculture, Fisheries, and Forestry",Female,No,No,No,Yes,No,No,0,14,26,6,11.756410256410224,1
23,2.6,0.32,Single,Change in institution/course,Nursing,Daytime,Secondary education,Brazilian,Specialized course,Basic education or less,Unskilled Workers,"Personal Services, Security and Safety Workers, and Sellers",Female,No,No,Yes,No,No,No,22,28,30,24,12.625,0
20,0.3,-0.92,Single,1st phase,Design and Multimedia,Daytime,Secondary education,Portuguese,Secondary Education,Secondary Education,Unskilled Workers,Unskilled Workers,Female,Yes,No,Yes,No,Yes,No,0,12,12,12,13.66666666666665,0
20,0.3,-0.92,Single,Specialized diploma,Design and Multimedia,Daytime,Specialized course,Romanian,Higher education,Basic education or less,Intermediate Level Technicians and Professions,Unskilled Workers,Male,No,No,Yes,No,No,No,7,16,17,13,12.878151260504175,0
19,2.8,-4.06,Single,1st phase,Journalism and Communication,Daytime,Secondary education,Portuguese,Secondary Education,Secondary Education,"Personal Services, Security and Safety Workers, and Sellers",Administrative staff,Male,No,No,Yes,No,No,No,0,12,15,10,13.10222222222224,0
18,0.6,2.02,Single,1st phase,Journalism and Communication,Daytime,Secondary education,Portuguese,Secondary Education,Secondary Education,Unskilled Workers,Unskilled Workers,Female,Yes,No,No,Yes,No,Yes,0,12,12,8,11.5,1
30,-0.3,0.79,Single,1st phase,Nursing,Daytime,Secondary education,Portuguese,Specialized course,Basic education or less,Unskilled Workers,Unskilled Workers,Female,Yes,No,Yes,No,Yes,No,0,15,17,8,14.164705882352942,1
20,-0.8,-3.12,Single,1st phase,Management,Daytime,Secondary education,Portuguese,Specialized course,Basic education or less,"Skilled Workers in Industry, Construction, and Craftsmen",Administrative staff,Female,Yes,No,Yes,No,Yes,No,0,10,11,10,12.818181818181818,0
22,3.7,-1.7,Single,Other,Journalism and Communication,Daytime,Secondary education,Other,Specialized course,Basic education or less,"Personal Services, Security and Safety Workers, and Sellers",Unskilled Workers,Female,Yes,No,Yes,No,No,Yes,0,12,14,12,12.238095238095257,0
